timestamp,session,market_state,adx,trend_strength,atr,xgb_prob,xgb_weight,rf_prob,rf_weight,weighted_avg,disagreement,penalty,session_bonus,volatility_adjustment,raw_score,final_score,distance_from_neutral,weak_zone_threshold_used,edge_case,buy_threshold,sell_threshold,regime_conflict,direction,side,stage_reached,decision_reason,confidence_level,conflict,skip_reason
2026-05-05T16:31:07.872019+00:00,London,TRANSITIONING,30.00,0.3333,0.000500,0.620000,0.5833,0.560000,0.4167,0.595000,0.060000,0.018000,0.0100,0.0000,0.587000,0.587000,0.077000,0.0100,False,0.5700,0.4300,False,BUY,BUY,EXECUTION_READY,VALID_SIGNAL,MEDIUM,False,
2026-05-05T16:32:15.063929+00:00,London,TRANSITIONING,30.00,0.3333,0.000500,0.620000,0.5833,0.560000,0.4167,0.595000,0.060000,0.018000,0.0100,0.0000,0.587000,0.587000,0.077000,0.0100,False,0.5700,0.4300,False,BUY,BUY,EXECUTION_READY,VALID_SIGNAL,MEDIUM,False,
2026-05-05T16:32:44.956582+00:00,London,TRANSITIONING,30.00,0.3333,0.000500,0.620000,0.5833,0.560000,0.4167,0.595000,0.060000,0.018000,0.0100,0.0000,0.587000,0.587000,0.077000,0.0100,False,0.5700,0.4300,False,BUY,BUY,EXECUTION_READY,VALID_SIGNAL,MEDIUM,False,
2026-05-05T16:32:44.958094+00:00,London,RF_NOISE,28.00,0.2667,0.000500,0.580000,0.5500,0.550000,0.4500,0.500000,0.030000,0.000000,0.0000,0.0000,0.500000,0.500000,0.000000,0.0000,False,0.6000,0.4000,False,HOLD,NONE,SCORE_FLOOR,RF_NOISE_ZONE,LOW,False,"RF_NOISE_GATE: rf_prob=0.5500 in [0.42, 0.58]"
2026-05-05T16:32:44.959557+00:00,London,RF_NOISE,25.00,0.1667,0.000500,0.520000,0.5500,0.500000,0.4500,0.500000,0.020000,0.000000,0.0000,0.0000,0.500000,0.500000,0.000000,0.0000,False,0.6000,0.4000,False,HOLD,NONE,SCORE_FLOOR,RF_NOISE_ZONE,LOW,False,"RF_NOISE_GATE: rf_prob=0.5000 in [0.42, 0.58]"
2026-05-05T16:32:44.961546+00:00,London,RF_NOISE,32.00,0.4000,0.000500,0.400000,0.5500,0.420000,0.4500,0.500000,0.020000,0.000000,0.0000,0.0000,0.500000,0.500000,0.000000,0.0000,False,0.6000,0.4000,False,HOLD,NONE,SCORE_FLOOR,RF_NOISE_ZONE,LOW,False,"RF_NOISE_GATE: rf_prob=0.4200 in [0.42, 0.58]"
2026-05-05T16:33:23.828012+00:00,London,TRANSITIONING,30.00,0.3333,0.000500,0.620000,0.5833,0.560000,0.4167,0.595000,0.060000,0.018000,0.0100,0.0000,0.587000,0.587000,0.077000,0.0100,False,0.5700,0.4300,False,BUY,BUY,EXECUTION_READY,VALID_SIGNAL,MEDIUM,False,
2026-05-05T16:33:23.828012+00:00,London,RF_NOISE,28.00,0.2667,0.000500,0.580000,0.5500,0.550000,0.4500,0.500000,0.030000,0.000000,0.0000,0.0000,0.500000,0.500000,0.000000,0.0000,False,0.6000,0.4000,False,HOLD,NONE,SCORE_FLOOR,RF_NOISE_ZONE,LOW,False,"RF_NOISE_GATE: rf_prob=0.5500 in [0.42, 0.58]"
2026-05-05T16:33:23.829531+00:00,London,RF_NOISE,25.00,0.1667,0.000500,0.520000,0.5500,0.500000,0.4500,0.500000,0.020000,0.000000,0.0000,0.0000,0.500000,0.500000,0.000000,0.0000,False,0.6000,0.4000,False,HOLD,NONE,SCORE_FLOOR,RF_NOISE_ZONE,LOW,False,"RF_NOISE_GATE: rf_prob=0.5000 in [0.42, 0.58]"
2026-05-05T16:33:23.829531+00:00,London,TRANSITIONING,32.00,0.4000,0.000500,0.400000,0.5900,0.420000,0.4100,0.408200,0.020000,0.006000,0.0100,0.0000,0.424200,0.424200,0.085800,0.0100,False,0.5600,0.4400,False,SELL,SELL,EXECUTION_READY,VALID_SIGNAL,LOW,False,
2026-05-05T16:33:23.829531+00:00,London,TRANSITIONING,35.00,0.5000,0.000500,0.650000,0.6000,0.600000,0.4000,0.630000,0.050000,0.015000,0.0200,0.0000,0.635000,0.635000,0.115000,0.0100,False,0.5600,0.4400,False,BUY,BUY,EXECUTION_READY,VALID_SIGNAL,MEDIUM,False,
2026-05-05T16:34:09.360377+00:00,London,TRANSITIONING,30.00,0.3333,0.000500,0.620000,0.5833,0.560000,0.4167,0.595000,0.060000,0.018000,0.0100,0.0000,0.587000,0.587000,0.077000,0.0100,False,0.5700,0.4300,False,BUY,BUY,EXECUTION_READY,VALID_SIGNAL,MEDIUM,False,
2026-05-05T16:34:09.360377+00:00,London,TRANSITIONING,28.00,0.2667,0.000500,0.580000,0.5767,0.550000,0.4233,0.567300,0.030000,0.009000,-0.0100,0.0000,0.548300,0.548300,0.058300,0.0100,False,0.5700,0.4300,False,HOLD,BUY,THRESHOLD_CHECK,BELOW_THRESHOLD,LOW,False,HOLD: Final 0.5483 between BUY>0.5700 and SELL<0.4300
2026-05-05T16:34:09.360377+00:00,London,RF_NOISE,25.00,0.1667,0.000500,0.520000,0.5500,0.500000,0.4500,0.500000,0.020000,0.000000,0.0000,0.0000,0.500000,0.500000,0.000000,0.0000,False,0.6000,0.4000,False,HOLD,NONE,SCORE_FLOOR,RF_NOISE_ZONE,LOW,False,"RF_NOISE_GATE: rf_prob=0.5000 in [0.42, 0.58]"
2026-05-05T16:34:09.360377+00:00,London,TRANSITIONING,32.00,0.4000,0.000500,0.400000,0.5900,0.420000,0.4100,0.408200,0.020000,0.006000,0.0100,0.0000,0.424200,0.424200,0.085800,0.0100,False,0.5600,0.4400,False,SELL,SELL,EXECUTION_READY,VALID_SIGNAL,LOW,False,
2026-05-05T16:34:09.360377+00:00,London,TRANSITIONING,35.00,0.5000,0.000500,0.650000,0.6000,0.600000,0.4000,0.630000,0.050000,0.015000,0.0200,0.0000,0.635000,0.635000,0.115000,0.0100,False,0.5600,0.4400,False,BUY,BUY,EXECUTION_READY,VALID_SIGNAL,MEDIUM,False,
2026-05-05T16:34:09.360377+00:00,London,TRANSITIONING,35.00,0.5000,0.000500,0.350000,0.6000,0.380000,0.4000,0.362000,0.030000,0.009000,0.0200,0.0000,0.391000,0.391000,0.129000,0.0100,False,0.5600,0.4400,False,SELL,SELL,EXECUTION_READY,VALID_SIGNAL,MEDIUM,False,
2026-05-05T16:34:09.360377+00:00,London,RF_NOISE,22.00,0.0667,0.000500,0.530000,0.5500,0.510000,0.4500,0.500000,0.020000,0.000000,0.0000,0.0000,0.500000,0.500000,0.000000,0.0000,False,0.6000,0.4000,False,HOLD,NONE,SCORE_FLOOR,RF_NOISE_ZONE,LOW,False,"RF_NOISE_GATE: rf_prob=0.5100 in [0.42, 0.58]"
2026-05-05T16:38:49.665808+00:00,London,TRANSITIONING,30.00,0.3333,0.000500,0.620000,0.5833,0.560000,0.4167,0.595000,0.060000,0.018000,0.0100,0.0000,0.587000,0.587000,0.077000,0.0100,False,0.5700,0.4300,False,BUY,BUY,EXECUTION_READY,VALID_SIGNAL,MEDIUM,False,
2026-05-05T16:38:49.668914+00:00,London,TRANSITIONING,35.00,0.5000,0.000500,0.650000,0.6000,0.600000,0.4000,0.630000,0.050000,0.015000,0.0200,0.0000,0.635000,0.635000,0.115000,0.0100,False,0.5600,0.4400,False,BUY,BUY,EXECUTION_READY,VALID_SIGNAL,MEDIUM,False,
2026-05-05T16:38:49.670055+00:00,London,TRANSITIONING,32.00,0.4000,0.000500,0.400000,0.5900,0.420000,0.4100,0.408200,0.020000,0.006000,0.0100,0.0000,0.424200,0.424200,0.085800,0.0100,False,0.5600,0.4400,False,SELL,SELL,EXECUTION_READY,VALID_SIGNAL,LOW,False,
2026-05-05T16:38:49.672572+00:00,London,TRANSITIONING,35.00,0.5000,0.000500,0.350000,0.6000,0.380000,0.4000,0.362000,0.030000,0.009000,0.0200,0.0000,0.391000,0.391000,0.129000,0.0100,False,0.5600,0.4400,False,SELL,SELL,EXECUTION_READY,VALID_SIGNAL,MEDIUM,False,
2026-05-05T16:38:49.673568+00:00,London,RF_NOISE,25.00,0.1667,0.000500,0.520000,0.5500,0.500000,0.4500,0.500000,0.020000,0.000000,0.0000,0.0000,0.500000,0.500000,0.000000,0.0000,False,0.6000,0.4000,False,HOLD,NONE,SCORE_FLOOR,RF_NOISE_ZONE,LOW,False,"RF_NOISE_GATE: rf_prob=0.5000 in [0.42, 0.58]"
2026-05-05T16:38:49.674564+00:00,London,RF_NOISE,22.00,0.0667,0.000500,0.530000,0.5500,0.510000,0.4500,0.500000,0.020000,0.000000,0.0000,0.0000,0.500000,0.500000,0.000000,0.0000,False,0.6000,0.4000,False,HOLD,NONE,SCORE_FLOOR,RF_NOISE_ZONE,LOW,False,"RF_NOISE_GATE: rf_prob=0.5100 in [0.42, 0.58]"
2026-05-05T16:38:49.674733+00:00,London,TRANSITIONING,30.00,0.3333,0.000500,0.580000,0.5833,0.420000,0.4167,0.513333,0.160000,0.048000,0.0100,0.0000,0.475333,0.475333,0.034667,0.0100,False,0.5700,0.4300,False,HOLD,SELL,THRESHOLD_CHECK,BELOW_THRESHOLD,LOW,False,HOLD: Final 0.4753 between BUY>0.5700 and SELL<0.4300
2026-05-05T16:44:39.211924+00:00,London,TRANSITIONING,30.00,0.3333,0.000500,0.620000,0.5833,0.560000,0.4167,0.595000,0.060000,0.018000,0.0100,0.0000,0.587000,0.587000,0.077000,0.0100,False,0.5700,0.4300,False,BUY,BUY,EXECUTION_READY,VALID_SIGNAL,MEDIUM,False,
2026-05-05T19:35:41.149955+00:00,New York,RF_NOISE,18.68,0.0000,0.000449,0.484170,0.5500,0.488869,0.4500,0.500000,0.004699,0.000000,0.0000,0.0000,0.500000,0.500000,0.000000,0.0000,False,0.6000,0.4000,False,HOLD,NONE,SCORE_FLOOR,RF_NOISE_ZONE,LOW,False,"RF_NOISE_GATE: rf_prob=0.4889 in [0.42, 0.58]"
2026-05-05T19:35:42.533831+00:00,New York,RF_NOISE,17.83,0.0000,0.000242,0.474728,0.5500,0.439435,0.4500,0.500000,0.035293,0.000000,0.0000,0.0000,0.500000,0.500000,0.000000,0.0000,False,0.6000,0.4000,False,HOLD,NONE,SCORE_FLOOR,RF_NOISE_ZONE,LOW,False,"RF_NOISE_GATE: rf_prob=0.4394 in [0.42, 0.58]"
2026-05-05T19:35:44.085076+00:00,New York,LOW_VOLATILITY,30.75,0.3583,0.022100,0.562809,0.5500,0.365704,0.4500,0.500000,0.197106,0.000000,0.0000,0.0000,0.500000,0.500000,0.000000,0.0000,False,0.6000,0.4000,False,HOLD,NONE,ATR_FILTER,LOW_ATR,LOW,False,
2026-05-05T19:35:45.616928+00:00,New York,RANGING,19.70,0.0000,4.600165,0.618331,0.5500,0.563946,0.4500,0.593858,0.054385,0.016315,0.0000,-0.0031,0.572885,0.572885,0.077542,0.0100,False,0.5800,0.4200,False,HOLD,BUY,THRESHOLD_CHECK,BELOW_THRESHOLD,LOW,False,HOLD: Final 0.5729 between BUY>0.5800 and SELL<0.4200
2026-05-05T19:35:51.065196+00:00,New York,RANGING,15.93,0.0000,0.000250,0.325299,0.5500,0.414778,0.4500,0.365565,0.089479,0.026844,0.0000,-0.0108,0.363179,0.363179,0.107591,0.0100,False,0.5800,0.4200,False,SELL,SELL,EXECUTION_READY,VALID_SIGNAL,MEDIUM,False,
2026-05-05T19:35:54.301561+00:00,New York,RF_NOISE,15.40,0.0000,2.717437,0.482805,0.5500,0.500924,0.4500,0.500000,0.018119,0.000000,0.0000,0.0000,0.500000,0.500000,0.000000,0.0000,False,0.6000,0.4000,False,HOLD,NONE,SCORE_FLOOR,RF_NOISE_ZONE,LOW,False,"RF_NOISE_GATE: rf_prob=0.5009 in [0.42, 0.58]"
2026-05-05T19:42:54.837091+00:00,New York,RANGING,19.70,0.1343,5.000000,0.618300,0.5634,0.563900,0.4366,0.594551,0.054400,0.016320,0.0000,0.0000,0.578231,0.578231,0.078231,0.0100,False,0.5800,0.4200,False,HOLD,BUY,THRESHOLD_CHECK,BELOW_THRESHOLD,LOW,False,HOLD: Final 0.5782 between BUY>0.5800 and SELL<0.4200
2026-05-05T19:42:54.837091+00:00,New York,TRANSITIONING,25.00,0.2857,5.000000,0.618300,0.5786,0.563900,0.4214,0.595374,0.054400,0.016320,0.0000,0.0000,0.579054,0.579054,0.079054,0.0100,False,0.5700,0.4300,False,BUY,BUY,EXECUTION_READY,VALID_SIGNAL,LOW,False,
2026-05-05T19:45:16.344608+00:00,New York,RANGING,19.70,0.1343,5.000000,0.618300,0.5634,0.563900,0.4366,0.594551,0.054400,0.016320,0.0000,0.0000,0.578231,0.578231,0.078231,0.0100,False,0.5800,0.4200,False,HOLD,BUY,THRESHOLD_CHECK,BELOW_THRESHOLD,LOW,False,HOLD: Final 0.5782 between BUY>0.5800 and SELL<0.4200
2026-05-05T19:45:16.344608+00:00,New York,RANGING,15.90,0.0257,0.000500,0.325300,0.5526,0.414800,0.4474,0.365345,0.089500,0.026850,0.0000,0.0000,0.392195,0.392195,0.107805,0.0100,False,0.5800,0.4200,False,SELL,SELL,EXECUTION_READY,VALID_SIGNAL,MEDIUM,False,
2026-05-05T19:46:25.704204+00:00,London,RANGING,20.00,0.1429,0.000500,0.620000,0.5643,0.560000,0.4357,0.593857,0.060000,0.018000,-0.0100,0.0000,0.565857,0.565857,0.075857,0.0100,False,0.5800,0.4200,False,HOLD,BUY,THRESHOLD_CHECK,BELOW_THRESHOLD,LOW,False,HOLD: Final 0.5659 between BUY>0.5800 and SELL<0.4200
2026-05-05T19:55:01.301623+00:00,New York,RANGING,15.80,0.0229,0.000254,0.269542,0.5523,0.442810,0.4477,0.347116,0.173268,0.051980,0.0000,-0.0105,0.431024,0.431024,0.100904,0.0100,False,0.5800,0.4200,False,HOLD,SELL,THRESHOLD_CHECK,BELOW_THRESHOLD,LOW,False,HOLD: Final 0.4310 between BUY>0.5800 and SELL<0.4200
2026-05-05T19:55:02.497291+00:00,New York,RF_NOISE,18.07,0.0878,0.000244,0.554045,0.5500,0.459002,0.4500,0.500000,0.095044,0.000000,0.0000,0.0000,0.500000,0.500000,0.000000,0.0000,False,0.6000,0.4000,False,HOLD,NONE,SCORE_FLOOR,RF_NOISE_ZONE,LOW,False,"RF_NOISE_GATE: rf_prob=0.4590 in [0.42, 0.58]"
2026-05-05T19:55:03.768259+00:00,New York,LOW_VOLATILITY,30.75,0.4500,0.023404,0.541594,0.5500,0.379398,0.4500,0.500000,0.162196,0.000000,0.0000,0.0000,0.500000,0.500000,0.000000,0.0000,False,0.6000,0.4000,False,HOLD,NONE,ATR_FILTER,LOW_ATR,LOW,False,
2026-05-05T19:55:04.950597+00:00,New York,RANGING,15.34,0.0098,2.964231,0.300115,0.5510,0.430005,0.4490,0.358438,0.129890,0.038967,0.0000,-0.0126,0.421696,0.421696,0.102595,0.0100,False,0.5800,0.4200,False,HOLD,SELL,THRESHOLD_CHECK,BELOW_THRESHOLD,LOW,False,HOLD: Final 0.4217 between BUY>0.5800 and SELL<0.4200
2026-05-05T19:55:12.265778+00:00,New York,RANGING,15.80,0.0229,0.000240,0.305060,0.5523,0.444067,0.4477,0.367294,0.139007,0.041702,0.0000,-0.0116,0.434364,0.434364,0.091003,0.0100,False,0.5800,0.4200,False,HOLD,SELL,THRESHOLD_CHECK,BELOW_THRESHOLD,LOW,False,HOLD: Final 0.4344 between BUY>0.5800 and SELL<0.4200
2026-05-05T19:55:13.461641+00:00,New York,RANGING,15.34,0.0098,2.813215,0.276782,0.5510,0.452531,0.4490,0.355697,0.175749,0.052725,0.0000,-0.0135,0.431832,0.431832,0.091579,0.0100,False,0.5800,0.4200,False,HOLD,SELL,THRESHOLD_CHECK,BELOW_THRESHOLD,LOW,False,HOLD: Final 0.4318 between BUY>0.5800 and SELL<0.4200
2026-05-05T19:55:22.796727+00:00,New York,RANGING,15.80,0.0229,0.000240,0.245967,0.5523,0.442652,0.4477,0.334025,0.196685,0.059005,0.0000,-0.0116,0.418398,0.418398,0.106970,0.0100,False,0.5800,0.4200,False,SELL,SELL,EXECUTION_READY,VALID_SIGNAL,MEDIUM,False,
2026-05-05T19:55:24.762863+00:00,New York,RANGING,15.34,0.0097,2.826786,0.302871,0.5510,0.462339,0.4490,0.374477,0.159469,0.047841,0.0000,-0.0134,0.456103,0.456103,0.077682,0.0100,False,0.5800,0.4200,False,HOLD,SELL,THRESHOLD_CHECK,BELOW_THRESHOLD,LOW,False,HOLD: Final 0.4561 between BUY>0.5800 and SELL<0.4200
2026-05-05T19:55:33.526615+00:00,New York,RANGING,15.80,0.0229,0.000248,0.259039,0.5523,0.424228,0.4477,0.332995,0.165189,0.049557,0.0000,-0.0109,0.408578,0.408578,0.117448,0.0100,False,0.5800,0.4200,False,SELL,SELL,EXECUTION_READY,VALID_SIGNAL,MEDIUM,False,
2026-05-05T19:55:35.129211+00:00,New York,RANGING,15.33,0.0093,2.837500,0.276782,0.5509,0.448814,0.4491,0.354036,0.172033,0.051610,0.0000,-0.0134,0.438097,0.438097,0.094354,0.0100,False,0.5800,0.4200,False,HOLD,SELL,THRESHOLD_CHECK,BELOW_THRESHOLD,LOW,False,HOLD: Final 0.4381 between BUY>0.5800 and SELL<0.4200
2026-05-05T19:55:43.660569+00:00,New York,RANGING,15.80,0.0229,0.000248,0.259039,0.5523,0.424228,0.4477,0.332995,0.165189,0.049557,0.0000,-0.0109,0.408578,0.408578,0.117448,0.0100,False,0.5800,0.4200,False,SELL,SELL,EXECUTION_READY,VALID_SIGNAL,MEDIUM,False,
2026-05-05T19:55:45.175074+00:00,New York,RANGING,15.32,0.0090,2.846786,0.276782,0.5509,0.439144,0.4491,0.349698,0.162363,0.048709,0.0000,-0.0133,0.422017,0.422017,0.101593,0.0100,False,0.5800,0.4200,False,HOLD,SELL,THRESHOLD_CHECK,BELOW_THRESHOLD,LOW,False,HOLD: Final 0.4220 between BUY>0.5800 and SELL<0.4200
2026-05-05T19:55:53.689401+00:00,New York,RANGING,15.80,0.0229,0.000248,0.203595,0.5523,0.409958,0.4477,0.295986,0.206363,0.061909,0.0000,-0.0109,0.383921,0.383921,0.142105,0.0100,False,0.5800,0.4200,False,SELL,SELL,EXECUTION_READY,VALID_SIGNAL,MEDIUM,False,
2026-05-05T19:55:55.349429+00:00,New York,RANGING,15.32,0.0090,2.846786,0.276782,0.5509,0.429128,0.4491,0.345200,0.152346,0.045704,0.0000,-0.0133,0.414513,0.414513,0.109096,0.0100,False,0.5800,0.4200,False,SELL,SELL,EXECUTION_READY,VALID_SIGNAL,MEDIUM,False,
2026-05-05T19:56:04.317121+00:00,New York,RANGING,15.80,0.0229,0.000249,0.265394,0.5523,0.443567,0.4477,0.345164,0.178173,0.053452,0.0000,-0.0108,0.424697,0.424697,0.101384,0.0100,False,0.5800,0.4200,False,HOLD,SELL,THRESHOLD_CHECK,BELOW_THRESHOLD,LOW,False,HOLD: Final 0.4247 between BUY>0.5800 and SELL<0.4200
2026-05-05T19:56:05.615048+00:00,New York,LOW_VOLATILITY,30.75,0.4500,0.022376,0.514625,0.5500,0.401488,0.4500,0.500000,0.113138,0.000000,0.0000,0.0000,0.500000,0.500000,0.000000,0.0000,False,0.6000,0.4000,False,HOLD,NONE,ATR_FILTER,LOW_ATR,LOW,False,
2026-05-05T19:56:06.900171+00:00,New York,RANGING,15.31,0.0088,2.852500,0.276782,0.5509,0.437963,0.4491,0.349171,0.161181,0.048354,0.0000,-0.0133,0.421169,0.421169,0.102475,0.0100,False,0.5800,0.4200,False,HOLD,SELL,THRESHOLD_CHECK,BELOW_THRESHOLD,LOW,False,HOLD: Final 0.4212 between BUY>0.5800 and SELL<0.4200
2026-05-05T19:56:14.632608+00:00,New York,RANGING,15.80,0.0229,0.000249,0.288449,0.5523,0.453505,0.4477,0.362346,0.165056,0.049517,0.0000,-0.0108,0.437944,0.437944,0.088137,0.0100,False,0.5800,0.4200,False,HOLD,SELL,THRESHOLD_CHECK,BELOW_THRESHOLD,LOW,False,HOLD: Final 0.4379 between BUY>0.5800 and SELL<0.4200
2026-05-05T19:56:15.831350+00:00,New York,RANGING,15.31,0.0088,2.852500,0.276782,0.5509,0.436895,0.4491,0.348692,0.160114,0.048034,0.0000,-0.0133,0.420369,0.420369,0.103274,0.0100,False,0.5800,0.4200,False,HOLD,SELL,THRESHOLD_CHECK,BELOW_THRESHOLD,LOW,False,HOLD: Final 0.4204 between BUY>0.5800 and SELL<0.4200
2026-05-05T19:56:25.480064+00:00,New York,RANGING,15.80,0.0229,0.000249,0.265394,0.5523,0.443567,0.4477,0.345164,0.178173,0.053452,0.0000,-0.0108,0.424697,0.424697,0.101384,0.0100,False,0.5800,0.4200,False,HOLD,SELL,THRESHOLD_CHECK,BELOW_THRESHOLD,LOW,False,HOLD: Final 0.4247 between BUY>0.5800 and SELL<0.4200
2026-05-05T19:56:26.665291+00:00,New York,RANGING,15.30,0.0087,2.856786,0.276782,0.5509,0.448437,0.4491,0.353878,0.171655,0.051497,0.0000,-0.0133,0.429043,0.429043,0.094626,0.0100,False,0.5800,0.4200,False,HOLD,SELL,THRESHOLD_CHECK,BELOW_THRESHOLD,LOW,False,HOLD: Final 0.4290 between BUY>0.5800 and SELL<0.4200
2026-05-05T19:56:36.312813+00:00,New York,RANGING,15.80,0.0229,0.000249,0.262531,0.5523,0.443932,0.4477,0.343746,0.181400,0.054420,0.0000,-0.0108,0.424247,0.424247,0.101834,0.0100,False,0.5800,0.4200,False,HOLD,SELL,THRESHOLD_CHECK,BELOW_THRESHOLD,LOW,False,HOLD: Final 0.4242 between BUY>0.5800 and SELL<0.4200
2026-05-05T19:56:37.595036+00:00,New York,RANGING,15.29,0.0082,2.942500,0.276017,0.5508,0.466490,0.4492,0.361574,0.190473,0.057142,0.0000,-0.0127,0.422892,0.422892,0.081284,0.0100,False,0.5800,0.4200,False,HOLD,SELL,THRESHOLD_CHECK,BELOW_THRESHOLD,LOW,False,HOLD: Final 0.4229 between BUY>0.5800 and SELL<0.4200
2026-05-05T19:56:47.210202+00:00,New York,RANGING,15.80,0.0229,0.000249,0.258055,0.5523,0.419389,0.4477,0.330286,0.161334,0.048400,0.0000,-0.0108,0.404767,0.404767,0.121314,0.0100,False,0.5800,0.4200,False,SELL,SELL,EXECUTION_READY,VALID_SIGNAL,MEDIUM,False,
2026-05-05T19:56:58.107791+00:00,New York,RANGING,15.80,0.0229,0.000249,0.258055,0.5523,0.419389,0.4477,0.330286,0.161334,0.048400,0.0000,-0.0108,0.404767,0.404767,0.121314,0.0100,False,0.5800,0.4200,False,SELL,SELL,EXECUTION_READY,VALID_SIGNAL,MEDIUM,False,
2026-05-05T19:57:09.050742+00:00,New York,RANGING,15.80,0.0229,0.000249,0.203595,0.5523,0.412644,0.4477,0.297188,0.209049,0.062715,0.0000,-0.0108,0.385984,0.385984,0.140097,0.0100,False,0.5800,0.4200,False,SELL,SELL,EXECUTION_READY,VALID_SIGNAL,MEDIUM,False,
2026-05-05T19:57:10.565054+00:00,New York,RANGING,15.32,0.0093,2.976072,0.285294,0.5509,0.458048,0.4491,0.362874,0.172753,0.051826,0.0000,-0.0126,0.419074,0.419074,0.085300,0.0100,False,0.5800,0.4200,False,SELL,SELL,EXECUTION_READY,VALID_SIGNAL,MEDIUM,False,
2026-05-05T19:57:19.334873+00:00,New York,RANGING,15.80,0.0229,0.000249,0.262531,0.5523,0.443932,0.4477,0.343746,0.181400,0.054420,0.0000,-0.0108,0.424247,0.424247,0.101834,0.0100,False,0.5800,0.4200,False,HOLD,SELL,THRESHOLD_CHECK,BELOW_THRESHOLD,LOW,False,HOLD: Final 0.4242 between BUY>0.5800 and SELL<0.4200
2026-05-05T19:57:20.521348+00:00,New York,RANGING,15.34,0.0097,2.989643,0.285294,0.5510,0.459743,0.4490,0.363627,0.174448,0.052334,0.0000,-0.0125,0.440416,0.440416,0.084039,0.0100,False,0.5800,0.4200,False,HOLD,SELL,THRESHOLD_CHECK,BELOW_THRESHOLD,LOW,False,HOLD: Final 0.4404 between BUY>0.5800 and SELL<0.4200
2026-05-05T19:57:30.097323+00:00,New York,RANGING,15.80,0.0229,0.000249,0.203595,0.5523,0.412644,0.4477,0.297188,0.209049,0.062715,0.0000,-0.0108,0.385984,0.385984,0.140097,0.0100,False,0.5800,0.4200,False,SELL,SELL,EXECUTION_READY,VALID_SIGNAL,MEDIUM,False,
2026-05-05T19:57:31.655649+00:00,New York,RANGING,15.34,0.0097,2.989643,0.285294,0.5510,0.461647,0.4490,0.364482,0.176352,0.052906,0.0000,-0.0125,0.441842,0.441842,0.082612,0.0100,False,0.5800,0.4200,False,HOLD,SELL,THRESHOLD_CHECK,BELOW_THRESHOLD,LOW,False,HOLD: Final 0.4418 between BUY>0.5800 and SELL<0.4200
2026-05-05T19:57:40.177888+00:00,New York,RANGING,15.80,0.0229,0.000249,0.259039,0.5523,0.426913,0.4477,0.334198,0.167875,0.050362,0.0000,-0.0108,0.410641,0.410641,0.115440,0.0100,False,0.5800,0.4200,False,SELL,SELL,EXECUTION_READY,VALID_SIGNAL,MEDIUM,False,
2026-05-05T19:57:41.627281+00:00,New York,LOW_VOLATILITY,30.75,0.4500,0.023304,0.431297,0.5500,0.408726,0.4500,0.500000,0.022571,0.000000,0.0000,0.0000,0.500000,0.500000,0.000000,0.0000,False,0.6000,0.4000,False,HOLD,NONE,ATR_FILTER,LOW_ATR,LOW,False,
2026-05-05T19:57:51.168291+00:00,New York,RANGING,15.80,0.0229,0.000249,0.306750,0.5523,0.447348,0.4477,0.369697,0.140598,0.042179,0.0000,-0.0108,0.437957,0.437957,0.088124,0.0100,False,0.5800,0.4200,False,HOLD,SELL,THRESHOLD_CHECK,BELOW_THRESHOLD,LOW,False,HOLD: Final 0.4380 between BUY>0.5800 and SELL<0.4200
2026-05-05T19:57:52.596293+00:00,New York,RF_NOISE,18.07,0.0878,0.000242,0.558852,0.5500,0.435753,0.4500,0.500000,0.123099,0.000000,0.0000,0.0000,0.500000,0.500000,0.000000,0.0000,False,0.6000,0.4000,False,HOLD,NONE,SCORE_FLOOR,RF_NOISE_ZONE,LOW,False,"RF_NOISE_GATE: rf_prob=0.4358 in [0.42, 0.58]"
2026-05-05T19:58:02.226719+00:00,New York,RANGING,15.80,0.0229,0.000249,0.297290,0.5523,0.451956,0.4477,0.366535,0.154666,0.046400,0.0000,-0.0108,0.439017,0.439017,0.087065,0.0100,False,0.5800,0.4200,False,HOLD,SELL,THRESHOLD_CHECK,BELOW_THRESHOLD,LOW,False,HOLD: Final 0.4390 between BUY>0.5800 and SELL<0.4200
2026-05-05T19:58:03.421195+00:00,New York,RF_NOISE,18.07,0.0878,0.000243,0.554946,0.5500,0.429642,0.4500,0.500000,0.125304,0.000000,0.0000,0.0000,0.500000,0.500000,0.000000,0.0000,False,0.6000,0.4000,False,HOLD,NONE,SCORE_FLOOR,RF_NOISE_ZONE,LOW,False,"RF_NOISE_GATE: rf_prob=0.4296 in [0.42, 0.58]"
2026-05-05T19:58:04.638713+00:00,New York,RANGING,15.34,0.0097,2.989643,0.279076,0.5510,0.449228,0.4490,0.355480,0.170152,0.051046,0.0000,-0.0125,0.430979,0.430979,0.093475,0.0100,False,0.5800,0.4200,False,HOLD,SELL,THRESHOLD_CHECK,BELOW_THRESHOLD,LOW,False,HOLD: Final 0.4310 between BUY>0.5800 and SELL<0.4200
2026-05-05T19:58:13.161266+00:00,New York,RANGING,15.80,0.0229,0.000249,0.288449,0.5523,0.453505,0.4477,0.362346,0.165056,0.049517,0.0000,-0.0108,0.437944,0.437944,0.088137,0.0100,False,0.5800,0.4200,False,HOLD,SELL,THRESHOLD_CHECK,BELOW_THRESHOLD,LOW,False,HOLD: Final 0.4379 between BUY>0.5800 and SELL<0.4200
2026-05-05T19:58:14.371198+00:00,New York,RF_NOISE,18.07,0.0878,0.000243,0.554946,0.5500,0.432864,0.4500,0.500000,0.122082,0.000000,0.0000,0.0000,0.500000,0.500000,0.000000,0.0000,False,0.6000,0.4000,False,HOLD,NONE,SCORE_FLOOR,RF_NOISE_ZONE,LOW,False,"RF_NOISE_GATE: rf_prob=0.4329 in [0.42, 0.58]"
2026-05-05T19:58:23.950164+00:00,New York,RANGING,15.80,0.0229,0.000249,0.288449,0.5523,0.453505,0.4477,0.362346,0.165056,0.049517,0.0000,-0.0108,0.437944,0.437944,0.088137,0.0100,False,0.5800,0.4200,False,HOLD,SELL,THRESHOLD_CHECK,BELOW_THRESHOLD,LOW,False,HOLD: Final 0.4379 between BUY>0.5800 and SELL<0.4200
2026-05-05T19:58:25.175915+00:00,New York,RF_NOISE,18.07,0.0878,0.000243,0.554946,0.5500,0.429642,0.4500,0.500000,0.125304,0.000000,0.0000,0.0000,0.500000,0.500000,0.000000,0.0000,False,0.6000,0.4000,False,HOLD,NONE,SCORE_FLOOR,RF_NOISE_ZONE,LOW,False,"RF_NOISE_GATE: rf_prob=0.4296 in [0.42, 0.58]"
2026-05-05T19:58:34.049679+00:00,New York,RANGING,15.80,0.0229,0.000249,0.288449,0.5523,0.453505,0.4477,0.362346,0.165056,0.049517,0.0000,-0.0108,0.437944,0.437944,0.088137,0.0100,False,0.5800,0.4200,False,HOLD,SELL,THRESHOLD_CHECK,BELOW_THRESHOLD,LOW,False,HOLD: Final 0.4379 between BUY>0.5800 and SELL<0.4200
2026-05-05T19:58:35.248829+00:00,New York,RF_NOISE,18.07,0.0878,0.000243,0.554946,0.5500,0.432864,0.4500,0.500000,0.122082,0.000000,0.0000,0.0000,0.500000,0.500000,0.000000,0.0000,False,0.6000,0.4000,False,HOLD,NONE,SCORE_FLOOR,RF_NOISE_ZONE,LOW,False,"RF_NOISE_GATE: rf_prob=0.4329 in [0.42, 0.58]"
2026-05-05T19:58:36.517117+00:00,New York,RANGING,15.37,0.0105,3.013929,0.279076,0.5510,0.465364,0.4490,0.362711,0.186287,0.055886,0.0000,-0.0123,0.443195,0.443195,0.081403,0.0100,False,0.5800,0.4200,False,HOLD,SELL,THRESHOLD_CHECK,BELOW_THRESHOLD,LOW,False,HOLD: Final 0.4432 between BUY>0.5800 and SELL<0.4200
2026-05-05T19:58:44.080784+00:00,New York,RANGING,15.80,0.0229,0.000249,0.262531,0.5523,0.443932,0.4477,0.343746,0.181400,0.054420,0.0000,-0.0108,0.424247,0.424247,0.101834,0.0100,False,0.5800,0.4200,False,HOLD,SELL,THRESHOLD_CHECK,BELOW_THRESHOLD,LOW,False,HOLD: Final 0.4242 between BUY>0.5800 and SELL<0.4200
2026-05-05T19:58:45.283071+00:00,New York,RF_NOISE,18.07,0.0878,0.000243,0.554946,0.5500,0.429642,0.4500,0.500000,0.125304,0.000000,0.0000,0.0000,0.500000,0.500000,0.000000,0.0000,False,0.6000,0.4000,False,HOLD,NONE,SCORE_FLOOR,RF_NOISE_ZONE,LOW,False,"RF_NOISE_GATE: rf_prob=0.4296 in [0.42, 0.58]"
2026-05-05T19:58:46.584553+00:00,New York,RANGING,15.37,0.0105,3.013929,0.285839,0.5510,0.456564,0.4490,0.362487,0.170725,0.051217,0.0000,-0.0123,0.446800,0.446800,0.086296,0.0100,False,0.5800,0.4200,False,HOLD,SELL,THRESHOLD_CHECK,BELOW_THRESHOLD,LOW,False,HOLD: Final 0.4468 between BUY>0.5800 and SELL<0.4200
2026-05-05T19:58:54.324804+00:00,New York,RANGING,15.80,0.0229,0.000249,0.258055,0.5523,0.419389,0.4477,0.330286,0.161334,0.048400,0.0000,-0.0108,0.404767,0.404767,0.121314,0.0100,False,0.5800,0.4200,False,SELL,SELL,EXECUTION_READY,VALID_SIGNAL,MEDIUM,False,
2026-05-05T19:58:55.776854+00:00,New York,LOW_VOLATILITY,30.75,0.4500,0.023376,0.533430,0.5500,0.422774,0.4500,0.500000,0.110656,0.000000,0.0000,0.0000,0.500000,0.500000,0.000000,0.0000,False,0.6000,0.4000,False,HOLD,NONE,ATR_FILTER,LOW_ATR,LOW,False,
2026-05-05T19:58:57.076425+00:00,New York,RANGING,15.37,0.0105,3.013929,0.285839,0.5510,0.461211,0.4490,0.364573,0.175372,0.052611,0.0000,-0.0123,0.450559,0.450559,0.082816,0.0100,False,0.5800,0.4200,False,HOLD,SELL,THRESHOLD_CHECK,BELOW_THRESHOLD,LOW,False,HOLD: Final 0.4506 between BUY>0.5800 and SELL<0.4200
2026-05-05T19:59:05.989735+00:00,New York,RANGING,15.80,0.0229,0.000249,0.258055,0.5523,0.419389,0.4477,0.330286,0.161334,0.048400,0.0000,-0.0108,0.404767,0.404767,0.121314,0.0100,False,0.5800,0.4200,False,SELL,SELL,EXECUTION_READY,VALID_SIGNAL,MEDIUM,False,
2026-05-05T19:59:07.607990+00:00,New York,RF_NOISE,18.07,0.0878,0.000243,0.558852,0.5500,0.432370,0.4500,0.500000,0.126482,0.000000,0.0000,0.0000,0.500000,0.500000,0.000000,0.0000,False,0.6000,0.4000,False,HOLD,NONE,SCORE_FLOOR,RF_NOISE_ZONE,LOW,False,"RF_NOISE_GATE: rf_prob=0.4324 in [0.42, 0.58]"
2026-05-05T19:59:08.790589+00:00,New York,RANGING,15.37,0.0105,3.013929,0.304467,0.5510,0.481689,0.4490,0.384031,0.177222,0.053166,0.0000,-0.0123,0.472173,0.472173,0.062802,0.0100,False,0.5800,0.4200,False,HOLD,SELL,THRESHOLD_CHECK,BELOW_THRESHOLD,LOW,False,HOLD: Final 0.4722 between BUY>0.5800 and SELL<0.4200
2026-05-05T19:59:16.239425+00:00,New York,RANGING,15.80,0.0229,0.000249,0.288449,0.5523,0.453505,0.4477,0.362346,0.165056,0.049517,0.0000,-0.0108,0.437944,0.437944,0.088137,0.0100,False,0.5800,0.4200,False,HOLD,SELL,THRESHOLD_CHECK,BELOW_THRESHOLD,LOW,False,HOLD: Final 0.4379 between BUY>0.5800 and SELL<0.4200
2026-05-05T19:59:17.537367+00:00,New York,RF_NOISE,18.07,0.0878,0.000243,0.554946,0.5500,0.432864,0.4500,0.500000,0.122082,0.000000,0.0000,0.0000,0.500000,0.500000,0.000000,0.0000,False,0.6000,0.4000,False,HOLD,NONE,SCORE_FLOOR,RF_NOISE_ZONE,LOW,False,"RF_NOISE_GATE: rf_prob=0.4329 in [0.42, 0.58]"
2026-05-05T19:59:18.769614+00:00,New York,RANGING,15.37,0.0105,3.013929,0.304567,0.5510,0.468673,0.4490,0.378243,0.164106,0.049232,0.0000,-0.0123,0.461673,0.461673,0.072525,0.0100,False,0.5800,0.4200,False,HOLD,SELL,THRESHOLD_CHECK,BELOW_THRESHOLD,LOW,False,HOLD: Final 0.4617 between BUY>0.5800 and SELL<0.4200
2026-05-05T19:59:26.350438+00:00,New York,RANGING,15.80,0.0229,0.000249,0.308122,0.5523,0.443429,0.4477,0.368700,0.135307,0.040592,0.0000,-0.0108,0.435374,0.435374,0.090707,0.0100,False,0.5800,0.4200,False,HOLD,SELL,THRESHOLD_CHECK,BELOW_THRESHOLD,LOW,False,HOLD: Final 0.4354 between BUY>0.5800 and SELL<0.4200
2026-05-05T19:59:27.567857+00:00,New York,RF_NOISE,18.07,0.0878,0.000243,0.554946,0.5500,0.429642,0.4500,0.500000,0.125304,0.000000,0.0000,0.0000,0.500000,0.500000,0.000000,0.0000,False,0.6000,0.4000,False,HOLD,NONE,SCORE_FLOOR,RF_NOISE_ZONE,LOW,False,"RF_NOISE_GATE: rf_prob=0.4296 in [0.42, 0.58]"
2026-05-05T19:59:28.913853+00:00,New York,RANGING,15.37,0.0105,3.013929,0.285839,0.5510,0.453687,0.4490,0.361195,0.167848,0.050354,0.0000,-0.0123,0.444473,0.444473,0.088451,0.0100,False,0.5800,0.4200,False,HOLD,SELL,THRESHOLD_CHECK,BELOW_THRESHOLD,LOW,False,HOLD: Final 0.4445 between BUY>0.5800 and SELL<0.4200
2026-05-05T19:59:36.369371+00:00,New York,RANGING,15.80,0.0229,0.000249,0.308122,0.5523,0.443429,0.4477,0.368700,0.135307,0.040592,0.0000,-0.0108,0.435374,0.435374,0.090707,0.0100,False,0.5800,0.4200,False,HOLD,SELL,THRESHOLD_CHECK,BELOW_THRESHOLD,LOW,False,HOLD: Final 0.4354 between BUY>0.5800 and SELL<0.4200
2026-05-05T19:59:37.613987+00:00,New York,RF_NOISE,18.07,0.0878,0.000243,0.554946,0.5500,0.432864,0.4500,0.500000,0.122082,0.000000,0.0000,0.0000,0.500000,0.500000,0.000000,0.0000,False,0.6000,0.4000,False,HOLD,NONE,SCORE_FLOOR,RF_NOISE_ZONE,LOW,False,"RF_NOISE_GATE: rf_prob=0.4329 in [0.42, 0.58]"
2026-05-05T19:59:38.966726+00:00,New York,RANGING,15.37,0.0105,3.013929,0.304567,0.5510,0.453687,0.4490,0.371515,0.149120,0.044736,0.0000,-0.0123,0.449551,0.449551,0.083749,0.0100,False,0.5800,0.4200,False,HOLD,SELL,THRESHOLD_CHECK,BELOW_THRESHOLD,LOW,False,HOLD: Final 0.4496 between BUY>0.5800 and SELL<0.4200
2026-05-05T19:59:46.402490+00:00,New York,RANGING,15.80,0.0229,0.000253,0.311803,0.5523,0.452239,0.4477,0.374677,0.140436,0.042131,0.0000,-0.0106,0.443164,0.443164,0.083192,0.0100,False,0.5800,0.4200,False,HOLD,SELL,THRESHOLD_CHECK,BELOW_THRESHOLD,LOW,False,HOLD: Final 0.4432 between BUY>0.5800 and SELL<0.4200
2026-05-05T19:59:47.629185+00:00,New York,RF_NOISE,18.07,0.0878,0.000244,0.554946,0.5500,0.430674,0.4500,0.500000,0.124273,0.000000,0.0000,0.0000,0.500000,0.500000,0.000000,0.0000,False,0.6000,0.4000,False,HOLD,NONE,SCORE_FLOOR,RF_NOISE_ZONE,LOW,False,"RF_NOISE_GATE: rf_prob=0.4307 in [0.42, 0.58]"
2026-05-05T19:59:48.797957+00:00,New York,RANGING,15.37,0.0105,3.013929,0.304567,0.5510,0.481079,0.4490,0.383813,0.176512,0.052954,0.0000,-0.0123,0.471708,0.471708,0.063233,0.0100,False,0.5800,0.4200,False,HOLD,SELL,THRESHOLD_CHECK,BELOW_THRESHOLD,LOW,False,HOLD: Final 0.4717 between BUY>0.5800 and SELL<0.4200
2026-05-05T19:59:57.360732+00:00,New York,RANGING,15.80,0.0229,0.000253,0.311803,0.5523,0.452239,0.4477,0.374677,0.140436,0.042131,0.0000,-0.0106,0.443164,0.443164,0.083192,0.0100,False,0.5800,0.4200,False,HOLD,SELL,THRESHOLD_CHECK,BELOW_THRESHOLD,LOW,False,HOLD: Final 0.4432 between BUY>0.5800 and SELL<0.4200
2026-05-05T19:59:58.595222+00:00,New York,RF_NOISE,18.07,0.0878,0.000244,0.558852,0.5500,0.429843,0.4500,0.500000,0.129009,0.000000,0.0000,0.0000,0.500000,0.500000,0.000000,0.0000,False,0.6000,0.4000,False,HOLD,NONE,SCORE_FLOOR,RF_NOISE_ZONE,LOW,False,"RF_NOISE_GATE: rf_prob=0.4298 in [0.42, 0.58]"
2026-05-05T19:59:59.845930+00:00,New York,RANGING,15.37,0.0105,3.034643,0.301636,0.5510,0.445427,0.4490,0.366192,0.143791,0.043137,0.0000,-0.0122,0.442075,0.442075,0.090671,0.0100,False,0.5800,0.4200,False,HOLD,SELL,THRESHOLD_CHECK,BELOW_THRESHOLD,LOW,False,HOLD: Final 0.4421 between BUY>0.5800 and SELL<0.4200
2026-05-05T20:00:07.343922+00:00,New York,RANGING,14.71,0.0000,0.000237,0.252392,0.5500,0.429095,0.4500,0.331908,0.176703,0.053011,0.0000,-0.0117,0.411778,0.411778,0.115081,0.0100,False,0.5800,0.4200,False,SELL,SELL,EXECUTION_READY,VALID_SIGNAL,MEDIUM,False,
2026-05-05T20:00:08.877550+00:00,New York,RANGING,17.16,0.0618,0.000229,0.338773,0.5562,0.427635,0.4438,0.378212,0.088861,0.026658,0.0000,-0.0130,0.390493,0.390493,0.095130,0.0100,False,0.5800,0.4200,False,SELL,SELL,EXECUTION_READY,VALID_SIGNAL,MEDIUM,False,
2026-05-05T20:00:10.480640+00:00,New York,LOW_VOLATILITY,31.00,0.4573,0.022420,0.409249,0.5500,0.400456,0.4500,0.500000,0.008793,0.000000,0.0000,0.0000,0.500000,0.500000,0.000000,0.0000,False,0.6000,0.4000,False,HOLD,NONE,ATR_FILTER,LOW_ATR,LOW,False,
2026-05-05T20:00:11.692633+00:00,New York,RANGING,15.37,0.0105,3.038929,0.285839,0.5510,0.451572,0.4490,0.360246,0.165733,0.049720,0.0000,-0.0122,0.442763,0.442763,0.090034,0.0100,False,0.5800,0.4200,False,HOLD,SELL,THRESHOLD_CHECK,BELOW_THRESHOLD,LOW,False,HOLD: Final 0.4428 between BUY>0.5800 and SELL<0.4200
2026-05-05T20:00:18.072153+00:00,New York,RANGING,14.71,0.0000,0.000238,0.254464,0.5500,0.427651,0.4500,0.332399,0.173187,0.051956,0.0000,-0.0117,0.411268,0.411268,0.115645,0.0100,False,0.5800,0.4200,False,SELL,SELL,EXECUTION_READY,VALID_SIGNAL,MEDIUM,False,
2026-05-05T20:00:19.542673+00:00,New York,RANGING,17.16,0.0618,0.000231,0.361628,0.5562,0.448858,0.4438,0.400342,0.087229,0.026169,0.0000,-0.0129,0.412224,0.412224,0.073489,0.0100,False,0.5800,0.4200,False,SELL,SELL,EXECUTION_READY,VALID_SIGNAL,MEDIUM,False,
2026-05-05T20:00:21.126138+00:00,New York,LOW_VOLATILITY,31.00,0.4573,0.022420,0.409249,0.5500,0.401583,0.4500,0.500000,0.007666,0.000000,0.0000,0.0000,0.500000,0.500000,0.000000,0.0000,False,0.6000,0.4000,False,HOLD,NONE,ATR_FILTER,LOW_ATR,LOW,False,
2026-05-05T20:00:22.341186+00:00,New York,RANGING,15.37,0.0105,3.038929,0.285839,0.5510,0.451572,0.4490,0.360246,0.165733,0.049720,0.0000,-0.0122,0.442763,0.442763,0.090034,0.0100,False,0.5800,0.4200,False,HOLD,SELL,THRESHOLD_CHECK,BELOW_THRESHOLD,LOW,False,HOLD: Final 0.4428 between BUY>0.5800 and SELL<0.4200
2026-05-05T20:00:28.784077+00:00,New York,RANGING,14.71,0.0000,0.000238,0.252392,0.5500,0.429423,0.4500,0.332056,0.177031,0.053109,0.0000,-0.0117,0.412079,0.412079,0.114835,0.0100,False,0.5800,0.4200,False,SELL,SELL,EXECUTION_READY,VALID_SIGNAL,MEDIUM,False,
2026-05-05T20:00:30.374379+00:00,New York,RANGING,17.16,0.0618,0.000231,0.351928,0.5562,0.447338,0.4438,0.394272,0.095410,0.028623,0.0000,-0.0129,0.408608,0.408608,0.077105,0.0100,False,0.5800,0.4200,False,SELL,SELL,EXECUTION_READY,VALID_SIGNAL,MEDIUM,False,
2026-05-05T20:00:31.872837+00:00,New York,RANGING,15.37,0.0105,3.038929,0.285839,0.5510,0.451572,0.4490,0.360246,0.165733,0.049720,0.0000,-0.0122,0.442763,0.442763,0.090034,0.0100,False,0.5800,0.4200,False,HOLD,SELL,THRESHOLD_CHECK,BELOW_THRESHOLD,LOW,False,HOLD: Final 0.4428 between BUY>0.5800 and SELL<0.4200
2026-05-05T20:00:39.303645+00:00,New York,RANGING,14.71,0.0000,0.000242,0.243485,0.5500,0.392781,0.4500,0.310668,0.149296,0.044789,0.0000,-0.0113,0.382700,0.382700,0.144543,0.0100,False,0.5800,0.4200,False,SELL,SELL,EXECUTION_READY,VALID_SIGNAL,MEDIUM,False,
2026-05-05T20:00:40.786830+00:00,New York,RANGING,17.16,0.0618,0.000231,0.361628,0.5562,0.451217,0.4438,0.401390,0.089589,0.026877,0.0000,-0.0129,0.413979,0.413979,0.071734,0.0100,False,0.5800,0.4200,False,SELL,SELL,EXECUTION_READY,VALID_SIGNAL,MEDIUM,False,
2026-05-05T20:00:42.250577+00:00,New York,RANGING,15.37,0.0105,3.038929,0.285839,0.5510,0.451572,0.4490,0.360246,0.165733,0.049720,0.0000,-0.0122,0.442763,0.442763,0.090034,0.0100,False,0.5800,0.4200,False,HOLD,SELL,THRESHOLD_CHECK,BELOW_THRESHOLD,LOW,False,HOLD: Final 0.4428 between BUY>0.5800 and SELL<0.4200
2026-05-05T20:00:49.684345+00:00,New York,RANGING,14.71,0.0000,0.000242,0.252392,0.5500,0.423704,0.4500,0.329482,0.171312,0.051393,0.0000,-0.0113,0.408118,0.408118,0.119124,0.0100,False,0.5800,0.4200,False,SELL,SELL,EXECUTION_READY,VALID_SIGNAL,MEDIUM,False,
2026-05-05T20:00:51.203009+00:00,New York,RANGING,17.16,0.0618,0.000231,0.351928,0.5562,0.447338,0.4438,0.394272,0.095410,0.028623,0.0000,-0.0129,0.408608,0.408608,0.077105,0.0100,False,0.5800,0.4200,False,SELL,SELL,EXECUTION_READY,VALID_SIGNAL,MEDIUM,False,
2026-05-05T20:00:52.719571+00:00,New York,LOW_VOLATILITY,31.00,0.4573,0.022706,0.410745,0.5500,0.412649,0.4500,0.500000,0.001904,0.000000,0.0000,0.0000,0.500000,0.500000,0.000000,0.0000,False,0.6000,0.4000,False,HOLD,NONE,ATR_FILTER,LOW_ATR,LOW,False,
2026-05-05T20:00:53.963846+00:00,New York,RANGING,15.37,0.0105,3.038929,0.285839,0.5510,0.451572,0.4490,0.360246,0.165733,0.049720,0.0000,-0.0122,0.442763,0.442763,0.090034,0.0100,False,0.5800,0.4200,False,HOLD,SELL,THRESHOLD_CHECK,BELOW_THRESHOLD,LOW,False,HOLD: Final 0.4428 between BUY>0.5800 and SELL<0.4200
2026-05-05T20:01:00.379487+00:00,New York,RANGING,14.71,0.0000,0.000242,0.262324,0.5500,0.438602,0.4500,0.341649,0.176278,0.052883,0.0000,-0.0113,0.421775,0.421775,0.105468,0.0100,False,0.5800,0.4200,False,HOLD,SELL,THRESHOLD_CHECK,BELOW_THRESHOLD,LOW,False,HOLD: Final 0.4218 between BUY>0.5800 and SELL<0.4200
2026-05-05T20:01:01.545408+00:00,New York,RANGING,17.16,0.0618,0.000231,0.349128,0.5562,0.436199,0.4438,0.387772,0.087071,0.026121,0.0000,-0.0129,0.399606,0.399606,0.086107,0.0100,False,0.5800,0.4200,False,SELL,SELL,EXECUTION_READY,VALID_SIGNAL,MEDIUM,False,
2026-05-05T20:01:03.002690+00:00,New York,RANGING,15.37,0.0105,3.038929,0.285839,0.5510,0.451572,0.4490,0.360246,0.165733,0.049720,0.0000,-0.0122,0.442763,0.442763,0.090034,0.0100,False,0.5800,0.4200,False,HOLD,SELL,THRESHOLD_CHECK,BELOW_THRESHOLD,LOW,False,HOLD: Final 0.4428 between BUY>0.5800 and SELL<0.4200
2026-05-05T20:01:10.476093+00:00,New York,RANGING,14.71,0.0000,0.000243,0.277014,0.5500,0.443629,0.4500,0.351991,0.166615,0.049984,0.0000,-0.0113,0.429272,0.429272,0.098025,0.0100,False,0.5800,0.4200,False,HOLD,SELL,THRESHOLD_CHECK,BELOW_THRESHOLD,LOW,False,HOLD: Final 0.4293 between BUY>0.5800 and SELL<0.4200
2026-05-05T20:01:11.643074+00:00,New York,RANGING,15.37,0.0105,3.038929,0.285839,0.5510,0.451572,0.4490,0.360246,0.165733,0.049720,0.0000,-0.0122,0.442763,0.442763,0.090034,0.0100,False,0.5800,0.4200,False,HOLD,SELL,THRESHOLD_CHECK,BELOW_THRESHOLD,LOW,False,HOLD: Final 0.4428 between BUY>0.5800 and SELL<0.4200
2026-05-05T20:01:21.193466+00:00,New York,RANGING,14.71,0.0000,0.000243,0.262324,0.5500,0.445321,0.4500,0.344673,0.182998,0.054899,0.0000,-0.0113,0.426869,0.426869,0.100428,0.0100,False,0.5800,0.4200,False,HOLD,SELL,THRESHOLD_CHECK,BELOW_THRESHOLD,LOW,False,HOLD: Final 0.4269 between BUY>0.5800 and SELL<0.4200
2026-05-05T20:01:22.391816+00:00,New York,RANGING,17.16,0.0618,0.000231,0.361628,0.5562,0.448858,0.4438,0.400342,0.087229,0.026169,0.0000,-0.0129,0.412224,0.412224,0.073489,0.0100,False,0.5800,0.4200,False,SELL,SELL,EXECUTION_READY,VALID_SIGNAL,MEDIUM,False,
2026-05-05T20:01:23.969952+00:00,New York,RANGING,15.37,0.0105,3.038929,0.285839,0.5510,0.451572,0.4490,0.360246,0.165733,0.049720,0.0000,-0.0122,0.442763,0.442763,0.090034,0.0100,False,0.5800,0.4200,False,HOLD,SELL,THRESHOLD_CHECK,BELOW_THRESHOLD,LOW,False,HOLD: Final 0.4428 between BUY>0.5800 and SELL<0.4200
2026-05-05T20:01:31.455040+00:00,New York,RANGING,14.71,0.0000,0.000243,0.262324,0.5500,0.445321,0.4500,0.344673,0.182998,0.054899,0.0000,-0.0113,0.426869,0.426869,0.100428,0.0100,False,0.5800,0.4200,False,HOLD,SELL,THRESHOLD_CHECK,BELOW_THRESHOLD,LOW,False,HOLD: Final 0.4269 between BUY>0.5800 and SELL<0.4200
2026-05-05T20:01:32.662801+00:00,New York,RANGING,17.16,0.0618,0.000231,0.351928,0.5562,0.447338,0.4438,0.394272,0.095410,0.028623,0.0000,-0.0129,0.408608,0.408608,0.077105,0.0100,False,0.5800,0.4200,False,SELL,SELL,EXECUTION_READY,VALID_SIGNAL,MEDIUM,False,
2026-05-05T20:01:34.224007+00:00,New York,RANGING,15.37,0.0105,3.038929,0.285839,0.5510,0.451572,0.4490,0.360246,0.165733,0.049720,0.0000,-0.0122,0.442763,0.442763,0.090034,0.0100,False,0.5800,0.4200,False,HOLD,SELL,THRESHOLD_CHECK,BELOW_THRESHOLD,LOW,False,HOLD: Final 0.4428 between BUY>0.5800 and SELL<0.4200
2026-05-05T20:01:41.670287+00:00,New York,RANGING,17.16,0.0618,0.000231,0.338773,0.5562,0.430474,0.4438,0.379472,0.091701,0.027510,0.0000,-0.0129,0.392695,0.392695,0.093018,0.0100,False,0.5800,0.4200,False,SELL,SELL,EXECUTION_READY,VALID_SIGNAL,MEDIUM,False,
2026-05-05T20:01:43.135971+00:00,New York,RANGING,15.37,0.0105,3.038929,0.285839,0.5510,0.451572,0.4490,0.360246,0.165733,0.049720,0.0000,-0.0122,0.442763,0.442763,0.090034,0.0100,False,0.5800,0.4200,False,HOLD,SELL,THRESHOLD_CHECK,BELOW_THRESHOLD,LOW,False,HOLD: Final 0.4428 between BUY>0.5800 and SELL<0.4200
2026-05-05T20:01:52.716160+00:00,New York,RANGING,17.16,0.0618,0.000233,0.322017,0.5562,0.426886,0.4438,0.368560,0.104869,0.031461,0.0000,-0.0127,0.385868,0.385868,0.099980,0.0100,False,0.5800,0.4200,False,SELL,SELL,EXECUTION_READY,VALID_SIGNAL,MEDIUM,False,
2026-05-05T20:01:54.259349+00:00,New York,RANGING,15.37,0.0105,3.038929,0.285839,0.5510,0.451572,0.4490,0.360246,0.165733,0.049720,0.0000,-0.0122,0.442763,0.442763,0.090034,0.0100,False,0.5800,0.4200,False,HOLD,SELL,THRESHOLD_CHECK,BELOW_THRESHOLD,LOW,False,HOLD: Final 0.4428 between BUY>0.5800 and SELL<0.4200
2026-05-05T20:02:02.682139+00:00,New York,RANGING,15.37,0.0105,3.038929,0.285839,0.5510,0.451572,0.4490,0.360246,0.165733,0.049720,0.0000,-0.0122,0.442763,0.442763,0.090034,0.0100,False,0.5800,0.4200,False,HOLD,SELL,THRESHOLD_CHECK,BELOW_THRESHOLD,LOW,False,HOLD: Final 0.4428 between BUY>0.5800 and SELL<0.4200
2026-05-05T20:02:13.259937+00:00,New York,RANGING,14.71,0.0000,0.000246,0.261333,0.5500,0.446515,0.4500,0.344665,0.185183,0.055555,0.0000,-0.0111,0.427736,0.427736,0.099780,0.0100,False,0.5800,0.4200,False,HOLD,SELL,THRESHOLD_CHECK,BELOW_THRESHOLD,LOW,False,HOLD: Final 0.4277 between BUY>0.5800 and SELL<0.4200
2026-05-05T20:02:14.445974+00:00,New York,LOW_VOLATILITY,30.93,0.4551,0.024134,0.457766,0.5500,0.440516,0.4500,0.500000,0.017250,0.000000,0.0000,0.0000,0.500000,0.500000,0.000000,0.0000,False,0.6000,0.4000,False,HOLD,NONE,ATR_FILTER,LOW_ATR,LOW,False,
2026-05-05T20:02:15.713843+00:00,New York,RANGING,15.37,0.0105,3.038929,0.285839,0.5510,0.451572,0.4490,0.360246,0.165733,0.049720,0.0000,-0.0122,0.442763,0.442763,0.090034,0.0100,False,0.5800,0.4200,False,HOLD,SELL,THRESHOLD_CHECK,BELOW_THRESHOLD,LOW,False,HOLD: Final 0.4428 between BUY>0.5800 and SELL<0.4200
2026-05-05T20:02:24.295439+00:00,New York,RANGING,15.37,0.0105,3.038929,0.285839,0.5510,0.451572,0.4490,0.360246,0.165733,0.049720,0.0000,-0.0122,0.442763,0.442763,0.090034,0.0100,False,0.5800,0.4200,False,HOLD,SELL,THRESHOLD_CHECK,BELOW_THRESHOLD,LOW,False,HOLD: Final 0.4428 between BUY>0.5800 and SELL<0.4200
2026-05-05T20:02:34.840081+00:00,New York,RANGING,17.16,0.0618,0.000237,0.312700,0.5562,0.421279,0.4438,0.360889,0.108579,0.032574,0.0000,-0.0125,0.379535,0.379535,0.106537,0.0100,False,0.5800,0.4200,False,SELL,SELL,EXECUTION_READY,VALID_SIGNAL,MEDIUM,False,
2026-05-05T20:02:36.362875+00:00,New York,RANGING,15.37,0.0105,3.038929,0.285839,0.5510,0.451572,0.4490,0.360246,0.165733,0.049720,0.0000,-0.0122,0.442763,0.442763,0.090034,0.0100,False,0.5800,0.4200,False,HOLD,SELL,THRESHOLD_CHECK,BELOW_THRESHOLD,LOW,False,HOLD: Final 0.4428 between BUY>0.5800 and SELL<0.4200
2026-05-05T20:02:44.889434+00:00,New York,RANGING,15.37,0.0105,3.038929,0.285839,0.5510,0.451572,0.4490,0.360246,0.165733,0.049720,0.0000,-0.0122,0.442763,0.442763,0.090034,0.0100,False,0.5800,0.4200,False,HOLD,SELL,THRESHOLD_CHECK,BELOW_THRESHOLD,LOW,False,HOLD: Final 0.4428 between BUY>0.5800 and SELL<0.4200
2026-05-05T20:02:55.435676+00:00,New York,RANGING,15.37,0.0105,3.038929,0.285839,0.5510,0.451572,0.4490,0.360246,0.165733,0.049720,0.0000,-0.0122,0.442763,0.442763,0.090034,0.0100,False,0.5800,0.4200,False,HOLD,SELL,THRESHOLD_CHECK,BELOW_THRESHOLD,LOW,False,HOLD: Final 0.4428 between BUY>0.5800 and SELL<0.4200
2026-05-05T20:03:06.066774+00:00,New York,RANGING,15.37,0.0105,3.038929,0.285839,0.5510,0.451572,0.4490,0.360246,0.165733,0.049720,0.0000,-0.0122,0.442763,0.442763,0.090034,0.0100,False,0.5800,0.4200,False,HOLD,SELL,THRESHOLD_CHECK,BELOW_THRESHOLD,LOW,False,HOLD: Final 0.4428 between BUY>0.5800 and SELL<0.4200
2026-05-05T20:03:16.629077+00:00,New York,RANGING,17.16,0.0618,0.000237,0.342468,0.5562,0.435290,0.4438,0.383664,0.092822,0.027847,0.0000,-0.0125,0.397583,0.397583,0.088489,0.0100,False,0.5800,0.4200,False,SELL,SELL,EXECUTION_READY,VALID_SIGNAL,MEDIUM,False,
2026-05-05T20:03:18.179951+00:00,New York,RANGING,15.37,0.0105,3.038929,0.285839,0.5510,0.451572,0.4490,0.360246,0.165733,0.049720,0.0000,-0.0122,0.442763,0.442763,0.090034,0.0100,False,0.5800,0.4200,False,HOLD,SELL,THRESHOLD_CHECK,BELOW_THRESHOLD,LOW,False,HOLD: Final 0.4428 between BUY>0.5800 and SELL<0.4200
2026-05-05T20:03:27.659279+00:00,New York,RANGING,17.16,0.0618,0.000237,0.329626,0.5562,0.428228,0.4438,0.373387,0.098602,0.029581,0.0000,-0.0125,0.389040,0.389040,0.097032,0.0100,False,0.5800,0.4200,False,SELL,SELL,EXECUTION_READY,VALID_SIGNAL,MEDIUM,False,
2026-05-05T20:03:29.180299+00:00,New York,RANGING,15.37,0.0105,3.038929,0.285839,0.5510,0.451572,0.4490,0.360246,0.165733,0.049720,0.0000,-0.0122,0.442763,0.442763,0.090034,0.0100,False,0.5800,0.4200,False,HOLD,SELL,THRESHOLD_CHECK,BELOW_THRESHOLD,LOW,False,HOLD: Final 0.4428 between BUY>0.5800 and SELL<0.4200
2026-05-05T20:03:37.691545+00:00,New York,RANGING,17.16,0.0618,0.000237,0.342468,0.5562,0.435290,0.4438,0.383664,0.092822,0.027847,0.0000,-0.0125,0.397583,0.397583,0.088489,0.0100,False,0.5800,0.4200,False,SELL,SELL,EXECUTION_READY,VALID_SIGNAL,MEDIUM,False,
2026-05-05T20:03:39.219076+00:00,New York,RANGING,15.37,0.0105,3.038929,0.285839,0.5510,0.451572,0.4490,0.360246,0.165733,0.049720,0.0000,-0.0122,0.442763,0.442763,0.090034,0.0100,False,0.5800,0.4200,False,HOLD,SELL,THRESHOLD_CHECK,BELOW_THRESHOLD,LOW,False,HOLD: Final 0.4428 between BUY>0.5800 and SELL<0.4200
2026-05-05T20:03:47.722010+00:00,New York,RANGING,17.16,0.0618,0.000237,0.351928,0.5562,0.444471,0.4438,0.393000,0.092543,0.027763,0.0000,-0.0125,0.406835,0.406835,0.079237,0.0100,False,0.5800,0.4200,False,SELL,SELL,EXECUTION_READY,VALID_SIGNAL,MEDIUM,False,
2026-05-05T20:03:49.263778+00:00,New York,RANGING,15.37,0.0105,3.038929,0.285839,0.5510,0.451572,0.4490,0.360246,0.165733,0.049720,0.0000,-0.0122,0.442763,0.442763,0.090034,0.0100,False,0.5800,0.4200,False,HOLD,SELL,THRESHOLD_CHECK,BELOW_THRESHOLD,LOW,False,HOLD: Final 0.4428 between BUY>0.5800 and SELL<0.4200
2026-05-05T20:03:58.774459+00:00,New York,RANGING,14.71,0.0000,0.000249,0.299924,0.5500,0.450140,0.4500,0.367521,0.150215,0.045065,0.0000,-0.0108,0.440322,0.440322,0.087414,0.0100,False,0.5800,0.4200,False,HOLD,SELL,THRESHOLD_CHECK,BELOW_THRESHOLD,LOW,False,HOLD: Final 0.4403 between BUY>0.5800 and SELL<0.4200
2026-05-05T20:03:59.955796+00:00,New York,RANGING,17.16,0.0618,0.000237,0.361628,0.5562,0.453709,0.4438,0.402495,0.092080,0.027624,0.0000,-0.0125,0.416191,0.416191,0.069881,0.0100,False,0.5800,0.4200,False,SELL,SELL,EXECUTION_READY,VALID_SIGNAL,MEDIUM,False,
2026-05-05T20:04:01.534360+00:00,New York,RANGING,15.37,0.0105,3.038929,0.285839,0.5510,0.451572,0.4490,0.360246,0.165733,0.049720,0.0000,-0.0122,0.442763,0.442763,0.090034,0.0100,False,0.5800,0.4200,False,HOLD,SELL,THRESHOLD_CHECK,BELOW_THRESHOLD,LOW,False,HOLD: Final 0.4428 between BUY>0.5800 and SELL<0.4200
2026-05-05T20:04:09.032689+00:00,New York,RANGING,14.71,0.0000,0.000249,0.262678,0.5500,0.423370,0.4500,0.334989,0.160692,0.048208,0.0000,-0.0108,0.410933,0.410933,0.116803,0.0100,False,0.5800,0.4200,False,SELL,SELL,EXECUTION_READY,VALID_SIGNAL,MEDIUM,False,
2026-05-05T20:04:10.583452+00:00,New York,RANGING,17.16,0.0618,0.000237,0.322017,0.5562,0.425107,0.4438,0.367770,0.103090,0.030927,0.0000,-0.0125,0.384769,0.384769,0.101303,0.0100,False,0.5800,0.4200,False,SELL,SELL,EXECUTION_READY,VALID_SIGNAL,MEDIUM,False,
2026-05-05T20:04:12.083599+00:00,New York,RANGING,15.37,0.0105,3.038929,0.285839,0.5510,0.451572,0.4490,0.360246,0.165733,0.049720,0.0000,-0.0122,0.442763,0.442763,0.090034,0.0100,False,0.5800,0.4200,False,HOLD,SELL,THRESHOLD_CHECK,BELOW_THRESHOLD,LOW,False,HOLD: Final 0.4428 between BUY>0.5800 and SELL<0.4200
2026-05-05T20:04:19.599177+00:00,New York,RANGING,15.37,0.0105,3.038929,0.285839,0.5510,0.451572,0.4490,0.360246,0.165733,0.049720,0.0000,-0.0122,0.442763,0.442763,0.090034,0.0100,False,0.5800,0.4200,False,HOLD,SELL,THRESHOLD_CHECK,BELOW_THRESHOLD,LOW,False,HOLD: Final 0.4428 between BUY>0.5800 and SELL<0.4200
2026-05-05T20:04:30.177874+00:00,New York,RANGING,14.71,0.0000,0.000249,0.273905,0.5500,0.451664,0.4500,0.353897,0.177760,0.053328,0.0000,-0.0108,0.414961,0.414961,0.092776,0.0100,False,0.5800,0.4200,False,SELL,SELL,EXECUTION_READY,VALID_SIGNAL,MEDIUM,False,
2026-05-05T20:04:31.733431+00:00,New York,RANGING,15.37,0.0105,3.038929,0.285839,0.5510,0.451572,0.4490,0.360246,0.165733,0.049720,0.0000,-0.0122,0.442763,0.442763,0.090034,0.0100,False,0.5800,0.4200,False,HOLD,SELL,THRESHOLD_CHECK,BELOW_THRESHOLD,LOW,False,HOLD: Final 0.4428 between BUY>0.5800 and SELL<0.4200
2026-05-05T20:04:40.225767+00:00,New York,RANGING,15.37,0.0105,3.038929,0.285839,0.5510,0.451572,0.4490,0.360246,0.165733,0.049720,0.0000,-0.0122,0.442763,0.442763,0.090034,0.0100,False,0.5800,0.4200,False,HOLD,SELL,THRESHOLD_CHECK,BELOW_THRESHOLD,LOW,False,HOLD: Final 0.4428 between BUY>0.5800 and SELL<0.4200
2026-05-05T20:04:50.941093+00:00,New York,RANGING,15.37,0.0105,3.038929,0.285839,0.5510,0.451572,0.4490,0.360246,0.165733,0.049720,0.0000,-0.0122,0.442763,0.442763,0.090034,0.0100,False,0.5800,0.4200,False,HOLD,SELL,THRESHOLD_CHECK,BELOW_THRESHOLD,LOW,False,HOLD: Final 0.4428 between BUY>0.5800 and SELL<0.4200
2026-05-05T20:05:01.520452+00:00,New York,RANGING,14.71,0.0000,0.000249,0.273905,0.5500,0.451664,0.4500,0.353897,0.177760,0.053328,0.0000,-0.0108,0.414512,0.414512,0.092776,0.0100,False,0.5800,0.4200,False,SELL,SELL,EXECUTION_READY,VALID_SIGNAL,MEDIUM,False,
2026-05-05T20:05:03.081284+00:00,New York,RANGING,17.16,0.0618,0.000237,0.307316,0.5562,0.421854,0.4438,0.358150,0.114537,0.034361,0.0000,-0.0125,0.368135,0.368135,0.107489,0.0100,False,0.5800,0.4200,False,SELL,SELL,EXECUTION_READY,VALID_SIGNAL,MEDIUM,False,
2026-05-05T20:05:04.520015+00:00,New York,LOW_VOLATILITY,30.93,0.4551,0.024134,0.337994,0.5500,0.429186,0.4500,0.500000,0.091192,0.000000,0.0000,0.0000,0.500000,0.500000,0.000000,0.0000,False,0.6000,0.4000,False,HOLD,NONE,ATR_FILTER,LOW_ATR,LOW,False,
2026-05-05T20:05:05.705104+00:00,New York,RANGING,15.37,0.0105,3.038929,0.285839,0.5510,0.451572,0.4490,0.360246,0.165733,0.049720,0.0000,-0.0122,0.442763,0.442763,0.090034,0.0100,False,0.5800,0.4200,False,HOLD,SELL,THRESHOLD_CHECK,BELOW_THRESHOLD,LOW,False,HOLD: Final 0.4428 between BUY>0.5800 and SELL<0.4200
2026-05-05T20:05:12.151334+00:00,New York,RANGING,15.37,0.0105,3.038929,0.285839,0.5510,0.451572,0.4490,0.360246,0.165733,0.049720,0.0000,-0.0122,0.442763,0.442763,0.090034,0.0100,False,0.5800,0.4200,False,HOLD,SELL,THRESHOLD_CHECK,BELOW_THRESHOLD,LOW,False,HOLD: Final 0.4428 between BUY>0.5800 and SELL<0.4200
2026-05-05T20:05:22.699091+00:00,New York,LOW_VOLATILITY,30.91,0.4546,0.023268,0.437852,0.5500,0.420611,0.4500,0.500000,0.017241,0.000000,0.0000,0.0000,0.500000,0.500000,0.000000,0.0000,False,0.6000,0.4000,False,HOLD,NONE,ATR_FILTER,LOW_ATR,LOW,False,
2026-05-05T20:05:23.899505+00:00,New York,RANGING,15.37,0.0105,3.038929,0.285839,0.5510,0.451572,0.4490,0.360246,0.165733,0.049720,0.0000,-0.0122,0.442763,0.442763,0.090034,0.0100,False,0.5800,0.4200,False,HOLD,SELL,THRESHOLD_CHECK,BELOW_THRESHOLD,LOW,False,HOLD: Final 0.4428 between BUY>0.5800 and SELL<0.4200
2026-05-05T20:05:33.412629+00:00,New York,RANGING,15.37,0.0105,3.038929,0.285839,0.5510,0.451572,0.4490,0.360246,0.165733,0.049720,0.0000,-0.0122,0.442763,0.442763,0.090034,0.0100,False,0.5800,0.4200,False,HOLD,SELL,THRESHOLD_CHECK,BELOW_THRESHOLD,LOW,False,HOLD: Final 0.4428 between BUY>0.5800 and SELL<0.4200
2026-05-05T20:05:43.912521+00:00,New York,RANGING,15.37,0.0105,3.038929,0.285839,0.5510,0.451572,0.4490,0.360246,0.165733,0.049720,0.0000,-0.0122,0.442763,0.442763,0.090034,0.0100,False,0.5800,0.4200,False,HOLD,SELL,THRESHOLD_CHECK,BELOW_THRESHOLD,LOW,False,HOLD: Final 0.4428 between BUY>0.5800 and SELL<0.4200
2026-05-05T20:05:54.591917+00:00,New York,RANGING,15.37,0.0105,3.038929,0.285839,0.5510,0.451572,0.4490,0.360246,0.165733,0.049720,0.0000,-0.0122,0.442763,0.442763,0.090034,0.0100,False,0.5800,0.4200,False,HOLD,SELL,THRESHOLD_CHECK,BELOW_THRESHOLD,LOW,False,HOLD: Final 0.4428 between BUY>0.5800 and SELL<0.4200
2026-05-05T20:06:05.105248+00:00,New York,RANGING,15.37,0.0105,3.038929,0.285839,0.5510,0.451572,0.4490,0.360246,0.165733,0.049720,0.0000,-0.0122,0.442763,0.442763,0.090034,0.0100,False,0.5800,0.4200,False,HOLD,SELL,THRESHOLD_CHECK,BELOW_THRESHOLD,LOW,False,HOLD: Final 0.4428 between BUY>0.5800 and SELL<0.4200
2026-05-05T20:06:15.668721+00:00,New York,RANGING,15.37,0.0105,3.038929,0.285839,0.5510,0.451572,0.4490,0.360246,0.165733,0.049720,0.0000,-0.0122,0.442763,0.442763,0.090034,0.0100,False,0.5800,0.4200,False,HOLD,SELL,THRESHOLD_CHECK,BELOW_THRESHOLD,LOW,False,HOLD: Final 0.4428 between BUY>0.5800 and SELL<0.4200
2026-05-05T20:06:26.217282+00:00,New York,RANGING,15.37,0.0105,3.038929,0.285839,0.5510,0.451572,0.4490,0.360246,0.165733,0.049720,0.0000,-0.0122,0.442763,0.442763,0.090034,0.0100,False,0.5800,0.4200,False,HOLD,SELL,THRESHOLD_CHECK,BELOW_THRESHOLD,LOW,False,HOLD: Final 0.4428 between BUY>0.5800 and SELL<0.4200
2026-05-05T20:06:36.948422+00:00,New York,RANGING,15.37,0.0105,3.038929,0.285839,0.5510,0.451572,0.4490,0.360246,0.165733,0.049720,0.0000,-0.0122,0.442763,0.442763,0.090034,0.0100,False,0.5800,0.4200,False,HOLD,SELL,THRESHOLD_CHECK,BELOW_THRESHOLD,LOW,False,HOLD: Final 0.4428 between BUY>0.5800 and SELL<0.4200
2026-05-05T20:06:47.511357+00:00,New York,RANGING,15.37,0.0105,3.038929,0.285839,0.5510,0.451572,0.4490,0.360246,0.165733,0.049720,0.0000,-0.0122,0.442763,0.442763,0.090034,0.0100,False,0.5800,0.4200,False,HOLD,SELL,THRESHOLD_CHECK,BELOW_THRESHOLD,LOW,False,HOLD: Final 0.4428 between BUY>0.5800 and SELL<0.4200
2026-05-05T20:06:58.075505+00:00,New York,LOW_VOLATILITY,30.86,0.4530,0.023696,0.485682,0.5500,0.450205,0.4500,0.500000,0.035476,0.000000,0.0000,0.0000,0.500000,0.500000,0.000000,0.0000,False,0.6000,0.4000,False,HOLD,NONE,ATR_FILTER,LOW_ATR,LOW,False,
2026-05-05T20:06:59.228653+00:00,New York,RANGING,15.37,0.0105,3.038929,0.285839,0.5510,0.451572,0.4490,0.360246,0.165733,0.049720,0.0000,-0.0122,0.442763,0.442763,0.090034,0.0100,False,0.5800,0.4200,False,HOLD,SELL,THRESHOLD_CHECK,BELOW_THRESHOLD,LOW,False,HOLD: Final 0.4428 between BUY>0.5800 and SELL<0.4200
2026-05-05T20:07:08.757436+00:00,New York,RANGING,15.37,0.0105,3.038929,0.285839,0.5510,0.451572,0.4490,0.360246,0.165733,0.049720,0.0000,-0.0122,0.442763,0.442763,0.090034,0.0100,False,0.5800,0.4200,False,HOLD,SELL,THRESHOLD_CHECK,BELOW_THRESHOLD,LOW,False,HOLD: Final 0.4428 between BUY>0.5800 and SELL<0.4200
2026-05-05T20:07:19.322628+00:00,New York,RANGING,15.37,0.0105,3.038929,0.285839,0.5510,0.451572,0.4490,0.360246,0.165733,0.049720,0.0000,-0.0122,0.442763,0.442763,0.090034,0.0100,False,0.5800,0.4200,False,HOLD,SELL,THRESHOLD_CHECK,BELOW_THRESHOLD,LOW,False,HOLD: Final 0.4428 between BUY>0.5800 and SELL<0.4200
2026-05-05T20:07:30.104048+00:00,New York,RANGING,15.37,0.0105,3.038929,0.285839,0.5510,0.451572,0.4490,0.360246,0.165733,0.049720,0.0000,-0.0122,0.442763,0.442763,0.090034,0.0100,False,0.5800,0.4200,False,HOLD,SELL,THRESHOLD_CHECK,BELOW_THRESHOLD,LOW,False,HOLD: Final 0.4428 between BUY>0.5800 and SELL<0.4200
2026-05-05T20:07:40.782547+00:00,New York,RANGING,15.37,0.0105,3.038929,0.285839,0.5510,0.451572,0.4490,0.360246,0.165733,0.049720,0.0000,-0.0122,0.442763,0.442763,0.090034,0.0100,False,0.5800,0.4200,False,HOLD,SELL,THRESHOLD_CHECK,BELOW_THRESHOLD,LOW,False,HOLD: Final 0.4428 between BUY>0.5800 and SELL<0.4200
2026-05-05T20:07:51.362817+00:00,New York,RANGING,15.37,0.0105,3.038929,0.285839,0.5510,0.451572,0.4490,0.360246,0.165733,0.049720,0.0000,-0.0122,0.442763,0.442763,0.090034,0.0100,False,0.5800,0.4200,False,HOLD,SELL,THRESHOLD_CHECK,BELOW_THRESHOLD,LOW,False,HOLD: Final 0.4428 between BUY>0.5800 and SELL<0.4200
2026-05-05T20:08:02.010192+00:00,New York,RANGING,15.37,0.0105,3.038929,0.285839,0.5510,0.451572,0.4490,0.360246,0.165733,0.049720,0.0000,-0.0122,0.442763,0.442763,0.090034,0.0100,False,0.5800,0.4200,False,HOLD,SELL,THRESHOLD_CHECK,BELOW_THRESHOLD,LOW,False,HOLD: Final 0.4428 between BUY>0.5800 and SELL<0.4200
2026-05-05T20:08:12.574291+00:00,New York,RANGING,15.37,0.0105,3.038929,0.285839,0.5510,0.451572,0.4490,0.360246,0.165733,0.049720,0.0000,-0.0122,0.442763,0.442763,0.090034,0.0100,False,0.5800,0.4200,False,HOLD,SELL,THRESHOLD_CHECK,BELOW_THRESHOLD,LOW,False,HOLD: Final 0.4428 between BUY>0.5800 and SELL<0.4200
2026-05-05T20:08:23.104863+00:00,New York,RANGING,15.37,0.0105,3.038929,0.285839,0.5510,0.451572,0.4490,0.360246,0.165733,0.049720,0.0000,-0.0122,0.442763,0.442763,0.090034,0.0100,False,0.5800,0.4200,False,HOLD,SELL,THRESHOLD_CHECK,BELOW_THRESHOLD,LOW,False,HOLD: Final 0.4428 between BUY>0.5800 and SELL<0.4200
2026-05-05T20:08:33.654184+00:00,New York,RANGING,15.37,0.0105,3.038929,0.285839,0.5510,0.451572,0.4490,0.360246,0.165733,0.049720,0.0000,-0.0122,0.442763,0.442763,0.090034,0.0100,False,0.5800,0.4200,False,HOLD,SELL,THRESHOLD_CHECK,BELOW_THRESHOLD,LOW,False,HOLD: Final 0.4428 between BUY>0.5800 and SELL<0.4200
2026-05-05T20:08:44.384878+00:00,New York,RANGING,15.37,0.0105,3.038929,0.285839,0.5510,0.451572,0.4490,0.360246,0.165733,0.049720,0.0000,-0.0122,0.442763,0.442763,0.090034,0.0100,False,0.5800,0.4200,False,HOLD,SELL,THRESHOLD_CHECK,BELOW_THRESHOLD,LOW,False,HOLD: Final 0.4428 between BUY>0.5800 and SELL<0.4200
2026-05-05T20:08:54.970049+00:00,New York,RANGING,17.16,0.0618,0.000230,0.313800,0.5562,0.412456,0.4438,0.357585,0.098656,0.029597,0.0000,-0.0129,0.372432,0.372432,0.112818,0.0100,False,0.5800,0.4200,False,SELL,SELL,EXECUTION_READY,VALID_SIGNAL,MEDIUM,False,
2026-05-05T20:08:56.565119+00:00,New York,RANGING,15.37,0.0105,3.038929,0.285839,0.5510,0.451572,0.4490,0.360246,0.165733,0.049720,0.0000,-0.0122,0.442763,0.442763,0.090034,0.0100,False,0.5800,0.4200,False,HOLD,SELL,THRESHOLD_CHECK,BELOW_THRESHOLD,LOW,False,HOLD: Final 0.4428 between BUY>0.5800 and SELL<0.4200
2026-05-05T20:09:05.057795+00:00,New York,RANGING,15.37,0.0105,3.038929,0.285839,0.5510,0.451572,0.4490,0.360246,0.165733,0.049720,0.0000,-0.0122,0.442763,0.442763,0.090034,0.0100,False,0.5800,0.4200,False,HOLD,SELL,THRESHOLD_CHECK,BELOW_THRESHOLD,LOW,False,HOLD: Final 0.4428 between BUY>0.5800 and SELL<0.4200
2026-05-05T20:09:15.614894+00:00,New York,RANGING,15.37,0.0105,3.038929,0.285839,0.5510,0.451572,0.4490,0.360246,0.165733,0.049720,0.0000,-0.0122,0.442763,0.442763,0.090034,0.0100,False,0.5800,0.4200,False,HOLD,SELL,THRESHOLD_CHECK,BELOW_THRESHOLD,LOW,False,HOLD: Final 0.4428 between BUY>0.5800 and SELL<0.4200
2026-05-05T20:09:26.174945+00:00,New York,RANGING,15.37,0.0105,3.038929,0.285839,0.5510,0.451572,0.4490,0.360246,0.165733,0.049720,0.0000,-0.0122,0.442763,0.442763,0.090034,0.0100,False,0.5800,0.4200,False,HOLD,SELL,THRESHOLD_CHECK,BELOW_THRESHOLD,LOW,False,HOLD: Final 0.4428 between BUY>0.5800 and SELL<0.4200
2026-05-05T20:09:36.684780+00:00,New York,RANGING,15.37,0.0105,3.038929,0.285839,0.5510,0.451572,0.4490,0.360246,0.165733,0.049720,0.0000,-0.0122,0.442763,0.442763,0.090034,0.0100,False,0.5800,0.4200,False,HOLD,SELL,THRESHOLD_CHECK,BELOW_THRESHOLD,LOW,False,HOLD: Final 0.4428 between BUY>0.5800 and SELL<0.4200
2026-05-05T20:09:47.235252+00:00,New York,RANGING,15.37,0.0105,3.038929,0.285839,0.5510,0.451572,0.4490,0.360246,0.165733,0.049720,0.0000,-0.0122,0.442763,0.442763,0.090034,0.0100,False,0.5800,0.4200,False,HOLD,SELL,THRESHOLD_CHECK,BELOW_THRESHOLD,LOW,False,HOLD: Final 0.4428 between BUY>0.5800 and SELL<0.4200
2026-05-05T20:09:57.751533+00:00,New York,RANGING,15.37,0.0105,3.038929,0.285839,0.5510,0.451572,0.4490,0.360246,0.165733,0.049720,0.0000,-0.0122,0.442763,0.442763,0.090034,0.0100,False,0.5800,0.4200,False,HOLD,SELL,THRESHOLD_CHECK,BELOW_THRESHOLD,LOW,False,HOLD: Final 0.4428 between BUY>0.5800 and SELL<0.4200
2026-05-05T20:10:08.362155+00:00,New York,RANGING,14.71,0.0000,0.000227,0.340100,0.5500,0.468509,0.4500,0.397884,0.128409,0.038523,0.0000,-0.0125,0.442048,0.442048,0.063593,0.0100,False,0.5800,0.4200,False,HOLD,SELL,THRESHOLD_CHECK,BELOW_THRESHOLD,LOW,False,HOLD: Final 0.4420 between BUY>0.5800 and SELL<0.4200
2026-05-05T20:10:09.582097+00:00,New York,RANGING,17.16,0.0618,0.000221,0.334444,0.5562,0.437593,0.4438,0.380223,0.103149,0.030945,0.0000,-0.0135,0.395815,0.395815,0.088832,0.0100,False,0.5800,0.4200,False,SELL,SELL,EXECUTION_READY,VALID_SIGNAL,MEDIUM,False,
2026-05-05T20:10:11.144924+00:00,New York,LOW_VOLATILITY,30.81,0.4517,0.022407,0.473110,0.5500,0.460496,0.4500,0.500000,0.012614,0.000000,0.0000,0.0000,0.500000,0.500000,0.000000,0.0000,False,0.6000,0.4000,False,HOLD,NONE,ATR_FILTER,LOW_ATR,LOW,False,
2026-05-05T20:10:12.380518+00:00,New York,RANGING,15.37,0.0105,3.038929,0.285839,0.5510,0.451572,0.4490,0.360246,0.165733,0.049720,0.0000,-0.0122,0.442763,0.442763,0.090034,0.0100,False,0.5800,0.4200,False,HOLD,SELL,THRESHOLD_CHECK,BELOW_THRESHOLD,LOW,False,HOLD: Final 0.4428 between BUY>0.5800 and SELL<0.4200
2026-05-05T20:10:18.825439+00:00,New York,RANGING,17.16,0.0618,0.000223,0.295255,0.5562,0.414085,0.4438,0.347994,0.118830,0.035649,0.0000,-0.0133,0.368425,0.368425,0.116357,0.0100,False,0.5800,0.4200,False,SELL,SELL,EXECUTION_READY,VALID_SIGNAL,MEDIUM,False,
2026-05-05T20:10:20.483221+00:00,New York,LOW_VOLATILITY,30.79,0.4512,0.022621,0.482567,0.5500,0.477268,0.4500,0.500000,0.005299,0.000000,0.0000,0.0000,0.500000,0.500000,0.000000,0.0000,False,0.6000,0.4000,False,HOLD,NONE,ATR_FILTER,LOW_ATR,LOW,False,
2026-05-05T20:10:21.657605+00:00,New York,RANGING,15.37,0.0105,3.038929,0.285839,0.5510,0.451572,0.4490,0.360246,0.165733,0.049720,0.0000,-0.0122,0.442763,0.442763,0.090034,0.0100,False,0.5800,0.4200,False,HOLD,SELL,THRESHOLD_CHECK,BELOW_THRESHOLD,LOW,False,HOLD: Final 0.4428 between BUY>0.5800 and SELL<0.4200
2026-05-05T20:10:29.140558+00:00,New York,RANGING,17.16,0.0618,0.000223,0.295255,0.5562,0.414085,0.4438,0.347994,0.118830,0.035649,0.0000,-0.0133,0.368425,0.368425,0.116357,0.0100,False,0.5800,0.4200,False,SELL,SELL,EXECUTION_READY,VALID_SIGNAL,MEDIUM,False,
2026-05-05T20:10:30.689891+00:00,New York,RANGING,15.37,0.0105,3.038929,0.285839,0.5510,0.451572,0.4490,0.360246,0.165733,0.049720,0.0000,-0.0122,0.442763,0.442763,0.090034,0.0100,False,0.5800,0.4200,False,HOLD,SELL,THRESHOLD_CHECK,BELOW_THRESHOLD,LOW,False,HOLD: Final 0.4428 between BUY>0.5800 and SELL<0.4200
2026-05-05T20:10:39.240166+00:00,New York,RANGING,17.16,0.0618,0.000224,0.302404,0.5562,0.418537,0.4438,0.353946,0.116132,0.034840,0.0000,-0.0133,0.373658,0.373658,0.111214,0.0100,False,0.5800,0.4200,False,SELL,SELL,EXECUTION_READY,VALID_SIGNAL,MEDIUM,False,
2026-05-05T20:10:40.789268+00:00,New York,RANGING,15.37,0.0105,3.038929,0.285839,0.5510,0.451572,0.4490,0.360246,0.165733,0.049720,0.0000,-0.0122,0.442763,0.442763,0.090034,0.0100,False,0.5800,0.4200,False,HOLD,SELL,THRESHOLD_CHECK,BELOW_THRESHOLD,LOW,False,HOLD: Final 0.4428 between BUY>0.5800 and SELL<0.4200
2026-05-05T20:10:49.283052+00:00,New York,RANGING,17.16,0.0618,0.000224,0.295255,0.5562,0.418274,0.4438,0.349853,0.123019,0.036906,0.0000,-0.0133,0.371631,0.371631,0.113241,0.0100,False,0.5800,0.4200,False,SELL,SELL,EXECUTION_READY,VALID_SIGNAL,MEDIUM,False,
2026-05-05T20:10:50.804777+00:00,New York,RANGING,15.37,0.0105,3.038929,0.285839,0.5510,0.451572,0.4490,0.360246,0.165733,0.049720,0.0000,-0.0122,0.442763,0.442763,0.090034,0.0100,False,0.5800,0.4200,False,HOLD,SELL,THRESHOLD_CHECK,BELOW_THRESHOLD,LOW,False,HOLD: Final 0.4428 between BUY>0.5800 and SELL<0.4200
2026-05-05T20:10:59.369956+00:00,New York,RANGING,17.16,0.0618,0.000224,0.302404,0.5562,0.418537,0.4438,0.353946,0.116132,0.034840,0.0000,-0.0133,0.373658,0.373658,0.111214,0.0100,False,0.5800,0.4200,False,SELL,SELL,EXECUTION_READY,VALID_SIGNAL,MEDIUM,False,
2026-05-05T20:11:00.846373+00:00,New York,RANGING,15.37,0.0105,3.038929,0.285839,0.5510,0.451572,0.4490,0.360246,0.165733,0.049720,0.0000,-0.0122,0.442763,0.442763,0.090034,0.0100,False,0.5800,0.4200,False,HOLD,SELL,THRESHOLD_CHECK,BELOW_THRESHOLD,LOW,False,HOLD: Final 0.4428 between BUY>0.5800 and SELL<0.4200
2026-05-05T20:11:09.334559+00:00,New York,RANGING,17.16,0.0618,0.000224,0.302404,0.5562,0.418537,0.4438,0.353946,0.116132,0.034840,0.0000,-0.0133,0.373658,0.373658,0.111214,0.0100,False,0.5800,0.4200,False,SELL,SELL,EXECUTION_READY,VALID_SIGNAL,MEDIUM,False,
2026-05-05T20:11:10.899236+00:00,New York,RANGING,15.37,0.0105,3.038929,0.285839,0.5510,0.451572,0.4490,0.360246,0.165733,0.049720,0.0000,-0.0122,0.442763,0.442763,0.090034,0.0100,False,0.5800,0.4200,False,HOLD,SELL,THRESHOLD_CHECK,BELOW_THRESHOLD,LOW,False,HOLD: Final 0.4428 between BUY>0.5800 and SELL<0.4200
2026-05-05T20:11:19.428630+00:00,New York,RANGING,17.16,0.0618,0.000224,0.334444,0.5562,0.429441,0.4438,0.376605,0.094997,0.028499,0.0000,-0.0133,0.389977,0.389977,0.094895,0.0100,False,0.5800,0.4200,False,SELL,SELL,EXECUTION_READY,VALID_SIGNAL,MEDIUM,False,
2026-05-05T20:11:20.930727+00:00,New York,RANGING,15.37,0.0105,3.038929,0.285839,0.5510,0.451572,0.4490,0.360246,0.165733,0.049720,0.0000,-0.0122,0.442763,0.442763,0.090034,0.0100,False,0.5800,0.4200,False,HOLD,SELL,THRESHOLD_CHECK,BELOW_THRESHOLD,LOW,False,HOLD: Final 0.4428 between BUY>0.5800 and SELL<0.4200
2026-05-05T20:11:30.446081+00:00,New York,RANGING,17.16,0.0618,0.000224,0.324308,0.5562,0.422260,0.4438,0.367781,0.097953,0.029386,0.0000,-0.0133,0.382039,0.382039,0.102833,0.0100,False,0.5800,0.4200,False,SELL,SELL,EXECUTION_READY,VALID_SIGNAL,MEDIUM,False,
2026-05-05T20:11:32.141161+00:00,New York,RANGING,15.37,0.0105,3.038929,0.285839,0.5510,0.451572,0.4490,0.360246,0.165733,0.049720,0.0000,-0.0122,0.442763,0.442763,0.090034,0.0100,False,0.5800,0.4200,False,HOLD,SELL,THRESHOLD_CHECK,BELOW_THRESHOLD,LOW,False,HOLD: Final 0.4428 between BUY>0.5800 and SELL<0.4200
2026-05-05T20:11:40.735465+00:00,New York,RANGING,17.16,0.0618,0.000224,0.334444,0.5562,0.429441,0.4438,0.376605,0.094997,0.028499,0.0000,-0.0133,0.389977,0.389977,0.094895,0.0100,False,0.5800,0.4200,False,SELL,SELL,EXECUTION_READY,VALID_SIGNAL,MEDIUM,False,
2026-05-05T20:11:42.290052+00:00,New York,RANGING,15.37,0.0105,3.038929,0.285839,0.5510,0.451572,0.4490,0.360246,0.165733,0.049720,0.0000,-0.0122,0.442763,0.442763,0.090034,0.0100,False,0.5800,0.4200,False,HOLD,SELL,THRESHOLD_CHECK,BELOW_THRESHOLD,LOW,False,HOLD: Final 0.4428 between BUY>0.5800 and SELL<0.4200
2026-05-05T20:11:50.733702+00:00,New York,RANGING,17.16,0.0618,0.000224,0.324308,0.5562,0.411838,0.4438,0.363155,0.087531,0.026259,0.0000,-0.0133,0.374287,0.374287,0.110586,0.0100,False,0.5800,0.4200,False,SELL,SELL,EXECUTION_READY,VALID_SIGNAL,MEDIUM,False,
2026-05-05T20:11:52.519174+00:00,New York,RANGING,15.37,0.0105,3.038929,0.285839,0.5510,0.451572,0.4490,0.360246,0.165733,0.049720,0.0000,-0.0122,0.442763,0.442763,0.090034,0.0100,False,0.5800,0.4200,False,HOLD,SELL,THRESHOLD_CHECK,BELOW_THRESHOLD,LOW,False,HOLD: Final 0.4428 between BUY>0.5800 and SELL<0.4200
2026-05-05T20:12:01.032713+00:00,New York,RANGING,17.16,0.0618,0.000224,0.324308,0.5562,0.411838,0.4438,0.363155,0.087531,0.026259,0.0000,-0.0133,0.374287,0.374287,0.110586,0.0100,False,0.5800,0.4200,False,SELL,SELL,EXECUTION_READY,VALID_SIGNAL,MEDIUM,False,
2026-05-05T20:12:02.722492+00:00,New York,RANGING,15.37,0.0105,3.038929,0.285839,0.5510,0.451572,0.4490,0.360246,0.165733,0.049720,0.0000,-0.0122,0.442763,0.442763,0.090034,0.0100,False,0.5800,0.4200,False,HOLD,SELL,THRESHOLD_CHECK,BELOW_THRESHOLD,LOW,False,HOLD: Final 0.4428 between BUY>0.5800 and SELL<0.4200
2026-05-05T20:12:11.301099+00:00,New York,RANGING,17.16,0.0618,0.000224,0.324308,0.5562,0.411838,0.4438,0.363155,0.087531,0.026259,0.0000,-0.0133,0.374287,0.374287,0.110586,0.0100,False,0.5800,0.4200,False,SELL,SELL,EXECUTION_READY,VALID_SIGNAL,MEDIUM,False,
2026-05-05T20:12:12.813827+00:00,New York,RANGING,15.37,0.0105,3.038929,0.285839,0.5510,0.451572,0.4490,0.360246,0.165733,0.049720,0.0000,-0.0122,0.442763,0.442763,0.090034,0.0100,False,0.5800,0.4200,False,HOLD,SELL,THRESHOLD_CHECK,BELOW_THRESHOLD,LOW,False,HOLD: Final 0.4428 between BUY>0.5800 and SELL<0.4200
2026-05-05T20:12:21.245215+00:00,New York,RANGING,17.16,0.0618,0.000224,0.324308,0.5562,0.422260,0.4438,0.367781,0.097953,0.029386,0.0000,-0.0133,0.382039,0.382039,0.102833,0.0100,False,0.5800,0.4200,False,SELL,SELL,EXECUTION_READY,VALID_SIGNAL,MEDIUM,False,
2026-05-05T20:12:22.736219+00:00,New York,RANGING,15.37,0.0105,3.038929,0.285839,0.5510,0.451572,0.4490,0.360246,0.165733,0.049720,0.0000,-0.0122,0.442763,0.442763,0.090034,0.0100,False,0.5800,0.4200,False,HOLD,SELL,THRESHOLD_CHECK,BELOW_THRESHOLD,LOW,False,HOLD: Final 0.4428 between BUY>0.5800 and SELL<0.4200
2026-05-05T20:12:32.243187+00:00,New York,RANGING,15.37,0.0105,3.038929,0.285839,0.5510,0.451572,0.4490,0.360246,0.165733,0.049720,0.0000,-0.0122,0.442763,0.442763,0.090034,0.0100,False,0.5800,0.4200,False,HOLD,SELL,THRESHOLD_CHECK,BELOW_THRESHOLD,LOW,False,HOLD: Final 0.4428 between BUY>0.5800 and SELL<0.4200
2026-05-05T20:12:42.843375+00:00,New York,RANGING,15.37,0.0105,3.038929,0.285839,0.5510,0.451572,0.4490,0.360246,0.165733,0.049720,0.0000,-0.0122,0.442763,0.442763,0.090034,0.0100,False,0.5800,0.4200,False,HOLD,SELL,THRESHOLD_CHECK,BELOW_THRESHOLD,LOW,False,HOLD: Final 0.4428 between BUY>0.5800 and SELL<0.4200
2026-05-05T20:12:53.388029+00:00,New York,RANGING,15.37,0.0105,3.038929,0.285839,0.5510,0.451572,0.4490,0.360246,0.165733,0.049720,0.0000,-0.0122,0.442763,0.442763,0.090034,0.0100,False,0.5800,0.4200,False,HOLD,SELL,THRESHOLD_CHECK,BELOW_THRESHOLD,LOW,False,HOLD: Final 0.4428 between BUY>0.5800 and SELL<0.4200
2026-05-05T20:13:03.936211+00:00,New York,LOW_VOLATILITY,30.79,0.4512,0.023550,0.447419,0.5500,0.456396,0.4500,0.500000,0.008977,0.000000,0.0000,0.0000,0.500000,0.500000,0.000000,0.0000,False,0.6000,0.4000,False,HOLD,NONE,ATR_FILTER,LOW_ATR,LOW,False,
2026-05-05T20:13:05.155040+00:00,New York,RANGING,15.37,0.0105,3.038929,0.285839,0.5510,0.451572,0.4490,0.360246,0.165733,0.049720,0.0000,-0.0122,0.442763,0.442763,0.090034,0.0100,False,0.5800,0.4200,False,HOLD,SELL,THRESHOLD_CHECK,BELOW_THRESHOLD,LOW,False,HOLD: Final 0.4428 between BUY>0.5800 and SELL<0.4200
2026-05-05T20:13:14.815125+00:00,New York,RANGING,15.37,0.0105,3.038929,0.285839,0.5510,0.451572,0.4490,0.360246,0.165733,0.049720,0.0000,-0.0122,0.442763,0.442763,0.090034,0.0100,False,0.5800,0.4200,False,HOLD,SELL,THRESHOLD_CHECK,BELOW_THRESHOLD,LOW,False,HOLD: Final 0.4428 between BUY>0.5800 and SELL<0.4200
2026-05-05T20:13:25.431278+00:00,New York,RANGING,14.71,0.0000,0.000238,0.378512,0.5500,0.432762,0.4500,0.402925,0.054250,0.016275,0.0000,-0.0117,0.445663,0.445663,0.080801,0.0100,False,0.5800,0.4200,False,HOLD,SELL,THRESHOLD_CHECK,BELOW_THRESHOLD,LOW,False,HOLD: Final 0.4457 between BUY>0.5800 and SELL<0.4200
2026-05-05T20:13:26.646297+00:00,New York,RANGING,15.37,0.0105,3.038929,0.285839,0.5510,0.451572,0.4490,0.360246,0.165733,0.049720,0.0000,-0.0122,0.442763,0.442763,0.090034,0.0100,False,0.5800,0.4200,False,HOLD,SELL,THRESHOLD_CHECK,BELOW_THRESHOLD,LOW,False,HOLD: Final 0.4428 between BUY>0.5800 and SELL<0.4200
2026-05-05T20:13:36.181846+00:00,New York,RANGING,17.16,0.0618,0.000231,0.352653,0.5562,0.464144,0.4438,0.402134,0.111491,0.033447,0.0000,-0.0128,0.410858,0.410858,0.064418,0.0100,False,0.5800,0.4200,False,SELL,SELL,EXECUTION_READY,VALID_SIGNAL,MEDIUM,False,
2026-05-05T20:13:37.753642+00:00,New York,RANGING,15.37,0.0105,3.038929,0.285839,0.5510,0.451572,0.4490,0.360246,0.165733,0.049720,0.0000,-0.0122,0.442763,0.442763,0.090034,0.0100,False,0.5800,0.4200,False,HOLD,SELL,THRESHOLD_CHECK,BELOW_THRESHOLD,LOW,False,HOLD: Final 0.4428 between BUY>0.5800 and SELL<0.4200
2026-05-05T20:13:46.298126+00:00,New York,RANGING,15.37,0.0105,3.038929,0.285839,0.5510,0.451572,0.4490,0.360246,0.165733,0.049720,0.0000,-0.0122,0.442763,0.442763,0.090034,0.0100,False,0.5800,0.4200,False,HOLD,SELL,THRESHOLD_CHECK,BELOW_THRESHOLD,LOW,False,HOLD: Final 0.4428 between BUY>0.5800 and SELL<0.4200
2026-05-05T20:13:56.942638+00:00,New York,RANGING,15.37,0.0105,3.038929,0.285839,0.5510,0.451572,0.4490,0.360246,0.165733,0.049720,0.0000,-0.0122,0.442763,0.442763,0.090034,0.0100,False,0.5800,0.4200,False,HOLD,SELL,THRESHOLD_CHECK,BELOW_THRESHOLD,LOW,False,HOLD: Final 0.4428 between BUY>0.5800 and SELL<0.4200
2026-05-05T20:14:07.592089+00:00,New York,RANGING,15.37,0.0105,3.038929,0.285839,0.5510,0.451572,0.4490,0.360246,0.165733,0.049720,0.0000,-0.0122,0.442763,0.442763,0.090034,0.0100,False,0.5800,0.4200,False,HOLD,SELL,THRESHOLD_CHECK,BELOW_THRESHOLD,LOW,False,HOLD: Final 0.4428 between BUY>0.5800 and SELL<0.4200
2026-05-05T20:14:18.169075+00:00,New York,RANGING,15.37,0.0105,3.038929,0.285839,0.5510,0.451572,0.4490,0.360246,0.165733,0.049720,0.0000,-0.0122,0.442763,0.442763,0.090034,0.0100,False,0.5800,0.4200,False,HOLD,SELL,THRESHOLD_CHECK,BELOW_THRESHOLD,LOW,False,HOLD: Final 0.4428 between BUY>0.5800 and SELL<0.4200
2026-05-05T20:14:28.782098+00:00,New York,RANGING,14.71,0.0000,0.000242,0.326290,0.5500,0.443110,0.4500,0.378859,0.116820,0.035046,0.0000,-0.0113,0.440697,0.440697,0.086095,0.0100,False,0.5800,0.4200,False,HOLD,SELL,THRESHOLD_CHECK,BELOW_THRESHOLD,LOW,False,HOLD: Final 0.4407 between BUY>0.5800 and SELL<0.4200
2026-05-05T20:14:29.950349+00:00,New York,RANGING,15.37,0.0105,3.038929,0.285839,0.5510,0.451572,0.4490,0.360246,0.165733,0.049720,0.0000,-0.0122,0.442763,0.442763,0.090034,0.0100,False,0.5800,0.4200,False,HOLD,SELL,THRESHOLD_CHECK,BELOW_THRESHOLD,LOW,False,HOLD: Final 0.4428 between BUY>0.5800 and SELL<0.4200
2026-05-05T20:14:39.545354+00:00,New York,RANGING,14.71,0.0000,0.000242,0.344534,0.5500,0.457086,0.4500,0.395182,0.112551,0.033765,0.0000,-0.0113,0.435740,0.435740,0.071052,0.0100,False,0.5800,0.4200,False,HOLD,SELL,THRESHOLD_CHECK,BELOW_THRESHOLD,LOW,False,HOLD: Final 0.4357 between BUY>0.5800 and SELL<0.4200
2026-05-05T20:14:40.762729+00:00,New York,RANGING,15.37,0.0105,3.038929,0.285839,0.5510,0.451572,0.4490,0.360246,0.165733,0.049720,0.0000,-0.0122,0.442763,0.442763,0.090034,0.0100,False,0.5800,0.4200,False,HOLD,SELL,THRESHOLD_CHECK,BELOW_THRESHOLD,LOW,False,HOLD: Final 0.4428 between BUY>0.5800 and SELL<0.4200
2026-05-05T20:14:50.310329+00:00,New York,RANGING,15.37,0.0105,3.038929,0.285839,0.5510,0.451572,0.4490,0.360246,0.165733,0.049720,0.0000,-0.0122,0.442763,0.442763,0.090034,0.0100,False,0.5800,0.4200,False,HOLD,SELL,THRESHOLD_CHECK,BELOW_THRESHOLD,LOW,False,HOLD: Final 0.4428 between BUY>0.5800 and SELL<0.4200
2026-05-05T20:15:00.924548+00:00,New York,RANGING,15.37,0.0105,3.038929,0.285839,0.5510,0.451572,0.4490,0.360246,0.165733,0.049720,0.0000,-0.0122,0.442763,0.442763,0.090034,0.0100,False,0.5800,0.4200,False,HOLD,SELL,THRESHOLD_CHECK,BELOW_THRESHOLD,LOW,False,HOLD: Final 0.4428 between BUY>0.5800 and SELL<0.4200
2026-05-05T20:15:11.547891+00:00,New York,RF_NOISE,14.71,0.0000,0.000228,0.440144,0.5500,0.465032,0.4500,0.500000,0.024888,0.000000,0.0000,0.0000,0.500000,0.500000,0.000000,0.0000,False,0.6000,0.4000,False,HOLD,NONE,SCORE_FLOOR,RF_NOISE_ZONE,LOW,False,"RF_NOISE_GATE: rf_prob=0.4650 in [0.42, 0.58]"
2026-05-05T20:15:12.737367+00:00,New York,RANGING,17.16,0.0618,0.000222,0.380348,0.5562,0.453740,0.4438,0.412921,0.073391,0.022017,0.0000,-0.0134,0.410053,0.410053,0.065062,0.0100,False,0.5800,0.4200,False,SELL,SELL,EXECUTION_READY,VALID_SIGNAL,MEDIUM,False,
2026-05-05T20:15:14.243827+00:00,New York,LOW_VOLATILITY,30.79,0.4512,0.022582,0.316250,0.5500,0.452169,0.4500,0.500000,0.135919,0.000000,0.0000,0.0000,0.500000,0.500000,0.000000,0.0000,False,0.6000,0.4000,False,HOLD,NONE,ATR_FILTER,LOW_ATR,LOW,False,
2026-05-05T20:15:15.434824+00:00,New York,RANGING,15.37,0.0105,3.038929,0.285839,0.5510,0.451572,0.4490,0.360246,0.165733,0.049720,0.0000,-0.0122,0.442763,0.442763,0.090034,0.0100,False,0.5800,0.4200,False,HOLD,SELL,THRESHOLD_CHECK,BELOW_THRESHOLD,LOW,False,HOLD: Final 0.4428 between BUY>0.5800 and SELL<0.4200
2026-05-05T20:15:21.870331+00:00,New York,RANGING,14.71,0.0000,0.000238,0.367476,0.5500,0.452698,0.4500,0.405826,0.085223,0.025567,0.0000,-0.0117,0.458220,0.458220,0.068607,0.0100,False,0.5800,0.4200,False,HOLD,SELL,THRESHOLD_CHECK,BELOW_THRESHOLD,LOW,False,HOLD: Final 0.4582 between BUY>0.5800 and SELL<0.4200
2026-05-05T20:15:23.054721+00:00,New York,RANGING,15.37,0.0105,3.038929,0.285839,0.5510,0.451572,0.4490,0.360246,0.165733,0.049720,0.0000,-0.0122,0.442763,0.442763,0.090034,0.0100,False,0.5800,0.4200,False,HOLD,SELL,THRESHOLD_CHECK,BELOW_THRESHOLD,LOW,False,HOLD: Final 0.4428 between BUY>0.5800 and SELL<0.4200
2026-05-05T20:15:32.846199+00:00,New York,RANGING,14.71,0.0000,0.000238,0.423245,0.5500,0.464179,0.4500,0.441666,0.040934,0.012280,0.0000,-0.0117,0.480773,0.480773,0.046054,0.0100,False,0.5800,0.4200,False,HOLD,SELL,THRESHOLD_CHECK,BELOW_THRESHOLD,LOW,False,HOLD: Final 0.4808 between BUY>0.5800 and SELL<0.4200
2026-05-05T20:15:34.017751+00:00,New York,RANGING,15.37,0.0105,3.038929,0.285839,0.5510,0.451572,0.4490,0.360246,0.165733,0.049720,0.0000,-0.0122,0.442763,0.442763,0.090034,0.0100,False,0.5800,0.4200,False,HOLD,SELL,THRESHOLD_CHECK,BELOW_THRESHOLD,LOW,False,HOLD: Final 0.4428 between BUY>0.5800 and SELL<0.4200
2026-05-05T20:15:43.597226+00:00,New York,RANGING,14.71,0.0000,0.000238,0.423245,0.5500,0.464179,0.4500,0.441666,0.040934,0.012280,0.0000,-0.0117,0.480773,0.480773,0.046054,0.0100,False,0.5800,0.4200,False,HOLD,SELL,THRESHOLD_CHECK,BELOW_THRESHOLD,LOW,False,HOLD: Final 0.4808 between BUY>0.5800 and SELL<0.4200
2026-05-05T20:15:44.796394+00:00,New York,RANGING,15.37,0.0105,3.038929,0.285839,0.5510,0.451572,0.4490,0.360246,0.165733,0.049720,0.0000,-0.0122,0.442763,0.442763,0.090034,0.0100,False,0.5800,0.4200,False,HOLD,SELL,THRESHOLD_CHECK,BELOW_THRESHOLD,LOW,False,HOLD: Final 0.4428 between BUY>0.5800 and SELL<0.4200
2026-05-05T20:15:54.329913+00:00,New York,RANGING,15.37,0.0105,3.038929,0.285839,0.5510,0.451572,0.4490,0.360246,0.165733,0.049720,0.0000,-0.0122,0.442763,0.442763,0.090034,0.0100,False,0.5800,0.4200,False,HOLD,SELL,THRESHOLD_CHECK,BELOW_THRESHOLD,LOW,False,HOLD: Final 0.4428 between BUY>0.5800 and SELL<0.4200
2026-05-05T20:16:04.913764+00:00,New York,RANGING,14.71,0.0000,0.000238,0.423245,0.5500,0.464179,0.4500,0.441666,0.040934,0.012280,0.0000,-0.0117,0.480773,0.480773,0.046054,0.0100,False,0.5800,0.4200,False,HOLD,SELL,THRESHOLD_CHECK,BELOW_THRESHOLD,LOW,False,HOLD: Final 0.4808 between BUY>0.5800 and SELL<0.4200
2026-05-05T20:16:06.157614+00:00,New York,RANGING,15.37,0.0105,3.038929,0.285839,0.5510,0.451572,0.4490,0.360246,0.165733,0.049720,0.0000,-0.0122,0.442763,0.442763,0.090034,0.0100,False,0.5800,0.4200,False,HOLD,SELL,THRESHOLD_CHECK,BELOW_THRESHOLD,LOW,False,HOLD: Final 0.4428 between BUY>0.5800 and SELL<0.4200
2026-05-05T20:16:15.638261+00:00,New York,RANGING,15.37,0.0105,3.038929,0.285839,0.5510,0.451572,0.4490,0.360246,0.165733,0.049720,0.0000,-0.0122,0.442763,0.442763,0.090034,0.0100,False,0.5800,0.4200,False,HOLD,SELL,THRESHOLD_CHECK,BELOW_THRESHOLD,LOW,False,HOLD: Final 0.4428 between BUY>0.5800 and SELL<0.4200
2026-05-05T20:16:26.219087+00:00,New York,RANGING,14.71,0.0000,0.000238,0.423245,0.5500,0.464179,0.4500,0.441666,0.040934,0.012280,0.0000,-0.0117,0.480773,0.480773,0.046054,0.0100,False,0.5800,0.4200,False,HOLD,SELL,THRESHOLD_CHECK,BELOW_THRESHOLD,LOW,False,HOLD: Final 0.4808 between BUY>0.5800 and SELL<0.4200
2026-05-05T20:16:27.402299+00:00,New York,RANGING,15.37,0.0105,3.038929,0.285839,0.5510,0.451572,0.4490,0.360246,0.165733,0.049720,0.0000,-0.0122,0.442763,0.442763,0.090034,0.0100,False,0.5800,0.4200,False,HOLD,SELL,THRESHOLD_CHECK,BELOW_THRESHOLD,LOW,False,HOLD: Final 0.4428 between BUY>0.5800 and SELL<0.4200
2026-05-05T20:16:36.953873+00:00,New York,RANGING,14.71,0.0000,0.000238,0.423245,0.5500,0.464179,0.4500,0.441666,0.040934,0.012280,0.0000,-0.0117,0.480773,0.480773,0.046054,0.0100,False,0.5800,0.4200,False,HOLD,SELL,THRESHOLD_CHECK,BELOW_THRESHOLD,LOW,False,HOLD: Final 0.4808 between BUY>0.5800 and SELL<0.4200
2026-05-05T20:16:38.152701+00:00,New York,RANGING,15.37,0.0105,3.038929,0.285839,0.5510,0.451572,0.4490,0.360246,0.165733,0.049720,0.0000,-0.0122,0.442763,0.442763,0.090034,0.0100,False,0.5800,0.4200,False,HOLD,SELL,THRESHOLD_CHECK,BELOW_THRESHOLD,LOW,False,HOLD: Final 0.4428 between BUY>0.5800 and SELL<0.4200
2026-05-05T20:16:47.698191+00:00,New York,RANGING,14.71,0.0000,0.000238,0.347833,0.5500,0.436588,0.4500,0.387773,0.088755,0.026627,0.0000,-0.0117,0.441227,0.441227,0.085601,0.0100,False,0.5800,0.4200,False,HOLD,SELL,THRESHOLD_CHECK,BELOW_THRESHOLD,LOW,False,HOLD: Final 0.4412 between BUY>0.5800 and SELL<0.4200
2026-05-05T20:16:48.860720+00:00,New York,RANGING,15.37,0.0105,3.038929,0.285839,0.5510,0.451572,0.4490,0.360246,0.165733,0.049720,0.0000,-0.0122,0.442763,0.442763,0.090034,0.0100,False,0.5800,0.4200,False,HOLD,SELL,THRESHOLD_CHECK,BELOW_THRESHOLD,LOW,False,HOLD: Final 0.4428 between BUY>0.5800 and SELL<0.4200
2026-05-05T20:16:58.377809+00:00,New York,RANGING,14.71,0.0000,0.000238,0.418931,0.5500,0.456990,0.4500,0.436058,0.038059,0.011418,0.0000,-0.0117,0.474303,0.474303,0.052525,0.0100,False,0.5800,0.4200,False,HOLD,SELL,THRESHOLD_CHECK,BELOW_THRESHOLD,LOW,False,HOLD: Final 0.4743 between BUY>0.5800 and SELL<0.4200
2026-05-05T20:16:59.545521+00:00,New York,RANGING,15.37,0.0105,3.038929,0.285839,0.5510,0.451572,0.4490,0.360246,0.165733,0.049720,0.0000,-0.0122,0.442763,0.442763,0.090034,0.0100,False,0.5800,0.4200,False,HOLD,SELL,THRESHOLD_CHECK,BELOW_THRESHOLD,LOW,False,HOLD: Final 0.4428 between BUY>0.5800 and SELL<0.4200
2026-05-05T20:17:09.078157+00:00,New York,RANGING,14.71,0.0000,0.000238,0.423245,0.5500,0.464179,0.4500,0.441666,0.040934,0.012280,0.0000,-0.0117,0.480773,0.480773,0.046054,0.0100,False,0.5800,0.4200,False,HOLD,SELL,THRESHOLD_CHECK,BELOW_THRESHOLD,LOW,False,HOLD: Final 0.4808 between BUY>0.5800 and SELL<0.4200
2026-05-05T20:17:10.244294+00:00,New York,RANGING,15.37,0.0105,3.038929,0.285839,0.5510,0.451572,0.4490,0.360246,0.165733,0.049720,0.0000,-0.0122,0.442763,0.442763,0.090034,0.0100,False,0.5800,0.4200,False,HOLD,SELL,THRESHOLD_CHECK,BELOW_THRESHOLD,LOW,False,HOLD: Final 0.4428 between BUY>0.5800 and SELL<0.4200
2026-05-05T20:17:19.808034+00:00,New York,RANGING,14.71,0.0000,0.000238,0.396332,0.5500,0.447112,0.4500,0.419183,0.050781,0.015234,0.0000,-0.0117,0.461245,0.461245,0.065583,0.0100,False,0.5800,0.4200,False,HOLD,SELL,THRESHOLD_CHECK,BELOW_THRESHOLD,LOW,False,HOLD: Final 0.4612 between BUY>0.5800 and SELL<0.4200
2026-05-05T20:17:21.016196+00:00,New York,RANGING,17.18,0.0623,0.000223,0.380348,0.5562,0.468695,0.4438,0.419554,0.088346,0.026504,0.0000,-0.0133,0.421262,0.421262,0.053942,0.0100,False,0.5800,0.4200,False,HOLD,SELL,THRESHOLD_CHECK,BELOW_THRESHOLD,LOW,False,HOLD: Final 0.4213 between BUY>0.5800 and SELL<0.4200
2026-05-05T20:17:22.242566+00:00,New York,RANGING,15.37,0.0105,3.038929,0.285839,0.5510,0.451572,0.4490,0.360246,0.165733,0.049720,0.0000,-0.0122,0.442763,0.442763,0.090034,0.0100,False,0.5800,0.4200,False,HOLD,SELL,THRESHOLD_CHECK,BELOW_THRESHOLD,LOW,False,HOLD: Final 0.4428 between BUY>0.5800 and SELL<0.4200
2026-05-05T20:17:30.838368+00:00,New York,RANGING,14.71,0.0000,0.000238,0.407576,0.5500,0.453917,0.4500,0.428429,0.046341,0.013902,0.0000,-0.0117,0.469160,0.469160,0.057668,0.0100,False,0.5800,0.4200,False,HOLD,SELL,THRESHOLD_CHECK,BELOW_THRESHOLD,LOW,False,HOLD: Final 0.4692 between BUY>0.5800 and SELL<0.4200
2026-05-05T20:17:32.020925+00:00,New York,RANGING,15.37,0.0105,3.038929,0.285839,0.5510,0.451572,0.4490,0.360246,0.165733,0.049720,0.0000,-0.0122,0.442763,0.442763,0.090034,0.0100,False,0.5800,0.4200,False,HOLD,SELL,THRESHOLD_CHECK,BELOW_THRESHOLD,LOW,False,HOLD: Final 0.4428 between BUY>0.5800 and SELL<0.4200
2026-05-05T20:17:41.554583+00:00,New York,RANGING,14.71,0.0000,0.000238,0.367476,0.5500,0.452698,0.4500,0.405826,0.085223,0.025567,0.0000,-0.0117,0.458220,0.458220,0.068607,0.0100,False,0.5800,0.4200,False,HOLD,SELL,THRESHOLD_CHECK,BELOW_THRESHOLD,LOW,False,HOLD: Final 0.4582 between BUY>0.5800 and SELL<0.4200
2026-05-05T20:17:42.750062+00:00,New York,RANGING,15.37,0.0105,3.038929,0.285839,0.5510,0.451572,0.4490,0.360246,0.165733,0.049720,0.0000,-0.0122,0.442763,0.442763,0.090034,0.0100,False,0.5800,0.4200,False,HOLD,SELL,THRESHOLD_CHECK,BELOW_THRESHOLD,LOW,False,HOLD: Final 0.4428 between BUY>0.5800 and SELL<0.4200
2026-05-05T20:17:52.415623+00:00,New York,RANGING,14.71,0.0000,0.000238,0.402061,0.5500,0.451187,0.4500,0.424168,0.049126,0.014738,0.0000,-0.0117,0.465733,0.465733,0.061094,0.0100,False,0.5800,0.4200,False,HOLD,SELL,THRESHOLD_CHECK,BELOW_THRESHOLD,LOW,False,HOLD: Final 0.4657 between BUY>0.5800 and SELL<0.4200
2026-05-05T20:17:53.577868+00:00,New York,RANGING,15.37,0.0105,3.038929,0.285839,0.5510,0.451572,0.4490,0.360246,0.165733,0.049720,0.0000,-0.0122,0.442763,0.442763,0.090034,0.0100,False,0.5800,0.4200,False,HOLD,SELL,THRESHOLD_CHECK,BELOW_THRESHOLD,LOW,False,HOLD: Final 0.4428 between BUY>0.5800 and SELL<0.4200
2026-05-05T20:18:03.149480+00:00,New York,RANGING,14.71,0.0000,0.000238,0.407576,0.5500,0.453917,0.4500,0.428429,0.046341,0.013902,0.0000,-0.0117,0.469160,0.469160,0.057668,0.0100,False,0.5800,0.4200,False,HOLD,SELL,THRESHOLD_CHECK,BELOW_THRESHOLD,LOW,False,HOLD: Final 0.4692 between BUY>0.5800 and SELL<0.4200
2026-05-05T20:18:04.325237+00:00,New York,RANGING,15.37,0.0105,3.038929,0.285839,0.5510,0.451572,0.4490,0.360246,0.165733,0.049720,0.0000,-0.0122,0.442763,0.442763,0.090034,0.0100,False,0.5800,0.4200,False,HOLD,SELL,THRESHOLD_CHECK,BELOW_THRESHOLD,LOW,False,HOLD: Final 0.4428 between BUY>0.5800 and SELL<0.4200
2026-05-05T20:18:13.843948+00:00,New York,RANGING,14.71,0.0000,0.000238,0.367476,0.5500,0.452698,0.4500,0.405826,0.085223,0.025567,0.0000,-0.0117,0.458220,0.458220,0.068607,0.0100,False,0.5800,0.4200,False,HOLD,SELL,THRESHOLD_CHECK,BELOW_THRESHOLD,LOW,False,HOLD: Final 0.4582 between BUY>0.5800 and SELL<0.4200
2026-05-05T20:18:15.034979+00:00,New York,RANGING,15.37,0.0105,3.038929,0.285839,0.5510,0.451572,0.4490,0.360246,0.165733,0.049720,0.0000,-0.0122,0.442763,0.442763,0.090034,0.0100,False,0.5800,0.4200,False,HOLD,SELL,THRESHOLD_CHECK,BELOW_THRESHOLD,LOW,False,HOLD: Final 0.4428 between BUY>0.5800 and SELL<0.4200
2026-05-05T20:18:24.559416+00:00,New York,RANGING,14.71,0.0000,0.000238,0.367476,0.5500,0.452698,0.4500,0.405826,0.085223,0.025567,0.0000,-0.0117,0.458220,0.458220,0.068607,0.0100,False,0.5800,0.4200,False,HOLD,SELL,THRESHOLD_CHECK,BELOW_THRESHOLD,LOW,False,HOLD: Final 0.4582 between BUY>0.5800 and SELL<0.4200
2026-05-05T20:18:25.754753+00:00,New York,RANGING,17.18,0.0623,0.000223,0.346193,0.5562,0.452062,0.4438,0.393174,0.105870,0.031761,0.0000,-0.0133,0.430140,0.430140,0.075065,0.0100,False,0.5800,0.4200,False,HOLD,SELL,THRESHOLD_CHECK,BELOW_THRESHOLD,LOW,False,HOLD: Final 0.4301 between BUY>0.5800 and SELL<0.4200
2026-05-05T20:18:26.975964+00:00,New York,RANGING,15.37,0.0105,3.038929,0.285839,0.5510,0.451572,0.4490,0.360246,0.165733,0.049720,0.0000,-0.0122,0.442763,0.442763,0.090034,0.0100,False,0.5800,0.4200,False,HOLD,SELL,THRESHOLD_CHECK,BELOW_THRESHOLD,LOW,False,HOLD: Final 0.4428 between BUY>0.5800 and SELL<0.4200
2026-05-05T20:18:35.472119+00:00,New York,RANGING,14.71,0.0000,0.000238,0.367476,0.5500,0.452698,0.4500,0.405826,0.085223,0.025567,0.0000,-0.0117,0.458220,0.458220,0.068607,0.0100,False,0.5800,0.4200,False,HOLD,SELL,THRESHOLD_CHECK,BELOW_THRESHOLD,LOW,False,HOLD: Final 0.4582 between BUY>0.5800 and SELL<0.4200
2026-05-05T20:18:36.667612+00:00,New York,RANGING,17.18,0.0623,0.000223,0.372896,0.5562,0.452188,0.4438,0.408083,0.079292,0.023788,0.0000,-0.0133,0.437075,0.437075,0.068129,0.0100,False,0.5800,0.4200,False,HOLD,SELL,THRESHOLD_CHECK,BELOW_THRESHOLD,LOW,False,HOLD: Final 0.4371 between BUY>0.5800 and SELL<0.4200
2026-05-05T20:18:37.895320+00:00,New York,RANGING,15.37,0.0105,3.038929,0.285839,0.5510,0.451572,0.4490,0.360246,0.165733,0.049720,0.0000,-0.0122,0.442763,0.442763,0.090034,0.0100,False,0.5800,0.4200,False,HOLD,SELL,THRESHOLD_CHECK,BELOW_THRESHOLD,LOW,False,HOLD: Final 0.4428 between BUY>0.5800 and SELL<0.4200
2026-05-05T20:18:46.434872+00:00,New York,RANGING,14.71,0.0000,0.000238,0.396332,0.5500,0.447112,0.4500,0.419183,0.050781,0.015234,0.0000,-0.0117,0.461245,0.461245,0.065583,0.0100,False,0.5800,0.4200,False,HOLD,SELL,THRESHOLD_CHECK,BELOW_THRESHOLD,LOW,False,HOLD: Final 0.4612 between BUY>0.5800 and SELL<0.4200
2026-05-05T20:18:47.606960+00:00,New York,RANGING,15.37,0.0105,3.038929,0.285839,0.5510,0.451572,0.4490,0.360246,0.165733,0.049720,0.0000,-0.0122,0.442763,0.442763,0.090034,0.0100,False,0.5800,0.4200,False,HOLD,SELL,THRESHOLD_CHECK,BELOW_THRESHOLD,LOW,False,HOLD: Final 0.4428 between BUY>0.5800 and SELL<0.4200
2026-05-05T20:18:57.199581+00:00,New York,RANGING,14.71,0.0000,0.000238,0.360021,0.5500,0.451045,0.4500,0.400981,0.091024,0.027307,0.0000,-0.0117,0.455116,0.455116,0.071711,0.0100,False,0.5800,0.4200,False,HOLD,SELL,THRESHOLD_CHECK,BELOW_THRESHOLD,LOW,False,HOLD: Final 0.4551 between BUY>0.5800 and SELL<0.4200
2026-05-05T20:18:58.368285+00:00,New York,RANGING,17.18,0.0623,0.000223,0.372896,0.5562,0.452188,0.4438,0.408083,0.079292,0.023788,0.0000,-0.0133,0.437075,0.437075,0.068129,0.0100,False,0.5800,0.4200,False,HOLD,SELL,THRESHOLD_CHECK,BELOW_THRESHOLD,LOW,False,HOLD: Final 0.4371 between BUY>0.5800 and SELL<0.4200
2026-05-05T20:18:59.616809+00:00,New York,RANGING,15.37,0.0105,3.038929,0.285839,0.5510,0.451572,0.4490,0.360246,0.165733,0.049720,0.0000,-0.0122,0.442763,0.442763,0.090034,0.0100,False,0.5800,0.4200,False,HOLD,SELL,THRESHOLD_CHECK,BELOW_THRESHOLD,LOW,False,HOLD: Final 0.4428 between BUY>0.5800 and SELL<0.4200
2026-05-05T20:19:08.062996+00:00,New York,RANGING,14.71,0.0000,0.000238,0.396332,0.5500,0.447112,0.4500,0.419183,0.050781,0.015234,0.0000,-0.0117,0.461245,0.461245,0.065583,0.0100,False,0.5800,0.4200,False,HOLD,SELL,THRESHOLD_CHECK,BELOW_THRESHOLD,LOW,False,HOLD: Final 0.4612 between BUY>0.5800 and SELL<0.4200
2026-05-05T20:19:09.245406+00:00,New York,RANGING,17.18,0.0623,0.000223,0.372896,0.5562,0.452188,0.4438,0.408083,0.079292,0.023788,0.0000,-0.0133,0.437075,0.437075,0.068129,0.0100,False,0.5800,0.4200,False,HOLD,SELL,THRESHOLD_CHECK,BELOW_THRESHOLD,LOW,False,HOLD: Final 0.4371 between BUY>0.5800 and SELL<0.4200
2026-05-05T20:19:10.480621+00:00,New York,RANGING,15.37,0.0105,3.038929,0.285839,0.5510,0.451572,0.4490,0.360246,0.165733,0.049720,0.0000,-0.0122,0.442763,0.442763,0.090034,0.0100,False,0.5800,0.4200,False,HOLD,SELL,THRESHOLD_CHECK,BELOW_THRESHOLD,LOW,False,HOLD: Final 0.4428 between BUY>0.5800 and SELL<0.4200
2026-05-05T20:19:18.962081+00:00,New York,RANGING,14.71,0.0000,0.000238,0.396332,0.5500,0.447112,0.4500,0.419183,0.050781,0.015234,0.0000,-0.0117,0.461245,0.461245,0.065583,0.0100,False,0.5800,0.4200,False,HOLD,SELL,THRESHOLD_CHECK,BELOW_THRESHOLD,LOW,False,HOLD: Final 0.4612 between BUY>0.5800 and SELL<0.4200
2026-05-05T20:19:20.129929+00:00,New York,RANGING,17.18,0.0623,0.000223,0.372896,0.5562,0.452188,0.4438,0.408083,0.079292,0.023788,0.0000,-0.0133,0.437075,0.437075,0.068129,0.0100,False,0.5800,0.4200,False,HOLD,SELL,THRESHOLD_CHECK,BELOW_THRESHOLD,LOW,False,HOLD: Final 0.4371 between BUY>0.5800 and SELL<0.4200
2026-05-05T20:19:21.327610+00:00,New York,RANGING,15.37,0.0105,3.038929,0.285839,0.5510,0.451572,0.4490,0.360246,0.165733,0.049720,0.0000,-0.0122,0.442763,0.442763,0.090034,0.0100,False,0.5800,0.4200,False,HOLD,SELL,THRESHOLD_CHECK,BELOW_THRESHOLD,LOW,False,HOLD: Final 0.4428 between BUY>0.5800 and SELL<0.4200
2026-05-05T20:19:29.877567+00:00,New York,RANGING,14.71,0.0000,0.000238,0.396332,0.5500,0.447112,0.4500,0.419183,0.050781,0.015234,0.0000,-0.0117,0.461245,0.461245,0.065583,0.0100,False,0.5800,0.4200,False,HOLD,SELL,THRESHOLD_CHECK,BELOW_THRESHOLD,LOW,False,HOLD: Final 0.4612 between BUY>0.5800 and SELL<0.4200
2026-05-05T20:19:31.058430+00:00,New York,RANGING,15.37,0.0105,3.038929,0.285839,0.5510,0.451572,0.4490,0.360246,0.165733,0.049720,0.0000,-0.0122,0.442763,0.442763,0.090034,0.0100,False,0.5800,0.4200,False,HOLD,SELL,THRESHOLD_CHECK,BELOW_THRESHOLD,LOW,False,HOLD: Final 0.4428 between BUY>0.5800 and SELL<0.4200
2026-05-05T20:19:40.542149+00:00,New York,RANGING,14.71,0.0000,0.000238,0.347833,0.5500,0.436588,0.4500,0.387773,0.088755,0.026627,0.0000,-0.0117,0.441227,0.441227,0.085601,0.0100,False,0.5800,0.4200,False,HOLD,SELL,THRESHOLD_CHECK,BELOW_THRESHOLD,LOW,False,HOLD: Final 0.4412 between BUY>0.5800 and SELL<0.4200
2026-05-05T20:19:41.692559+00:00,New York,RANGING,15.37,0.0105,3.038929,0.285839,0.5510,0.451572,0.4490,0.360246,0.165733,0.049720,0.0000,-0.0122,0.442763,0.442763,0.090034,0.0100,False,0.5800,0.4200,False,HOLD,SELL,THRESHOLD_CHECK,BELOW_THRESHOLD,LOW,False,HOLD: Final 0.4428 between BUY>0.5800 and SELL<0.4200
2026-05-05T20:19:51.238759+00:00,New York,RANGING,14.71,0.0000,0.000238,0.349318,0.5500,0.446162,0.4500,0.392898,0.096844,0.029053,0.0000,-0.0117,0.448779,0.448779,0.078049,0.0100,False,0.5800,0.4200,False,HOLD,SELL,THRESHOLD_CHECK,BELOW_THRESHOLD,LOW,False,HOLD: Final 0.4488 between BUY>0.5800 and SELL<0.4200
2026-05-05T20:19:52.505309+00:00,New York,RANGING,15.37,0.0105,3.038929,0.285839,0.5510,0.451572,0.4490,0.360246,0.165733,0.049720,0.0000,-0.0122,0.442763,0.442763,0.090034,0.0100,False,0.5800,0.4200,False,HOLD,SELL,THRESHOLD_CHECK,BELOW_THRESHOLD,LOW,False,HOLD: Final 0.4428 between BUY>0.5800 and SELL<0.4200
2026-05-05T20:20:01.999494+00:00,New York,RANGING,14.71,0.0000,0.000238,0.360021,0.5500,0.451045,0.4500,0.400981,0.091024,0.027307,0.0000,-0.0117,0.455235,0.455235,0.071711,0.0100,False,0.5800,0.4200,False,HOLD,SELL,THRESHOLD_CHECK,BELOW_THRESHOLD,LOW,False,HOLD: Final 0.4552 between BUY>0.5800 and SELL<0.4200
2026-05-05T20:20:03.179766+00:00,New York,RANGING,17.18,0.0623,0.000223,0.372896,0.5562,0.452113,0.4438,0.408050,0.079218,0.023765,0.0000,-0.0133,0.427139,0.427139,0.068185,0.0100,False,0.5800,0.4200,False,HOLD,SELL,THRESHOLD_CHECK,BELOW_THRESHOLD,LOW,False,HOLD: Final 0.4271 between BUY>0.5800 and SELL<0.4200
2026-05-05T20:20:04.404090+00:00,New York,LOW_VOLATILITY,30.79,0.4512,0.023153,0.401056,0.5500,0.418891,0.4500,0.500000,0.017835,0.000000,0.0000,0.0000,0.500000,0.500000,0.000000,0.0000,False,0.6000,0.4000,False,HOLD,NONE,ATR_FILTER,LOW_ATR,LOW,False,
2026-05-05T20:20:05.600760+00:00,New York,RANGING,15.37,0.0105,3.038929,0.285839,0.5510,0.451572,0.4490,0.360246,0.165733,0.049720,0.0000,-0.0122,0.442763,0.442763,0.090034,0.0100,False,0.5800,0.4200,False,HOLD,SELL,THRESHOLD_CHECK,BELOW_THRESHOLD,LOW,False,HOLD: Final 0.4428 between BUY>0.5800 and SELL<0.4200
2026-05-05T20:20:13.047301+00:00,New York,RANGING,14.71,0.0000,0.000221,0.395757,0.5500,0.442976,0.4500,0.417005,0.047219,0.014166,0.0000,-0.0130,0.456829,0.456829,0.068829,0.0100,False,0.5800,0.4200,False,HOLD,SELL,THRESHOLD_CHECK,BELOW_THRESHOLD,LOW,False,HOLD: Final 0.4568 between BUY>0.5800 and SELL<0.4200
2026-05-05T20:20:14.315962+00:00,New York,RANGING,15.37,0.0105,3.038929,0.285839,0.5510,0.451572,0.4490,0.360246,0.165733,0.049720,0.0000,-0.0122,0.442763,0.442763,0.090034,0.0100,False,0.5800,0.4200,False,HOLD,SELL,THRESHOLD_CHECK,BELOW_THRESHOLD,LOW,False,HOLD: Final 0.4428 between BUY>0.5800 and SELL<0.4200
2026-05-05T20:20:23.860801+00:00,New York,RANGING,14.71,0.0000,0.000221,0.395757,0.5500,0.442976,0.4500,0.417005,0.047219,0.014166,0.0000,-0.0130,0.456829,0.456829,0.068829,0.0100,False,0.5800,0.4200,False,HOLD,SELL,THRESHOLD_CHECK,BELOW_THRESHOLD,LOW,False,HOLD: Final 0.4568 between BUY>0.5800 and SELL<0.4200
2026-05-05T20:20:25.074807+00:00,New York,LOW_VOLATILITY,17.18,0.0623,0.000210,0.408358,0.5500,0.432728,0.4500,0.500000,0.024370,0.000000,0.0000,0.0000,0.500000,0.500000,0.000000,0.0000,False,0.6000,0.4000,False,HOLD,NONE,ATR_FILTER,LOW_ATR,LOW,False,
2026-05-05T20:20:26.263283+00:00,New York,RANGING,15.37,0.0105,3.038929,0.285839,0.5510,0.451572,0.4490,0.360246,0.165733,0.049720,0.0000,-0.0122,0.442763,0.442763,0.090034,0.0100,False,0.5800,0.4200,False,HOLD,SELL,THRESHOLD_CHECK,BELOW_THRESHOLD,LOW,False,HOLD: Final 0.4428 between BUY>0.5800 and SELL<0.4200
2026-05-05T20:20:34.848129+00:00,New York,RANGING,14.71,0.0000,0.000222,0.422055,0.5500,0.437770,0.4500,0.429127,0.015715,0.004714,0.0000,-0.0128,0.459608,0.459608,0.066159,0.0100,False,0.5800,0.4200,False,HOLD,SELL,THRESHOLD_CHECK,BELOW_THRESHOLD,LOW,False,HOLD: Final 0.4596 between BUY>0.5800 and SELL<0.4200
2026-05-05T20:20:36.122348+00:00,New York,LOW_VOLATILITY,17.18,0.0623,0.000210,0.408358,0.5500,0.432728,0.4500,0.500000,0.024370,0.000000,0.0000,0.0000,0.500000,0.500000,0.000000,0.0000,False,0.6000,0.4000,False,HOLD,NONE,ATR_FILTER,LOW_ATR,LOW,False,
2026-05-05T20:20:37.342519+00:00,New York,RANGING,15.37,0.0105,3.038929,0.285839,0.5510,0.451572,0.4490,0.360246,0.165733,0.049720,0.0000,-0.0122,0.442763,0.442763,0.090034,0.0100,False,0.5800,0.4200,False,HOLD,SELL,THRESHOLD_CHECK,BELOW_THRESHOLD,LOW,False,HOLD: Final 0.4428 between BUY>0.5800 and SELL<0.4200
2026-05-05T20:20:44.911063+00:00,New York,RANGING,14.71,0.0000,0.000225,0.314109,0.5500,0.410839,0.4500,0.357637,0.096730,0.029019,0.0000,-0.0126,0.412643,0.412643,0.113344,0.0100,False,0.5800,0.4200,False,SELL,SELL,EXECUTION_READY,VALID_SIGNAL,MEDIUM,False,
2026-05-05T20:20:46.574054+00:00,New York,RANGING,15.37,0.0105,3.038929,0.285839,0.5510,0.451572,0.4490,0.360246,0.165733,0.049720,0.0000,-0.0122,0.442763,0.442763,0.090034,0.0100,False,0.5800,0.4200,False,HOLD,SELL,THRESHOLD_CHECK,BELOW_THRESHOLD,LOW,False,HOLD: Final 0.4428 between BUY>0.5800 and SELL<0.4200
2026-05-05T20:20:55.108282+00:00,New York,RANGING,14.71,0.0000,0.000225,0.422055,0.5500,0.433494,0.4500,0.427203,0.011439,0.003432,0.0000,-0.0126,0.456621,0.456621,0.069365,0.0100,False,0.5800,0.4200,False,HOLD,SELL,THRESHOLD_CHECK,BELOW_THRESHOLD,LOW,False,HOLD: Final 0.4566 between BUY>0.5800 and SELL<0.4200
2026-05-05T20:20:56.434500+00:00,New York,LOW_VOLATILITY,17.18,0.0623,0.000210,0.408358,0.5500,0.432728,0.4500,0.500000,0.024370,0.000000,0.0000,0.0000,0.500000,0.500000,0.000000,0.0000,False,0.6000,0.4000,False,HOLD,NONE,ATR_FILTER,LOW_ATR,LOW,False,
2026-05-05T20:20:57.704551+00:00,New York,RANGING,15.37,0.0105,3.038929,0.285839,0.5510,0.451572,0.4490,0.360246,0.165733,0.049720,0.0000,-0.0122,0.442763,0.442763,0.090034,0.0100,False,0.5800,0.4200,False,HOLD,SELL,THRESHOLD_CHECK,BELOW_THRESHOLD,LOW,False,HOLD: Final 0.4428 between BUY>0.5800 and SELL<0.4200
2026-05-05T20:21:05.207347+00:00,New York,RANGING,14.71,0.0000,0.000225,0.422055,0.5500,0.433494,0.4500,0.427203,0.011439,0.003432,0.0000,-0.0126,0.456621,0.456621,0.069365,0.0100,False,0.5800,0.4200,False,HOLD,SELL,THRESHOLD_CHECK,BELOW_THRESHOLD,LOW,False,HOLD: Final 0.4566 between BUY>0.5800 and SELL<0.4200
2026-05-05T20:21:06.403790+00:00,New York,LOW_VOLATILITY,17.18,0.0623,0.000210,0.408358,0.5500,0.432728,0.4500,0.500000,0.024370,0.000000,0.0000,0.0000,0.500000,0.500000,0.000000,0.0000,False,0.6000,0.4000,False,HOLD,NONE,ATR_FILTER,LOW_ATR,LOW,False,
2026-05-05T20:21:07.654123+00:00,New York,RANGING,15.37,0.0105,3.038929,0.285839,0.5510,0.451572,0.4490,0.360246,0.165733,0.049720,0.0000,-0.0122,0.442763,0.442763,0.090034,0.0100,False,0.5800,0.4200,False,HOLD,SELL,THRESHOLD_CHECK,BELOW_THRESHOLD,LOW,False,HOLD: Final 0.4428 between BUY>0.5800 and SELL<0.4200
2026-05-05T20:21:16.148151+00:00,New York,RANGING,14.71,0.0000,0.000225,0.395757,0.5500,0.441630,0.4500,0.416400,0.045874,0.013762,0.0000,-0.0126,0.456148,0.456148,0.069838,0.0100,False,0.5800,0.4200,False,HOLD,SELL,THRESHOLD_CHECK,BELOW_THRESHOLD,LOW,False,HOLD: Final 0.4561 between BUY>0.5800 and SELL<0.4200
2026-05-05T20:21:17.303747+00:00,New York,LOW_VOLATILITY,17.18,0.0623,0.000210,0.398186,0.5500,0.413727,0.4500,0.500000,0.015541,0.000000,0.0000,0.0000,0.500000,0.500000,0.000000,0.0000,False,0.6000,0.4000,False,HOLD,NONE,ATR_FILTER,LOW_ATR,LOW,False,
2026-05-05T20:21:18.536564+00:00,New York,RANGING,15.37,0.0105,3.038929,0.285839,0.5510,0.451572,0.4490,0.360246,0.165733,0.049720,0.0000,-0.0122,0.442763,0.442763,0.090034,0.0100,False,0.5800,0.4200,False,HOLD,SELL,THRESHOLD_CHECK,BELOW_THRESHOLD,LOW,False,HOLD: Final 0.4428 between BUY>0.5800 and SELL<0.4200
2026-05-05T20:21:27.101097+00:00,New York,RANGING,14.71,0.0000,0.000225,0.311312,0.5500,0.411781,0.4500,0.356523,0.100469,0.030141,0.0000,-0.0126,0.412650,0.412650,0.113336,0.0100,False,0.5800,0.4200,False,SELL,SELL,EXECUTION_READY,VALID_SIGNAL,MEDIUM,False,
2026-05-05T20:21:28.698198+00:00,New York,LOW_VOLATILITY,17.18,0.0623,0.000215,0.420758,0.5500,0.467185,0.4500,0.500000,0.046427,0.000000,0.0000,0.0000,0.500000,0.500000,0.000000,0.0000,False,0.6000,0.4000,False,HOLD,NONE,ATR_FILTER,LOW_ATR,LOW,False,
2026-05-05T20:21:29.862264+00:00,New York,RANGING,15.37,0.0105,3.038929,0.285839,0.5510,0.451572,0.4490,0.360246,0.165733,0.049720,0.0000,-0.0122,0.442763,0.442763,0.090034,0.0100,False,0.5800,0.4200,False,HOLD,SELL,THRESHOLD_CHECK,BELOW_THRESHOLD,LOW,False,HOLD: Final 0.4428 between BUY>0.5800 and SELL<0.4200
2026-05-05T20:21:37.260472+00:00,New York,RANGING,14.71,0.0000,0.000225,0.314109,0.5500,0.410839,0.4500,0.357637,0.096730,0.029019,0.0000,-0.0126,0.412643,0.412643,0.113344,0.0100,False,0.5800,0.4200,False,SELL,SELL,EXECUTION_READY,VALID_SIGNAL,MEDIUM,False,
2026-05-05T20:21:38.820143+00:00,New York,RANGING,15.37,0.0105,3.038929,0.285839,0.5510,0.451572,0.4490,0.360246,0.165733,0.049720,0.0000,-0.0122,0.442763,0.442763,0.090034,0.0100,False,0.5800,0.4200,False,HOLD,SELL,THRESHOLD_CHECK,BELOW_THRESHOLD,LOW,False,HOLD: Final 0.4428 between BUY>0.5800 and SELL<0.4200
2026-05-05T20:21:47.375773+00:00,New York,RANGING,14.71,0.0000,0.000225,0.314109,0.5500,0.410839,0.4500,0.357637,0.096730,0.029019,0.0000,-0.0126,0.412643,0.412643,0.113344,0.0100,False,0.5800,0.4200,False,SELL,SELL,EXECUTION_READY,VALID_SIGNAL,MEDIUM,False,
2026-05-05T20:21:48.876335+00:00,New York,RANGING,15.37,0.0105,3.038929,0.285839,0.5510,0.451572,0.4490,0.360246,0.165733,0.049720,0.0000,-0.0122,0.442763,0.442763,0.090034,0.0100,False,0.5800,0.4200,False,HOLD,SELL,THRESHOLD_CHECK,BELOW_THRESHOLD,LOW,False,HOLD: Final 0.4428 between BUY>0.5800 and SELL<0.4200
2026-05-05T20:21:58.369528+00:00,New York,RANGING,14.71,0.0000,0.000227,0.308805,0.5500,0.399365,0.4500,0.349557,0.090560,0.027168,0.0000,-0.0125,0.402876,0.402876,0.123275,0.0100,False,0.5800,0.4200,False,SELL,SELL,EXECUTION_READY,VALID_SIGNAL,MEDIUM,False,
2026-05-05T20:21:59.956927+00:00,New York,RANGING,15.37,0.0105,3.038929,0.285839,0.5510,0.451572,0.4490,0.360246,0.165733,0.049720,0.0000,-0.0122,0.442763,0.442763,0.090034,0.0100,False,0.5800,0.4200,False,HOLD,SELL,THRESHOLD_CHECK,BELOW_THRESHOLD,LOW,False,HOLD: Final 0.4428 between BUY>0.5800 and SELL<0.4200
2026-05-05T20:22:08.538959+00:00,New York,RANGING,14.71,0.0000,0.000227,0.311312,0.5500,0.408110,0.4500,0.354871,0.096797,0.029039,0.0000,-0.0125,0.410061,0.410061,0.116090,0.0100,False,0.5800,0.4200,False,SELL,SELL,EXECUTION_READY,VALID_SIGNAL,MEDIUM,False,
2026-05-05T20:22:09.987118+00:00,New York,RANGING,15.37,0.0105,3.038929,0.285839,0.5510,0.451572,0.4490,0.360246,0.165733,0.049720,0.0000,-0.0122,0.442763,0.442763,0.090034,0.0100,False,0.5800,0.4200,False,HOLD,SELL,THRESHOLD_CHECK,BELOW_THRESHOLD,LOW,False,HOLD: Final 0.4428 between BUY>0.5800 and SELL<0.4200
2026-05-05T20:22:19.615236+00:00,New York,RANGING,14.71,0.0000,0.000231,0.319896,0.5500,0.404781,0.4500,0.358094,0.084884,0.025465,0.0000,-0.0121,0.410039,0.410039,0.116440,0.0100,False,0.5800,0.4200,False,SELL,SELL,EXECUTION_READY,VALID_SIGNAL,MEDIUM,False,
2026-05-05T20:22:21.205670+00:00,New York,RANGING,15.37,0.0105,3.038929,0.285839,0.5510,0.451572,0.4490,0.360246,0.165733,0.049720,0.0000,-0.0122,0.442763,0.442763,0.090034,0.0100,False,0.5800,0.4200,False,HOLD,SELL,THRESHOLD_CHECK,BELOW_THRESHOLD,LOW,False,HOLD: Final 0.4428 between BUY>0.5800 and SELL<0.4200
2026-05-05T20:22:29.713972+00:00,New York,RANGING,14.71,0.0000,0.000231,0.319896,0.5500,0.404781,0.4500,0.358094,0.084884,0.025465,0.0000,-0.0121,0.410039,0.410039,0.116440,0.0100,False,0.5800,0.4200,False,SELL,SELL,EXECUTION_READY,VALID_SIGNAL,MEDIUM,False,
2026-05-05T20:22:31.183149+00:00,New York,RANGING,15.37,0.0105,3.038929,0.285839,0.5510,0.451572,0.4490,0.360246,0.165733,0.049720,0.0000,-0.0122,0.442763,0.442763,0.090034,0.0100,False,0.5800,0.4200,False,HOLD,SELL,THRESHOLD_CHECK,BELOW_THRESHOLD,LOW,False,HOLD: Final 0.4428 between BUY>0.5800 and SELL<0.4200
2026-05-05T20:22:40.728829+00:00,New York,RANGING,14.71,0.0000,0.000231,0.319896,0.5500,0.404781,0.4500,0.358094,0.084884,0.025465,0.0000,-0.0121,0.410039,0.410039,0.116440,0.0100,False,0.5800,0.4200,False,SELL,SELL,EXECUTION_READY,VALID_SIGNAL,MEDIUM,False,
2026-05-05T20:22:42.282938+00:00,New York,RANGING,15.37,0.0105,3.038929,0.285839,0.5510,0.451572,0.4490,0.360246,0.165733,0.049720,0.0000,-0.0122,0.442763,0.442763,0.090034,0.0100,False,0.5800,0.4200,False,HOLD,SELL,THRESHOLD_CHECK,BELOW_THRESHOLD,LOW,False,HOLD: Final 0.4428 between BUY>0.5800 and SELL<0.4200
2026-05-05T20:22:50.791685+00:00,New York,RANGING,14.71,0.0000,0.000231,0.319896,0.5500,0.404781,0.4500,0.358094,0.084884,0.025465,0.0000,-0.0121,0.410039,0.410039,0.116440,0.0100,False,0.5800,0.4200,False,SELL,SELL,EXECUTION_READY,VALID_SIGNAL,MEDIUM,False,
2026-05-05T20:22:52.345379+00:00,New York,RANGING,15.37,0.0105,3.038929,0.285839,0.5510,0.451572,0.4490,0.360246,0.165733,0.049720,0.0000,-0.0122,0.442763,0.442763,0.090034,0.0100,False,0.5800,0.4200,False,HOLD,SELL,THRESHOLD_CHECK,BELOW_THRESHOLD,LOW,False,HOLD: Final 0.4428 between BUY>0.5800 and SELL<0.4200
2026-05-05T20:23:00.870844+00:00,New York,RANGING,14.71,0.0000,0.000231,0.319896,0.5500,0.404781,0.4500,0.358094,0.084884,0.025465,0.0000,-0.0121,0.410039,0.410039,0.116440,0.0100,False,0.5800,0.4200,False,SELL,SELL,EXECUTION_READY,VALID_SIGNAL,MEDIUM,False,
2026-05-05T20:23:02.420932+00:00,New York,RANGING,15.37,0.0105,3.038929,0.285839,0.5510,0.451572,0.4490,0.360246,0.165733,0.049720,0.0000,-0.0122,0.442763,0.442763,0.090034,0.0100,False,0.5800,0.4200,False,HOLD,SELL,THRESHOLD_CHECK,BELOW_THRESHOLD,LOW,False,HOLD: Final 0.4428 between BUY>0.5800 and SELL<0.4200
2026-05-05T20:23:10.872897+00:00,New York,RANGING,14.71,0.0000,0.000231,0.317072,0.5500,0.413705,0.4500,0.360557,0.096633,0.028990,0.0000,-0.0121,0.416026,0.416026,0.110453,0.0100,False,0.5800,0.4200,False,SELL,SELL,EXECUTION_READY,VALID_SIGNAL,MEDIUM,False,
2026-05-05T20:23:12.322476+00:00,New York,RANGING,15.37,0.0105,3.038929,0.285839,0.5510,0.451572,0.4490,0.360246,0.165733,0.049720,0.0000,-0.0122,0.442763,0.442763,0.090034,0.0100,False,0.5800,0.4200,False,HOLD,SELL,THRESHOLD_CHECK,BELOW_THRESHOLD,LOW,False,HOLD: Final 0.4428 between BUY>0.5800 and SELL<0.4200
2026-05-05T20:23:21.885568+00:00,New York,RANGING,14.71,0.0000,0.000231,0.308850,0.5500,0.433065,0.4500,0.364747,0.124214,0.037264,0.0000,-0.0121,0.428490,0.428490,0.097989,0.0100,False,0.5800,0.4200,False,HOLD,SELL,THRESHOLD_CHECK,BELOW_THRESHOLD,LOW,False,HOLD: Final 0.4285 between BUY>0.5800 and SELL<0.4200
2026-05-05T20:23:23.037085+00:00,New York,RANGING,15.37,0.0105,3.038929,0.285839,0.5510,0.451572,0.4490,0.360246,0.165733,0.049720,0.0000,-0.0122,0.442763,0.442763,0.090034,0.0100,False,0.5800,0.4200,False,HOLD,SELL,THRESHOLD_CHECK,BELOW_THRESHOLD,LOW,False,HOLD: Final 0.4428 between BUY>0.5800 and SELL<0.4200
2026-05-05T20:23:32.521383+00:00,New York,RANGING,14.71,0.0000,0.000231,0.316165,0.5500,0.408437,0.4500,0.357688,0.092273,0.027682,0.0000,-0.0121,0.411849,0.411849,0.114631,0.0100,False,0.5800,0.4200,False,SELL,SELL,EXECUTION_READY,VALID_SIGNAL,MEDIUM,False,
2026-05-05T20:23:34.274772+00:00,New York,RANGING,15.37,0.0105,3.038929,0.285839,0.5510,0.451572,0.4490,0.360246,0.165733,0.049720,0.0000,-0.0122,0.442763,0.442763,0.090034,0.0100,False,0.5800,0.4200,False,HOLD,SELL,THRESHOLD_CHECK,BELOW_THRESHOLD,LOW,False,HOLD: Final 0.4428 between BUY>0.5800 and SELL<0.4200
2026-05-05T20:23:42.748461+00:00,New York,RANGING,14.71,0.0000,0.000231,0.333317,0.5500,0.409046,0.4500,0.367395,0.075729,0.022719,0.0000,-0.0121,0.416593,0.416593,0.109886,0.0100,False,0.5800,0.4200,False,SELL,SELL,EXECUTION_READY,VALID_SIGNAL,MEDIUM,False,
2026-05-05T20:23:44.246650+00:00,New York,RANGING,15.37,0.0105,3.038929,0.285839,0.5510,0.451572,0.4490,0.360246,0.165733,0.049720,0.0000,-0.0122,0.442763,0.442763,0.090034,0.0100,False,0.5800,0.4200,False,HOLD,SELL,THRESHOLD_CHECK,BELOW_THRESHOLD,LOW,False,HOLD: Final 0.4428 between BUY>0.5800 and SELL<0.4200
2026-05-05T20:23:53.784441+00:00,New York,RANGING,14.71,0.0000,0.000231,0.317072,0.5500,0.413705,0.4500,0.360557,0.096633,0.028990,0.0000,-0.0121,0.416026,0.416026,0.110453,0.0100,False,0.5800,0.4200,False,SELL,SELL,EXECUTION_READY,VALID_SIGNAL,MEDIUM,False,
2026-05-05T20:23:55.348967+00:00,New York,RANGING,15.37,0.0105,3.038929,0.285839,0.5510,0.451572,0.4490,0.360246,0.165733,0.049720,0.0000,-0.0122,0.442763,0.442763,0.090034,0.0100,False,0.5800,0.4200,False,HOLD,SELL,THRESHOLD_CHECK,BELOW_THRESHOLD,LOW,False,HOLD: Final 0.4428 between BUY>0.5800 and SELL<0.4200
2026-05-05T20:24:03.903698+00:00,New York,RANGING,14.71,0.0000,0.000231,0.313363,0.5500,0.404327,0.4500,0.354297,0.090964,0.027289,0.0000,-0.0121,0.408065,0.408065,0.118414,0.0100,False,0.5800,0.4200,False,SELL,SELL,EXECUTION_READY,VALID_SIGNAL,MEDIUM,False,
2026-05-05T20:24:05.436897+00:00,New York,LOW_VOLATILITY,30.79,0.4512,0.022571,0.361393,0.5500,0.416287,0.4500,0.500000,0.054894,0.000000,0.0000,0.0000,0.500000,0.500000,0.000000,0.0000,False,0.6000,0.4000,False,HOLD,NONE,ATR_FILTER,LOW_ATR,LOW,False,
2026-05-05T20:24:06.656838+00:00,New York,RANGING,15.37,0.0105,3.038929,0.285839,0.5510,0.451572,0.4490,0.360246,0.165733,0.049720,0.0000,-0.0122,0.442763,0.442763,0.090034,0.0100,False,0.5800,0.4200,False,HOLD,SELL,THRESHOLD_CHECK,BELOW_THRESHOLD,LOW,False,HOLD: Final 0.4428 between BUY>0.5800 and SELL<0.4200
2026-05-05T20:24:14.150936+00:00,New York,RANGING,14.71,0.0000,0.000231,0.316165,0.5500,0.408437,0.4500,0.357688,0.092273,0.027682,0.0000,-0.0121,0.411849,0.411849,0.114631,0.0100,False,0.5800,0.4200,False,SELL,SELL,EXECUTION_READY,VALID_SIGNAL,MEDIUM,False,
2026-05-05T20:24:15.709748+00:00,New York,RANGING,15.37,0.0105,3.038929,0.285839,0.5510,0.451572,0.4490,0.360246,0.165733,0.049720,0.0000,-0.0122,0.442763,0.442763,0.090034,0.0100,False,0.5800,0.4200,False,HOLD,SELL,THRESHOLD_CHECK,BELOW_THRESHOLD,LOW,False,HOLD: Final 0.4428 between BUY>0.5800 and SELL<0.4200
2026-05-05T20:24:24.236319+00:00,New York,RANGING,14.71,0.0000,0.000231,0.319896,0.5500,0.404781,0.4500,0.358094,0.084884,0.025465,0.0000,-0.0121,0.410039,0.410039,0.116440,0.0100,False,0.5800,0.4200,False,SELL,SELL,EXECUTION_READY,VALID_SIGNAL,MEDIUM,False,
2026-05-05T20:24:25.752210+00:00,New York,RANGING,15.37,0.0105,3.038929,0.285839,0.5510,0.451572,0.4490,0.360246,0.165733,0.049720,0.0000,-0.0122,0.442763,0.442763,0.090034,0.0100,False,0.5800,0.4200,False,HOLD,SELL,THRESHOLD_CHECK,BELOW_THRESHOLD,LOW,False,HOLD: Final 0.4428 between BUY>0.5800 and SELL<0.4200
2026-05-05T20:24:34.250358+00:00,New York,RANGING,14.71,0.0000,0.000231,0.319896,0.5500,0.404781,0.4500,0.358094,0.084884,0.025465,0.0000,-0.0121,0.410039,0.410039,0.116440,0.0100,False,0.5800,0.4200,False,SELL,SELL,EXECUTION_READY,VALID_SIGNAL,MEDIUM,False,
2026-05-05T20:24:35.719830+00:00,New York,RANGING,15.37,0.0105,3.038929,0.285839,0.5510,0.451572,0.4490,0.360246,0.165733,0.049720,0.0000,-0.0122,0.442763,0.442763,0.090034,0.0100,False,0.5800,0.4200,False,HOLD,SELL,THRESHOLD_CHECK,BELOW_THRESHOLD,LOW,False,HOLD: Final 0.4428 between BUY>0.5800 and SELL<0.4200
2026-05-05T20:24:44.279382+00:00,New York,RANGING,14.71,0.0000,0.000231,0.316165,0.5500,0.408437,0.4500,0.357688,0.092273,0.027682,0.0000,-0.0121,0.411849,0.411849,0.114631,0.0100,False,0.5800,0.4200,False,SELL,SELL,EXECUTION_READY,VALID_SIGNAL,MEDIUM,False,
2026-05-05T20:24:45.830233+00:00,New York,RANGING,15.37,0.0105,3.038929,0.285839,0.5510,0.451572,0.4490,0.360246,0.165733,0.049720,0.0000,-0.0122,0.442763,0.442763,0.090034,0.0100,False,0.5800,0.4200,False,HOLD,SELL,THRESHOLD_CHECK,BELOW_THRESHOLD,LOW,False,HOLD: Final 0.4428 between BUY>0.5800 and SELL<0.4200
2026-05-05T20:24:55.294812+00:00,New York,RANGING,14.71,0.0000,0.000231,0.333317,0.5500,0.409046,0.4500,0.367395,0.075729,0.022719,0.0000,-0.0121,0.416593,0.416593,0.109886,0.0100,False,0.5800,0.4200,False,SELL,SELL,EXECUTION_READY,VALID_SIGNAL,MEDIUM,False,
2026-05-05T20:24:56.849724+00:00,New York,RANGING,15.37,0.0105,3.038929,0.285839,0.5510,0.451572,0.4490,0.360246,0.165733,0.049720,0.0000,-0.0122,0.442763,0.442763,0.090034,0.0100,False,0.5800,0.4200,False,HOLD,SELL,THRESHOLD_CHECK,BELOW_THRESHOLD,LOW,False,HOLD: Final 0.4428 between BUY>0.5800 and SELL<0.4200
2026-05-05T20:25:05.443524+00:00,New York,RANGING,14.71,0.0000,0.000231,0.317072,0.5500,0.413705,0.4500,0.360557,0.096633,0.028990,0.0000,-0.0121,0.416195,0.416195,0.110453,0.0100,False,0.5800,0.4200,False,SELL,SELL,EXECUTION_READY,VALID_SIGNAL,MEDIUM,False,
2026-05-05T20:25:06.893232+00:00,New York,LOW_VOLATILITY,17.19,0.0625,0.000202,0.385646,0.5500,0.465865,0.4500,0.500000,0.080219,0.000000,0.0000,0.0000,0.500000,0.500000,0.000000,0.0000,False,0.6000,0.4000,False,HOLD,NONE,ATR_FILTER,LOW_ATR,LOW,False,
2026-05-05T20:25:08.108565+00:00,New York,LOW_VOLATILITY,30.79,0.4512,0.021224,0.372671,0.5500,0.394673,0.4500,0.500000,0.022003,0.000000,0.0000,0.0000,0.500000,0.500000,0.000000,0.0000,False,0.6000,0.4000,False,HOLD,NONE,ATR_FILTER,LOW_ATR,LOW,False,
2026-05-05T20:25:09.274626+00:00,New York,RANGING,15.37,0.0105,3.038929,0.285839,0.5510,0.451572,0.4490,0.360246,0.165733,0.049720,0.0000,-0.0122,0.442763,0.442763,0.090034,0.0100,False,0.5800,0.4200,False,HOLD,SELL,THRESHOLD_CHECK,BELOW_THRESHOLD,LOW,False,HOLD: Final 0.4428 between BUY>0.5800 and SELL<0.4200
2026-05-05T20:25:15.657865+00:00,New York,RANGING,14.71,0.0000,0.000215,0.328355,0.5500,0.429778,0.4500,0.373995,0.101423,0.030427,0.0000,-0.0134,0.429817,0.429817,0.095578,0.0100,False,0.5800,0.4200,False,HOLD,SELL,THRESHOLD_CHECK,BELOW_THRESHOLD,LOW,False,HOLD: Final 0.4298 between BUY>0.5800 and SELL<0.4200
2026-05-05T20:25:16.821571+00:00,New York,RANGING,15.37,0.0105,3.038929,0.285839,0.5510,0.451572,0.4490,0.360246,0.165733,0.049720,0.0000,-0.0122,0.442763,0.442763,0.090034,0.0100,False,0.5800,0.4200,False,HOLD,SELL,THRESHOLD_CHECK,BELOW_THRESHOLD,LOW,False,HOLD: Final 0.4428 between BUY>0.5800 and SELL<0.4200
2026-05-05T20:25:26.352705+00:00,New York,RANGING,14.71,0.0000,0.000216,0.324533,0.5500,0.416999,0.4500,0.366142,0.092466,0.027740,0.0000,-0.0133,0.419332,0.419332,0.106118,0.0100,False,0.5800,0.4200,False,SELL,SELL,EXECUTION_READY,VALID_SIGNAL,MEDIUM,False,
2026-05-05T20:25:27.978771+00:00,New York,RANGING,15.37,0.0105,3.038929,0.285839,0.5510,0.451572,0.4490,0.360246,0.165733,0.049720,0.0000,-0.0122,0.442763,0.442763,0.090034,0.0100,False,0.5800,0.4200,False,HOLD,SELL,THRESHOLD_CHECK,BELOW_THRESHOLD,LOW,False,HOLD: Final 0.4428 between BUY>0.5800 and SELL<0.4200
2026-05-05T20:25:36.545293+00:00,New York,RANGING,14.71,0.0000,0.000216,0.327102,0.5500,0.429007,0.4500,0.372959,0.101905,0.030571,0.0000,-0.0133,0.428981,0.428981,0.096469,0.0100,False,0.5800,0.4200,False,HOLD,SELL,THRESHOLD_CHECK,BELOW_THRESHOLD,LOW,False,HOLD: Final 0.4290 between BUY>0.5800 and SELL<0.4200
2026-05-05T20:25:37.767462+00:00,New York,RANGING,15.37,0.0105,3.038929,0.285839,0.5510,0.451572,0.4490,0.360246,0.165733,0.049720,0.0000,-0.0122,0.442763,0.442763,0.090034,0.0100,False,0.5800,0.4200,False,HOLD,SELL,THRESHOLD_CHECK,BELOW_THRESHOLD,LOW,False,HOLD: Final 0.4428 between BUY>0.5800 and SELL<0.4200
2026-05-05T20:25:47.315995+00:00,New York,RANGING,14.71,0.0000,0.000218,0.410825,0.5500,0.432641,0.4500,0.420642,0.021816,0.006545,0.0000,-0.0132,0.452801,0.452801,0.072813,0.0100,False,0.5800,0.4200,False,HOLD,SELL,THRESHOLD_CHECK,BELOW_THRESHOLD,LOW,False,HOLD: Final 0.4528 between BUY>0.5800 and SELL<0.4200
2026-05-05T20:25:48.511077+00:00,New York,LOW_VOLATILITY,30.79,0.4512,0.021510,0.372671,0.5500,0.392019,0.4500,0.500000,0.019348,0.000000,0.0000,0.0000,0.500000,0.500000,0.000000,0.0000,False,0.6000,0.4000,False,HOLD,NONE,ATR_FILTER,LOW_ATR,LOW,False,
2026-05-05T20:25:49.751810+00:00,New York,RANGING,15.37,0.0105,3.038929,0.285839,0.5510,0.451572,0.4490,0.360246,0.165733,0.049720,0.0000,-0.0122,0.442763,0.442763,0.090034,0.0100,False,0.5800,0.4200,False,HOLD,SELL,THRESHOLD_CHECK,BELOW_THRESHOLD,LOW,False,HOLD: Final 0.4428 between BUY>0.5800 and SELL<0.4200
2026-05-05T20:25:58.297916+00:00,New York,RANGING,14.71,0.0000,0.000219,0.416790,0.5500,0.436790,0.4500,0.425790,0.020000,0.006000,0.0000,-0.0131,0.457459,0.457459,0.068210,0.0100,False,0.5800,0.4200,False,HOLD,SELL,THRESHOLD_CHECK,BELOW_THRESHOLD,LOW,False,HOLD: Final 0.4575 between BUY>0.5800 and SELL<0.4200
2026-05-05T20:25:59.483510+00:00,New York,RANGING,15.37,0.0105,3.038929,0.285839,0.5510,0.451572,0.4490,0.360246,0.165733,0.049720,0.0000,-0.0122,0.442763,0.442763,0.090034,0.0100,False,0.5800,0.4200,False,HOLD,SELL,THRESHOLD_CHECK,BELOW_THRESHOLD,LOW,False,HOLD: Final 0.4428 between BUY>0.5800 and SELL<0.4200
2026-05-05T20:26:09.096363+00:00,New York,RANGING,14.71,0.0000,0.000219,0.327102,0.5500,0.430680,0.4500,0.373712,0.103577,0.031073,0.0000,-0.0131,0.430454,0.430454,0.095215,0.0100,False,0.5800,0.4200,False,HOLD,SELL,THRESHOLD_CHECK,BELOW_THRESHOLD,LOW,False,HOLD: Final 0.4305 between BUY>0.5800 and SELL<0.4200
2026-05-05T20:26:10.294918+00:00,New York,LOW_VOLATILITY,17.19,0.0625,0.000208,0.420406,0.5500,0.459934,0.4500,0.500000,0.039527,0.000000,0.0000,0.0000,0.500000,0.500000,0.000000,0.0000,False,0.6000,0.4000,False,HOLD,NONE,ATR_FILTER,LOW_ATR,LOW,False,
2026-05-05T20:26:11.510084+00:00,New York,RANGING,15.37,0.0105,3.038929,0.285839,0.5510,0.451572,0.4490,0.360246,0.165733,0.049720,0.0000,-0.0122,0.442763,0.442763,0.090034,0.0100,False,0.5800,0.4200,False,HOLD,SELL,THRESHOLD_CHECK,BELOW_THRESHOLD,LOW,False,HOLD: Final 0.4428 between BUY>0.5800 and SELL<0.4200
2026-05-05T20:26:20.010992+00:00,New York,RANGING,14.71,0.0000,0.000219,0.400886,0.5500,0.433859,0.4500,0.415724,0.032974,0.009892,0.0000,-0.0131,0.451285,0.451285,0.074384,0.0100,False,0.5800,0.4200,False,HOLD,SELL,THRESHOLD_CHECK,BELOW_THRESHOLD,LOW,False,HOLD: Final 0.4513 between BUY>0.5800 and SELL<0.4200
2026-05-05T20:26:21.240992+00:00,New York,LOW_VOLATILITY,17.19,0.0625,0.000208,0.420406,0.5500,0.464862,0.4500,0.500000,0.044456,0.000000,0.0000,0.0000,0.500000,0.500000,0.000000,0.0000,False,0.6000,0.4000,False,HOLD,NONE,ATR_FILTER,LOW_ATR,LOW,False,
2026-05-05T20:26:22.458219+00:00,New York,RANGING,15.37,0.0105,3.038929,0.285839,0.5510,0.451572,0.4490,0.360246,0.165733,0.049720,0.0000,-0.0122,0.442763,0.442763,0.090034,0.0100,False,0.5800,0.4200,False,HOLD,SELL,THRESHOLD_CHECK,BELOW_THRESHOLD,LOW,False,HOLD: Final 0.4428 between BUY>0.5800 and SELL<0.4200
2026-05-05T20:26:31.005246+00:00,New York,RANGING,14.71,0.0000,0.000219,0.400886,0.5500,0.433859,0.4500,0.415724,0.032974,0.009892,0.0000,-0.0131,0.451285,0.451285,0.074384,0.0100,False,0.5800,0.4200,False,HOLD,SELL,THRESHOLD_CHECK,BELOW_THRESHOLD,LOW,False,HOLD: Final 0.4513 between BUY>0.5800 and SELL<0.4200
2026-05-05T20:26:32.187525+00:00,New York,LOW_VOLATILITY,17.19,0.0625,0.000208,0.420406,0.5500,0.463319,0.4500,0.500000,0.042913,0.000000,0.0000,0.0000,0.500000,0.500000,0.000000,0.0000,False,0.6000,0.4000,False,HOLD,NONE,ATR_FILTER,LOW_ATR,LOW,False,
2026-05-05T20:26:33.440044+00:00,New York,RANGING,15.37,0.0105,3.038929,0.285839,0.5510,0.451572,0.4490,0.360246,0.165733,0.049720,0.0000,-0.0122,0.442763,0.442763,0.090034,0.0100,False,0.5800,0.4200,False,HOLD,SELL,THRESHOLD_CHECK,BELOW_THRESHOLD,LOW,False,HOLD: Final 0.4428 between BUY>0.5800 and SELL<0.4200
2026-05-05T20:26:41.953352+00:00,New York,RANGING,14.71,0.0000,0.000219,0.416790,0.5500,0.436790,0.4500,0.425790,0.020000,0.006000,0.0000,-0.0131,0.457459,0.457459,0.068210,0.0100,False,0.5800,0.4200,False,HOLD,SELL,THRESHOLD_CHECK,BELOW_THRESHOLD,LOW,False,HOLD: Final 0.4575 between BUY>0.5800 and SELL<0.4200
2026-05-05T20:26:43.135248+00:00,New York,LOW_VOLATILITY,17.19,0.0625,0.000208,0.420406,0.5500,0.463319,0.4500,0.500000,0.042913,0.000000,0.0000,0.0000,0.500000,0.500000,0.000000,0.0000,False,0.6000,0.4000,False,HOLD,NONE,ATR_FILTER,LOW_ATR,LOW,False,
2026-05-05T20:26:44.384338+00:00,New York,RANGING,15.37,0.0105,3.038929,0.285839,0.5510,0.451572,0.4490,0.360246,0.165733,0.049720,0.0000,-0.0122,0.442763,0.442763,0.090034,0.0100,False,0.5800,0.4200,False,HOLD,SELL,THRESHOLD_CHECK,BELOW_THRESHOLD,LOW,False,HOLD: Final 0.4428 between BUY>0.5800 and SELL<0.4200
2026-05-05T20:26:52.900656+00:00,New York,RANGING,14.71,0.0000,0.000219,0.400886,0.5500,0.433859,0.4500,0.415724,0.032974,0.009892,0.0000,-0.0131,0.451285,0.451285,0.074384,0.0100,False,0.5800,0.4200,False,HOLD,SELL,THRESHOLD_CHECK,BELOW_THRESHOLD,LOW,False,HOLD: Final 0.4513 between BUY>0.5800 and SELL<0.4200
2026-05-05T20:26:54.066655+00:00,New York,LOW_VOLATILITY,17.19,0.0625,0.000208,0.420406,0.5500,0.464862,0.4500,0.500000,0.044456,0.000000,0.0000,0.0000,0.500000,0.500000,0.000000,0.0000,False,0.6000,0.4000,False,HOLD,NONE,ATR_FILTER,LOW_ATR,LOW,False,
2026-05-05T20:26:55.281297+00:00,New York,RANGING,15.37,0.0105,3.038929,0.285839,0.5510,0.451572,0.4490,0.360246,0.165733,0.049720,0.0000,-0.0122,0.442763,0.442763,0.090034,0.0100,False,0.5800,0.4200,False,HOLD,SELL,THRESHOLD_CHECK,BELOW_THRESHOLD,LOW,False,HOLD: Final 0.4428 between BUY>0.5800 and SELL<0.4200
2026-05-05T20:27:03.735757+00:00,New York,RANGING,14.71,0.0000,0.000219,0.416790,0.5500,0.436790,0.4500,0.425790,0.020000,0.006000,0.0000,-0.0131,0.457459,0.457459,0.068210,0.0100,False,0.5800,0.4200,False,HOLD,SELL,THRESHOLD_CHECK,BELOW_THRESHOLD,LOW,False,HOLD: Final 0.4575 between BUY>0.5800 and SELL<0.4200
2026-05-05T20:27:04.895214+00:00,New York,LOW_VOLATILITY,17.19,0.0625,0.000210,0.423475,0.5500,0.448663,0.4500,0.500000,0.025188,0.000000,0.0000,0.0000,0.500000,0.500000,0.000000,0.0000,False,0.6000,0.4000,False,HOLD,NONE,ATR_FILTER,LOW_ATR,LOW,False,
2026-05-05T20:27:06.113107+00:00,New York,LOW_VOLATILITY,30.79,0.4512,0.021795,0.374822,0.5500,0.391217,0.4500,0.500000,0.016395,0.000000,0.0000,0.0000,0.500000,0.500000,0.000000,0.0000,False,0.6000,0.4000,False,HOLD,NONE,ATR_FILTER,LOW_ATR,LOW,False,
2026-05-05T20:27:07.279868+00:00,New York,RANGING,15.37,0.0105,3.038929,0.285839,0.5510,0.451572,0.4490,0.360246,0.165733,0.049720,0.0000,-0.0122,0.442763,0.442763,0.090034,0.0100,False,0.5800,0.4200,False,HOLD,SELL,THRESHOLD_CHECK,BELOW_THRESHOLD,LOW,False,HOLD: Final 0.4428 between BUY>0.5800 and SELL<0.4200
2026-05-05T20:27:14.829482+00:00,New York,RANGING,14.71,0.0000,0.000219,0.403252,0.5500,0.446285,0.4500,0.422617,0.043033,0.012910,0.0000,-0.0131,0.461250,0.461250,0.064473,0.0100,False,0.5800,0.4200,False,HOLD,SELL,THRESHOLD_CHECK,BELOW_THRESHOLD,LOW,False,HOLD: Final 0.4613 between BUY>0.5800 and SELL<0.4200
2026-05-05T20:27:16.082566+00:00,New York,LOW_VOLATILITY,17.19,0.0625,0.000211,0.423475,0.5500,0.445436,0.4500,0.500000,0.021961,0.000000,0.0000,0.0000,0.500000,0.500000,0.000000,0.0000,False,0.6000,0.4000,False,HOLD,NONE,ATR_FILTER,LOW_ATR,LOW,False,
2026-05-05T20:27:17.315486+00:00,New York,LOW_VOLATILITY,30.79,0.4512,0.022224,0.405452,0.5500,0.389614,0.4500,0.500000,0.015838,0.000000,0.0000,0.0000,0.500000,0.500000,0.000000,0.0000,False,0.6000,0.4000,False,HOLD,NONE,ATR_FILTER,LOW_ATR,LOW,False,
2026-05-05T20:27:18.479423+00:00,New York,RANGING,15.37,0.0105,3.038929,0.285839,0.5510,0.451572,0.4490,0.360246,0.165733,0.049720,0.0000,-0.0122,0.442763,0.442763,0.090034,0.0100,False,0.5800,0.4200,False,HOLD,SELL,THRESHOLD_CHECK,BELOW_THRESHOLD,LOW,False,HOLD: Final 0.4428 between BUY>0.5800 and SELL<0.4200
2026-05-05T20:27:24.976454+00:00,New York,RANGING,14.71,0.0000,0.000219,0.403252,0.5500,0.446285,0.4500,0.422617,0.043033,0.012910,0.0000,-0.0131,0.461250,0.461250,0.064473,0.0100,False,0.5800,0.4200,False,HOLD,SELL,THRESHOLD_CHECK,BELOW_THRESHOLD,LOW,False,HOLD: Final 0.4613 between BUY>0.5800 and SELL<0.4200
2026-05-05T20:27:26.141471+00:00,New York,LOW_VOLATILITY,17.19,0.0625,0.000211,0.423475,0.5500,0.445436,0.4500,0.500000,0.021961,0.000000,0.0000,0.0000,0.500000,0.500000,0.000000,0.0000,False,0.6000,0.4000,False,HOLD,NONE,ATR_FILTER,LOW_ATR,LOW,False,
2026-05-05T20:27:27.375919+00:00,New York,RANGING,15.37,0.0105,3.038929,0.285839,0.5510,0.451572,0.4490,0.360246,0.165733,0.049720,0.0000,-0.0122,0.442763,0.442763,0.090034,0.0100,False,0.5800,0.4200,False,HOLD,SELL,THRESHOLD_CHECK,BELOW_THRESHOLD,LOW,False,HOLD: Final 0.4428 between BUY>0.5800 and SELL<0.4200
2026-05-05T20:27:35.922875+00:00,New York,RANGING,14.71,0.0000,0.000220,0.400886,0.5500,0.435450,0.4500,0.416440,0.034564,0.010369,0.0000,-0.0130,0.452587,0.452587,0.073191,0.0100,False,0.5800,0.4200,False,HOLD,SELL,THRESHOLD_CHECK,BELOW_THRESHOLD,LOW,False,HOLD: Final 0.4526 between BUY>0.5800 and SELL<0.4200
2026-05-05T20:27:37.118052+00:00,New York,LOW_VOLATILITY,17.19,0.0625,0.000211,0.423475,0.5500,0.445436,0.4500,0.500000,0.021961,0.000000,0.0000,0.0000,0.500000,0.500000,0.000000,0.0000,False,0.6000,0.4000,False,HOLD,NONE,ATR_FILTER,LOW_ATR,LOW,False,
2026-05-05T20:27:38.338064+00:00,New York,RANGING,15.37,0.0105,3.038929,0.285839,0.5510,0.451572,0.4490,0.360246,0.165733,0.049720,0.0000,-0.0122,0.442763,0.442763,0.090034,0.0100,False,0.5800,0.4200,False,HOLD,SELL,THRESHOLD_CHECK,BELOW_THRESHOLD,LOW,False,HOLD: Final 0.4428 between BUY>0.5800 and SELL<0.4200
2026-05-05T20:27:46.870090+00:00,New York,RANGING,14.71,0.0000,0.000220,0.416790,0.5500,0.442598,0.4500,0.428404,0.025808,0.007742,0.0000,-0.0130,0.461924,0.461924,0.063854,0.0100,False,0.5800,0.4200,False,HOLD,SELL,THRESHOLD_CHECK,BELOW_THRESHOLD,LOW,False,HOLD: Final 0.4619 between BUY>0.5800 and SELL<0.4200
2026-05-05T20:27:48.019948+00:00,New York,LOW_VOLATILITY,17.19,0.0625,0.000211,0.423475,0.5500,0.458333,0.4500,0.500000,0.034858,0.000000,0.0000,0.0000,0.500000,0.500000,0.000000,0.0000,False,0.6000,0.4000,False,HOLD,NONE,ATR_FILTER,LOW_ATR,LOW,False,
2026-05-05T20:27:49.222384+00:00,New York,RANGING,15.37,0.0105,3.038929,0.285839,0.5510,0.451572,0.4490,0.360246,0.165733,0.049720,0.0000,-0.0122,0.442763,0.442763,0.090034,0.0100,False,0.5800,0.4200,False,HOLD,SELL,THRESHOLD_CHECK,BELOW_THRESHOLD,LOW,False,HOLD: Final 0.4428 between BUY>0.5800 and SELL<0.4200
2026-05-05T20:27:57.701380+00:00,New York,RANGING,14.71,0.0000,0.000220,0.416790,0.5500,0.442598,0.4500,0.428404,0.025808,0.007742,0.0000,-0.0130,0.461924,0.461924,0.063854,0.0100,False,0.5800,0.4200,False,HOLD,SELL,THRESHOLD_CHECK,BELOW_THRESHOLD,LOW,False,HOLD: Final 0.4619 between BUY>0.5800 and SELL<0.4200
2026-05-05T20:27:58.915855+00:00,New York,LOW_VOLATILITY,17.19,0.0625,0.000211,0.423475,0.5500,0.445436,0.4500,0.500000,0.021961,0.000000,0.0000,0.0000,0.500000,0.500000,0.000000,0.0000,False,0.6000,0.4000,False,HOLD,NONE,ATR_FILTER,LOW_ATR,LOW,False,
2026-05-05T20:28:00.172866+00:00,New York,RANGING,15.37,0.0105,3.038929,0.285839,0.5510,0.451572,0.4490,0.360246,0.165733,0.049720,0.0000,-0.0122,0.442763,0.442763,0.090034,0.0100,False,0.5800,0.4200,False,HOLD,SELL,THRESHOLD_CHECK,BELOW_THRESHOLD,LOW,False,HOLD: Final 0.4428 between BUY>0.5800 and SELL<0.4200
2026-05-05T20:28:08.722045+00:00,New York,RANGING,14.71,0.0000,0.000220,0.416790,0.5500,0.442598,0.4500,0.428404,0.025808,0.007742,0.0000,-0.0130,0.461924,0.461924,0.063854,0.0100,False,0.5800,0.4200,False,HOLD,SELL,THRESHOLD_CHECK,BELOW_THRESHOLD,LOW,False,HOLD: Final 0.4619 between BUY>0.5800 and SELL<0.4200
2026-05-05T20:28:09.900136+00:00,New York,LOW_VOLATILITY,17.19,0.0625,0.000211,0.420406,0.5500,0.457262,0.4500,0.500000,0.036856,0.000000,0.0000,0.0000,0.500000,0.500000,0.000000,0.0000,False,0.6000,0.4000,False,HOLD,NONE,ATR_FILTER,LOW_ATR,LOW,False,
2026-05-05T20:28:11.160428+00:00,New York,LOW_VOLATILITY,30.79,0.4512,0.022224,0.347933,0.5500,0.383853,0.4500,0.500000,0.035920,0.000000,0.0000,0.0000,0.500000,0.500000,0.000000,0.0000,False,0.6000,0.4000,False,HOLD,NONE,ATR_FILTER,LOW_ATR,LOW,False,
2026-05-05T20:28:12.314920+00:00,New York,RANGING,15.37,0.0105,3.038929,0.285839,0.5510,0.451572,0.4490,0.360246,0.165733,0.049720,0.0000,-0.0122,0.442763,0.442763,0.090034,0.0100,False,0.5800,0.4200,False,HOLD,SELL,THRESHOLD_CHECK,BELOW_THRESHOLD,LOW,False,HOLD: Final 0.4428 between BUY>0.5800 and SELL<0.4200
2026-05-05T20:28:18.698654+00:00,New York,RANGING,14.71,0.0000,0.000220,0.416790,0.5500,0.442598,0.4500,0.428404,0.025808,0.007742,0.0000,-0.0130,0.461924,0.461924,0.063854,0.0100,False,0.5800,0.4200,False,HOLD,SELL,THRESHOLD_CHECK,BELOW_THRESHOLD,LOW,False,HOLD: Final 0.4619 between BUY>0.5800 and SELL<0.4200
2026-05-05T20:28:19.862303+00:00,New York,LOW_VOLATILITY,17.19,0.0625,0.000211,0.423475,0.5500,0.458333,0.4500,0.500000,0.034858,0.000000,0.0000,0.0000,0.500000,0.500000,0.000000,0.0000,False,0.6000,0.4000,False,HOLD,NONE,ATR_FILTER,LOW_ATR,LOW,False,
2026-05-05T20:28:21.111720+00:00,New York,RANGING,15.37,0.0105,3.038929,0.285839,0.5510,0.451572,0.4490,0.360246,0.165733,0.049720,0.0000,-0.0122,0.442763,0.442763,0.090034,0.0100,False,0.5800,0.4200,False,HOLD,SELL,THRESHOLD_CHECK,BELOW_THRESHOLD,LOW,False,HOLD: Final 0.4428 between BUY>0.5800 and SELL<0.4200
2026-05-05T20:28:29.643260+00:00,New York,RANGING,14.71,0.0000,0.000220,0.395784,0.5500,0.436624,0.4500,0.414162,0.040840,0.012252,0.0000,-0.0130,0.452192,0.452192,0.073586,0.0100,False,0.5800,0.4200,False,HOLD,SELL,THRESHOLD_CHECK,BELOW_THRESHOLD,LOW,False,HOLD: Final 0.4522 between BUY>0.5800 and SELL<0.4200
2026-05-05T20:28:30.860757+00:00,New York,RANGING,15.37,0.0105,3.038929,0.285839,0.5510,0.451572,0.4490,0.360246,0.165733,0.049720,0.0000,-0.0122,0.442763,0.442763,0.090034,0.0100,False,0.5800,0.4200,False,HOLD,SELL,THRESHOLD_CHECK,BELOW_THRESHOLD,LOW,False,HOLD: Final 0.4428 between BUY>0.5800 and SELL<0.4200
2026-05-05T20:28:40.449040+00:00,New York,RANGING,14.71,0.0000,0.000220,0.328986,0.5500,0.430499,0.4500,0.374667,0.101513,0.030454,0.0000,-0.0130,0.430899,0.430899,0.094879,0.0100,False,0.5800,0.4200,False,HOLD,SELL,THRESHOLD_CHECK,BELOW_THRESHOLD,LOW,False,HOLD: Final 0.4309 between BUY>0.5800 and SELL<0.4200
2026-05-05T20:28:41.631679+00:00,New York,LOW_VOLATILITY,17.19,0.0625,0.000211,0.420406,0.5500,0.455719,0.4500,0.500000,0.035313,0.000000,0.0000,0.0000,0.500000,0.500000,0.000000,0.0000,False,0.6000,0.4000,False,HOLD,NONE,ATR_FILTER,LOW_ATR,LOW,False,
2026-05-05T20:28:42.856589+00:00,New York,RANGING,15.37,0.0105,3.038929,0.285839,0.5510,0.451572,0.4490,0.360246,0.165733,0.049720,0.0000,-0.0122,0.442763,0.442763,0.090034,0.0100,False,0.5800,0.4200,False,HOLD,SELL,THRESHOLD_CHECK,BELOW_THRESHOLD,LOW,False,HOLD: Final 0.4428 between BUY>0.5800 and SELL<0.4200
2026-05-05T20:28:51.361176+00:00,New York,RANGING,14.71,0.0000,0.000220,0.328986,0.5500,0.430499,0.4500,0.374667,0.101513,0.030454,0.0000,-0.0130,0.430899,0.430899,0.094879,0.0100,False,0.5800,0.4200,False,HOLD,SELL,THRESHOLD_CHECK,BELOW_THRESHOLD,LOW,False,HOLD: Final 0.4309 between BUY>0.5800 and SELL<0.4200
2026-05-05T20:28:52.730053+00:00,New York,RANGING,15.37,0.0105,3.038929,0.285839,0.5510,0.451572,0.4490,0.360246,0.165733,0.049720,0.0000,-0.0122,0.442763,0.442763,0.090034,0.0100,False,0.5800,0.4200,False,HOLD,SELL,THRESHOLD_CHECK,BELOW_THRESHOLD,LOW,False,HOLD: Final 0.4428 between BUY>0.5800 and SELL<0.4200
2026-05-05T20:29:02.237955+00:00,New York,RANGING,14.71,0.0000,0.000220,0.324533,0.5500,0.420311,0.4500,0.367633,0.095779,0.028734,0.0000,-0.0130,0.422145,0.422145,0.103634,0.0100,False,0.5800,0.4200,False,HOLD,SELL,THRESHOLD_CHECK,BELOW_THRESHOLD,LOW,False,HOLD: Final 0.4221 between BUY>0.5800 and SELL<0.4200
2026-05-05T20:29:03.448932+00:00,New York,RANGING,15.37,0.0105,3.038929,0.285839,0.5510,0.451572,0.4490,0.360246,0.165733,0.049720,0.0000,-0.0122,0.442763,0.442763,0.090034,0.0100,False,0.5800,0.4200,False,HOLD,SELL,THRESHOLD_CHECK,BELOW_THRESHOLD,LOW,False,HOLD: Final 0.4428 between BUY>0.5800 and SELL<0.4200
2026-05-05T20:29:13.053137+00:00,New York,RANGING,14.71,0.0000,0.000220,0.328986,0.5500,0.430499,0.4500,0.374667,0.101513,0.030454,0.0000,-0.0130,0.430899,0.430899,0.094879,0.0100,False,0.5800,0.4200,False,HOLD,SELL,THRESHOLD_CHECK,BELOW_THRESHOLD,LOW,False,HOLD: Final 0.4309 between BUY>0.5800 and SELL<0.4200
2026-05-05T20:29:14.268230+00:00,New York,RANGING,15.37,0.0105,3.038929,0.285839,0.5510,0.451572,0.4490,0.360246,0.165733,0.049720,0.0000,-0.0122,0.442763,0.442763,0.090034,0.0100,False,0.5800,0.4200,False,HOLD,SELL,THRESHOLD_CHECK,BELOW_THRESHOLD,LOW,False,HOLD: Final 0.4428 between BUY>0.5800 and SELL<0.4200
2026-05-05T20:29:23.753699+00:00,New York,RANGING,14.71,0.0000,0.000221,0.400886,0.5500,0.435883,0.4500,0.416634,0.034997,0.010499,0.0000,-0.0129,0.452966,0.452966,0.072867,0.0100,False,0.5800,0.4200,False,HOLD,SELL,THRESHOLD_CHECK,BELOW_THRESHOLD,LOW,False,HOLD: Final 0.4530 between BUY>0.5800 and SELL<0.4200
2026-05-05T20:29:24.960042+00:00,New York,LOW_VOLATILITY,17.19,0.0625,0.000211,0.423475,0.5500,0.458333,0.4500,0.500000,0.034858,0.000000,0.0000,0.0000,0.500000,0.500000,0.000000,0.0000,False,0.6000,0.4000,False,HOLD,NONE,ATR_FILTER,LOW_ATR,LOW,False,
2026-05-05T20:29:26.198633+00:00,New York,RANGING,15.37,0.0105,3.038929,0.285839,0.5510,0.451572,0.4490,0.360246,0.165733,0.049720,0.0000,-0.0122,0.442763,0.442763,0.090034,0.0100,False,0.5800,0.4200,False,HOLD,SELL,THRESHOLD_CHECK,BELOW_THRESHOLD,LOW,False,HOLD: Final 0.4428 between BUY>0.5800 and SELL<0.4200
2026-05-05T20:29:34.769254+00:00,New York,RANGING,14.71,0.0000,0.000221,0.328986,0.5500,0.427389,0.4500,0.373267,0.098403,0.029521,0.0000,-0.0129,0.428621,0.428621,0.097212,0.0100,False,0.5800,0.4200,False,HOLD,SELL,THRESHOLD_CHECK,BELOW_THRESHOLD,LOW,False,HOLD: Final 0.4286 between BUY>0.5800 and SELL<0.4200
2026-05-05T20:29:35.961121+00:00,New York,LOW_VOLATILITY,17.19,0.0625,0.000211,0.420406,0.5500,0.457262,0.4500,0.500000,0.036856,0.000000,0.0000,0.0000,0.500000,0.500000,0.000000,0.0000,False,0.6000,0.4000,False,HOLD,NONE,ATR_FILTER,LOW_ATR,LOW,False,
2026-05-05T20:29:37.209256+00:00,New York,RANGING,15.37,0.0105,3.038929,0.285839,0.5510,0.451572,0.4490,0.360246,0.165733,0.049720,0.0000,-0.0122,0.442763,0.442763,0.090034,0.0100,False,0.5800,0.4200,False,HOLD,SELL,THRESHOLD_CHECK,BELOW_THRESHOLD,LOW,False,HOLD: Final 0.4428 between BUY>0.5800 and SELL<0.4200
2026-05-05T20:29:45.665865+00:00,New York,RANGING,14.71,0.0000,0.000221,0.410825,0.5500,0.438538,0.4500,0.423296,0.027713,0.008314,0.0000,-0.0129,0.457443,0.457443,0.068390,0.0100,False,0.5800,0.4200,False,HOLD,SELL,THRESHOLD_CHECK,BELOW_THRESHOLD,LOW,False,HOLD: Final 0.4574 between BUY>0.5800 and SELL<0.4200
2026-05-05T20:29:46.894143+00:00,New York,LOW_VOLATILITY,17.19,0.0625,0.000211,0.420406,0.5500,0.457262,0.4500,0.500000,0.036856,0.000000,0.0000,0.0000,0.500000,0.500000,0.000000,0.0000,False,0.6000,0.4000,False,HOLD,NONE,ATR_FILTER,LOW_ATR,LOW,False,
2026-05-05T20:29:48.105825+00:00,New York,RANGING,15.37,0.0105,3.038929,0.285839,0.5510,0.451572,0.4490,0.360246,0.165733,0.049720,0.0000,-0.0122,0.442763,0.442763,0.090034,0.0100,False,0.5800,0.4200,False,HOLD,SELL,THRESHOLD_CHECK,BELOW_THRESHOLD,LOW,False,HOLD: Final 0.4428 between BUY>0.5800 and SELL<0.4200
2026-05-05T20:29:56.622302+00:00,New York,RANGING,14.71,0.0000,0.000221,0.400886,0.5500,0.435883,0.4500,0.416634,0.034997,0.010499,0.0000,-0.0129,0.452966,0.452966,0.072867,0.0100,False,0.5800,0.4200,False,HOLD,SELL,THRESHOLD_CHECK,BELOW_THRESHOLD,LOW,False,HOLD: Final 0.4530 between BUY>0.5800 and SELL<0.4200
2026-05-05T20:29:57.807052+00:00,New York,LOW_VOLATILITY,17.19,0.0625,0.000211,0.420406,0.5500,0.457262,0.4500,0.500000,0.036856,0.000000,0.0000,0.0000,0.500000,0.500000,0.000000,0.0000,False,0.6000,0.4000,False,HOLD,NONE,ATR_FILTER,LOW_ATR,LOW,False,
2026-05-05T20:29:59.017380+00:00,New York,RANGING,15.37,0.0105,3.038929,0.285839,0.5510,0.451572,0.4490,0.360246,0.165733,0.049720,0.0000,-0.0122,0.442763,0.442763,0.090034,0.0100,False,0.5800,0.4200,False,HOLD,SELL,THRESHOLD_CHECK,BELOW_THRESHOLD,LOW,False,HOLD: Final 0.4428 between BUY>0.5800 and SELL<0.4200
2026-05-05T20:30:07.554072+00:00,New York,RANGING,14.71,0.0000,0.000207,0.372012,0.5500,0.419337,0.4500,0.393308,0.047326,0.014198,0.0000,-0.0140,0.432303,0.432303,0.092494,0.0100,False,0.5800,0.4200,False,HOLD,SELL,THRESHOLD_CHECK,BELOW_THRESHOLD,LOW,False,HOLD: Final 0.4323 between BUY>0.5800 and SELL<0.4200
2026-05-05T20:30:08.720180+00:00,New York,LOW_VOLATILITY,17.19,0.0625,0.000211,0.420406,0.5500,0.455719,0.4500,0.500000,0.035313,0.000000,0.0000,0.0000,0.500000,0.500000,0.000000,0.0000,False,0.6000,0.4000,False,HOLD,NONE,ATR_FILTER,LOW_ATR,LOW,False,
2026-05-05T20:30:09.970022+00:00,New York,LOW_VOLATILITY,30.79,0.4512,0.021182,0.367595,0.5500,0.430685,0.4500,0.500000,0.063090,0.000000,0.0000,0.0000,0.500000,0.500000,0.000000,0.0000,False,0.6000,0.4000,False,HOLD,NONE,ATR_FILTER,LOW_ATR,LOW,False,
2026-05-05T20:30:11.199105+00:00,New York,RANGING,15.37,0.0105,3.038929,0.285839,0.5510,0.451572,0.4490,0.360246,0.165733,0.049720,0.0000,-0.0122,0.442763,0.442763,0.090034,0.0100,False,0.5800,0.4200,False,HOLD,SELL,THRESHOLD_CHECK,BELOW_THRESHOLD,LOW,False,HOLD: Final 0.4428 between BUY>0.5800 and SELL<0.4200
2026-05-05T20:30:17.649863+00:00,New York,RANGING,14.71,0.0000,0.000208,0.362641,0.5500,0.417804,0.4500,0.387464,0.055163,0.016549,0.0000,-0.0139,0.428865,0.428865,0.095987,0.0100,False,0.5800,0.4200,False,HOLD,SELL,THRESHOLD_CHECK,BELOW_THRESHOLD,LOW,False,HOLD: Final 0.4289 between BUY>0.5800 and SELL<0.4200
2026-05-05T20:30:18.818795+00:00,New York,RANGING,15.37,0.0105,3.038929,0.285839,0.5510,0.451572,0.4490,0.360246,0.165733,0.049720,0.0000,-0.0122,0.442763,0.442763,0.090034,0.0100,False,0.5800,0.4200,False,HOLD,SELL,THRESHOLD_CHECK,BELOW_THRESHOLD,LOW,False,HOLD: Final 0.4428 between BUY>0.5800 and SELL<0.4200
2026-05-05T20:30:28.345552+00:00,New York,RANGING,14.71,0.0000,0.000208,0.372012,0.5500,0.415100,0.4500,0.391401,0.043088,0.012926,0.0000,-0.0139,0.429180,0.429180,0.095672,0.0100,False,0.5800,0.4200,False,HOLD,SELL,THRESHOLD_CHECK,BELOW_THRESHOLD,LOW,False,HOLD: Final 0.4292 between BUY>0.5800 and SELL<0.4200
2026-05-05T20:30:29.533194+00:00,New York,RANGING,15.37,0.0105,3.038929,0.285839,0.5510,0.451572,0.4490,0.360246,0.165733,0.049720,0.0000,-0.0122,0.442763,0.442763,0.090034,0.0100,False,0.5800,0.4200,False,HOLD,SELL,THRESHOLD_CHECK,BELOW_THRESHOLD,LOW,False,HOLD: Final 0.4428 between BUY>0.5800 and SELL<0.4200
2026-05-05T20:30:39.142399+00:00,New York,RANGING,14.71,0.0000,0.000208,0.372012,0.5500,0.415100,0.4500,0.391401,0.043088,0.012926,0.0000,-0.0139,0.429180,0.429180,0.095672,0.0100,False,0.5800,0.4200,False,HOLD,SELL,THRESHOLD_CHECK,BELOW_THRESHOLD,LOW,False,HOLD: Final 0.4292 between BUY>0.5800 and SELL<0.4200
2026-05-05T20:30:40.394485+00:00,New York,RANGING,15.37,0.0105,3.038929,0.285839,0.5510,0.451572,0.4490,0.360246,0.165733,0.049720,0.0000,-0.0122,0.442763,0.442763,0.090034,0.0100,False,0.5800,0.4200,False,HOLD,SELL,THRESHOLD_CHECK,BELOW_THRESHOLD,LOW,False,HOLD: Final 0.4428 between BUY>0.5800 and SELL<0.4200
2026-05-05T20:30:50.193313+00:00,New York,RANGING,14.71,0.0000,0.000208,0.372012,0.5500,0.414596,0.4500,0.391175,0.042585,0.012775,0.0000,-0.0139,0.428857,0.428857,0.096050,0.0100,False,0.5800,0.4200,False,HOLD,SELL,THRESHOLD_CHECK,BELOW_THRESHOLD,LOW,False,HOLD: Final 0.4289 between BUY>0.5800 and SELL<0.4200
2026-05-05T20:30:51.596112+00:00,New York,RANGING,15.37,0.0105,3.038929,0.285839,0.5510,0.451572,0.4490,0.360246,0.165733,0.049720,0.0000,-0.0122,0.442763,0.442763,0.090034,0.0100,False,0.5800,0.4200,False,HOLD,SELL,THRESHOLD_CHECK,BELOW_THRESHOLD,LOW,False,HOLD: Final 0.4428 between BUY>0.5800 and SELL<0.4200
2026-05-05T20:31:00.204292+00:00,New York,RANGING,14.71,0.0000,0.000208,0.372012,0.5500,0.414596,0.4500,0.391175,0.042585,0.012775,0.0000,-0.0139,0.428857,0.428857,0.096050,0.0100,False,0.5800,0.4200,False,HOLD,SELL,THRESHOLD_CHECK,BELOW_THRESHOLD,LOW,False,HOLD: Final 0.4289 between BUY>0.5800 and SELL<0.4200
2026-05-05T20:31:01.463062+00:00,New York,RANGING,15.37,0.0105,3.038929,0.285839,0.5510,0.451572,0.4490,0.360246,0.165733,0.049720,0.0000,-0.0122,0.442763,0.442763,0.090034,0.0100,False,0.5800,0.4200,False,HOLD,SELL,THRESHOLD_CHECK,BELOW_THRESHOLD,LOW,False,HOLD: Final 0.4428 between BUY>0.5800 and SELL<0.4200
2026-05-05T20:31:11.105960+00:00,New York,RANGING,14.71,0.0000,0.000208,0.372012,0.5500,0.414596,0.4500,0.391175,0.042585,0.012775,0.0000,-0.0139,0.428857,0.428857,0.096050,0.0100,False,0.5800,0.4200,False,HOLD,SELL,THRESHOLD_CHECK,BELOW_THRESHOLD,LOW,False,HOLD: Final 0.4289 between BUY>0.5800 and SELL<0.4200
2026-05-05T20:31:12.469995+00:00,New York,RANGING,15.37,0.0105,3.038929,0.285839,0.5510,0.451572,0.4490,0.360246,0.165733,0.049720,0.0000,-0.0122,0.442763,0.442763,0.090034,0.0100,False,0.5800,0.4200,False,HOLD,SELL,THRESHOLD_CHECK,BELOW_THRESHOLD,LOW,False,HOLD: Final 0.4428 between BUY>0.5800 and SELL<0.4200
2026-05-05T20:31:21.084417+00:00,New York,RANGING,14.71,0.0000,0.000208,0.362641,0.5500,0.414859,0.4500,0.386139,0.052218,0.015665,0.0000,-0.0139,0.426711,0.426711,0.098196,0.0100,False,0.5800,0.4200,False,HOLD,SELL,THRESHOLD_CHECK,BELOW_THRESHOLD,LOW,False,HOLD: Final 0.4267 between BUY>0.5800 and SELL<0.4200
2026-05-05T20:31:22.286999+00:00,New York,RANGING,15.37,0.0105,3.038929,0.285839,0.5510,0.451572,0.4490,0.360246,0.165733,0.049720,0.0000,-0.0122,0.442763,0.442763,0.090034,0.0100,False,0.5800,0.4200,False,HOLD,SELL,THRESHOLD_CHECK,BELOW_THRESHOLD,LOW,False,HOLD: Final 0.4428 between BUY>0.5800 and SELL<0.4200
2026-05-05T20:31:31.815214+00:00,New York,RANGING,14.71,0.0000,0.000208,0.362641,0.5500,0.414859,0.4500,0.386139,0.052218,0.015665,0.0000,-0.0139,0.426711,0.426711,0.098196,0.0100,False,0.5800,0.4200,False,HOLD,SELL,THRESHOLD_CHECK,BELOW_THRESHOLD,LOW,False,HOLD: Final 0.4267 between BUY>0.5800 and SELL<0.4200
2026-05-05T20:31:33.015423+00:00,New York,RANGING,15.37,0.0105,3.038929,0.285839,0.5510,0.451572,0.4490,0.360246,0.165733,0.049720,0.0000,-0.0122,0.442763,0.442763,0.090034,0.0100,False,0.5800,0.4200,False,HOLD,SELL,THRESHOLD_CHECK,BELOW_THRESHOLD,LOW,False,HOLD: Final 0.4428 between BUY>0.5800 and SELL<0.4200
2026-05-05T20:31:42.674049+00:00,New York,RANGING,14.71,0.0000,0.000208,0.362641,0.5500,0.414859,0.4500,0.386139,0.052218,0.015665,0.0000,-0.0139,0.426711,0.426711,0.098196,0.0100,False,0.5800,0.4200,False,HOLD,SELL,THRESHOLD_CHECK,BELOW_THRESHOLD,LOW,False,HOLD: Final 0.4267 between BUY>0.5800 and SELL<0.4200
2026-05-05T20:31:43.972523+00:00,New York,RANGING,15.37,0.0105,3.038929,0.285839,0.5510,0.451572,0.4490,0.360246,0.165733,0.049720,0.0000,-0.0122,0.442763,0.442763,0.090034,0.0100,False,0.5800,0.4200,False,HOLD,SELL,THRESHOLD_CHECK,BELOW_THRESHOLD,LOW,False,HOLD: Final 0.4428 between BUY>0.5800 and SELL<0.4200
2026-05-05T20:31:53.565334+00:00,New York,RANGING,14.71,0.0000,0.000208,0.372012,0.5500,0.414596,0.4500,0.391175,0.042585,0.012775,0.0000,-0.0139,0.428857,0.428857,0.096050,0.0100,False,0.5800,0.4200,False,HOLD,SELL,THRESHOLD_CHECK,BELOW_THRESHOLD,LOW,False,HOLD: Final 0.4289 between BUY>0.5800 and SELL<0.4200
2026-05-05T20:31:54.804776+00:00,New York,RANGING,15.37,0.0105,3.038929,0.285839,0.5510,0.451572,0.4490,0.360246,0.165733,0.049720,0.0000,-0.0122,0.442763,0.442763,0.090034,0.0100,False,0.5800,0.4200,False,HOLD,SELL,THRESHOLD_CHECK,BELOW_THRESHOLD,LOW,False,HOLD: Final 0.4428 between BUY>0.5800 and SELL<0.4200
2026-05-05T20:32:04.371343+00:00,New York,RANGING,14.71,0.0000,0.000208,0.372012,0.5500,0.414596,0.4500,0.391175,0.042585,0.012775,0.0000,-0.0139,0.428857,0.428857,0.096050,0.0100,False,0.5800,0.4200,False,HOLD,SELL,THRESHOLD_CHECK,BELOW_THRESHOLD,LOW,False,HOLD: Final 0.4289 between BUY>0.5800 and SELL<0.4200
2026-05-05T20:32:05.572399+00:00,New York,RANGING,15.37,0.0105,3.038929,0.285839,0.5510,0.451572,0.4490,0.360246,0.165733,0.049720,0.0000,-0.0122,0.442763,0.442763,0.090034,0.0100,False,0.5800,0.4200,False,HOLD,SELL,THRESHOLD_CHECK,BELOW_THRESHOLD,LOW,False,HOLD: Final 0.4428 between BUY>0.5800 and SELL<0.4200
2026-05-05T20:32:15.121863+00:00,New York,RANGING,14.71,0.0000,0.000208,0.372012,0.5500,0.414596,0.4500,0.391175,0.042585,0.012775,0.0000,-0.0139,0.428857,0.428857,0.096050,0.0100,False,0.5800,0.4200,False,HOLD,SELL,THRESHOLD_CHECK,BELOW_THRESHOLD,LOW,False,HOLD: Final 0.4289 between BUY>0.5800 and SELL<0.4200
2026-05-05T20:32:16.304691+00:00,New York,RANGING,15.37,0.0105,3.038929,0.285839,0.5510,0.451572,0.4490,0.360246,0.165733,0.049720,0.0000,-0.0122,0.442763,0.442763,0.090034,0.0100,False,0.5800,0.4200,False,HOLD,SELL,THRESHOLD_CHECK,BELOW_THRESHOLD,LOW,False,HOLD: Final 0.4428 between BUY>0.5800 and SELL<0.4200
2026-05-05T20:32:25.920935+00:00,New York,RANGING,14.71,0.0000,0.000208,0.372012,0.5500,0.414596,0.4500,0.391175,0.042585,0.012775,0.0000,-0.0139,0.428857,0.428857,0.096050,0.0100,False,0.5800,0.4200,False,HOLD,SELL,THRESHOLD_CHECK,BELOW_THRESHOLD,LOW,False,HOLD: Final 0.4289 between BUY>0.5800 and SELL<0.4200
2026-05-05T20:32:27.161623+00:00,New York,RANGING,15.37,0.0105,3.038929,0.285839,0.5510,0.451572,0.4490,0.360246,0.165733,0.049720,0.0000,-0.0122,0.442763,0.442763,0.090034,0.0100,False,0.5800,0.4200,False,HOLD,SELL,THRESHOLD_CHECK,BELOW_THRESHOLD,LOW,False,HOLD: Final 0.4428 between BUY>0.5800 and SELL<0.4200
2026-05-05T20:32:36.821629+00:00,New York,RANGING,14.71,0.0000,0.000208,0.372012,0.5500,0.414596,0.4500,0.391175,0.042585,0.012775,0.0000,-0.0139,0.428857,0.428857,0.096050,0.0100,False,0.5800,0.4200,False,HOLD,SELL,THRESHOLD_CHECK,BELOW_THRESHOLD,LOW,False,HOLD: Final 0.4289 between BUY>0.5800 and SELL<0.4200
2026-05-05T20:32:38.082465+00:00,New York,RANGING,15.37,0.0105,3.038929,0.285839,0.5510,0.451572,0.4490,0.360246,0.165733,0.049720,0.0000,-0.0122,0.442763,0.442763,0.090034,0.0100,False,0.5800,0.4200,False,HOLD,SELL,THRESHOLD_CHECK,BELOW_THRESHOLD,LOW,False,HOLD: Final 0.4428 between BUY>0.5800 and SELL<0.4200
2026-05-05T20:32:47.661368+00:00,New York,RANGING,14.71,0.0000,0.000208,0.372012,0.5500,0.414596,0.4500,0.391175,0.042585,0.012775,0.0000,-0.0139,0.428857,0.428857,0.096050,0.0100,False,0.5800,0.4200,False,HOLD,SELL,THRESHOLD_CHECK,BELOW_THRESHOLD,LOW,False,HOLD: Final 0.4289 between BUY>0.5800 and SELL<0.4200
2026-05-05T20:32:48.900641+00:00,New York,RANGING,15.37,0.0105,3.038929,0.285839,0.5510,0.451572,0.4490,0.360246,0.165733,0.049720,0.0000,-0.0122,0.442763,0.442763,0.090034,0.0100,False,0.5800,0.4200,False,HOLD,SELL,THRESHOLD_CHECK,BELOW_THRESHOLD,LOW,False,HOLD: Final 0.4428 between BUY>0.5800 and SELL<0.4200
2026-05-05T20:32:58.574776+00:00,New York,RANGING,14.71,0.0000,0.000208,0.372012,0.5500,0.414596,0.4500,0.391175,0.042585,0.012775,0.0000,-0.0139,0.428857,0.428857,0.096050,0.0100,False,0.5800,0.4200,False,HOLD,SELL,THRESHOLD_CHECK,BELOW_THRESHOLD,LOW,False,HOLD: Final 0.4289 between BUY>0.5800 and SELL<0.4200
2026-05-05T20:32:59.860158+00:00,New York,RANGING,15.37,0.0105,3.038929,0.285839,0.5510,0.451572,0.4490,0.360246,0.165733,0.049720,0.0000,-0.0122,0.442763,0.442763,0.090034,0.0100,False,0.5800,0.4200,False,HOLD,SELL,THRESHOLD_CHECK,BELOW_THRESHOLD,LOW,False,HOLD: Final 0.4428 between BUY>0.5800 and SELL<0.4200
2026-05-05T20:33:09.566251+00:00,New York,RANGING,14.71,0.0000,0.000208,0.372012,0.5500,0.414596,0.4500,0.391175,0.042585,0.012775,0.0000,-0.0139,0.428857,0.428857,0.096050,0.0100,False,0.5800,0.4200,False,HOLD,SELL,THRESHOLD_CHECK,BELOW_THRESHOLD,LOW,False,HOLD: Final 0.4289 between BUY>0.5800 and SELL<0.4200
2026-05-05T20:33:10.865322+00:00,New York,RANGING,15.37,0.0105,3.038929,0.285839,0.5510,0.451572,0.4490,0.360246,0.165733,0.049720,0.0000,-0.0122,0.442763,0.442763,0.090034,0.0100,False,0.5800,0.4200,False,HOLD,SELL,THRESHOLD_CHECK,BELOW_THRESHOLD,LOW,False,HOLD: Final 0.4428 between BUY>0.5800 and SELL<0.4200
2026-05-05T20:33:20.467164+00:00,New York,RANGING,14.71,0.0000,0.000208,0.367052,0.5500,0.423058,0.4500,0.392255,0.056006,0.016802,0.0000,-0.0139,0.433963,0.433963,0.090943,0.0100,False,0.5800,0.4200,False,HOLD,SELL,THRESHOLD_CHECK,BELOW_THRESHOLD,LOW,False,HOLD: Final 0.4340 between BUY>0.5800 and SELL<0.4200
2026-05-05T20:33:21.755581+00:00,New York,RANGING,15.37,0.0105,3.038929,0.285839,0.5510,0.451572,0.4490,0.360246,0.165733,0.049720,0.0000,-0.0122,0.442763,0.442763,0.090034,0.0100,False,0.5800,0.4200,False,HOLD,SELL,THRESHOLD_CHECK,BELOW_THRESHOLD,LOW,False,HOLD: Final 0.4428 between BUY>0.5800 and SELL<0.4200
2026-05-05T20:33:31.444187+00:00,New York,RANGING,14.71,0.0000,0.000208,0.362641,0.5500,0.414859,0.4500,0.386139,0.052218,0.015665,0.0000,-0.0139,0.426711,0.426711,0.098196,0.0100,False,0.5800,0.4200,False,HOLD,SELL,THRESHOLD_CHECK,BELOW_THRESHOLD,LOW,False,HOLD: Final 0.4267 between BUY>0.5800 and SELL<0.4200
2026-05-05T20:33:32.724170+00:00,New York,RANGING,15.37,0.0105,3.038929,0.285839,0.5510,0.451572,0.4490,0.360246,0.165733,0.049720,0.0000,-0.0122,0.442763,0.442763,0.090034,0.0100,False,0.5800,0.4200,False,HOLD,SELL,THRESHOLD_CHECK,BELOW_THRESHOLD,LOW,False,HOLD: Final 0.4428 between BUY>0.5800 and SELL<0.4200
2026-05-05T20:33:42.362375+00:00,New York,RANGING,14.71,0.0000,0.000208,0.372012,0.5500,0.414596,0.4500,0.391175,0.042585,0.012775,0.0000,-0.0139,0.428857,0.428857,0.096050,0.0100,False,0.5800,0.4200,False,HOLD,SELL,THRESHOLD_CHECK,BELOW_THRESHOLD,LOW,False,HOLD: Final 0.4289 between BUY>0.5800 and SELL<0.4200
2026-05-05T20:33:43.590671+00:00,New York,RANGING,15.37,0.0105,3.038929,0.285839,0.5510,0.451572,0.4490,0.360246,0.165733,0.049720,0.0000,-0.0122,0.442763,0.442763,0.090034,0.0100,False,0.5800,0.4200,False,HOLD,SELL,THRESHOLD_CHECK,BELOW_THRESHOLD,LOW,False,HOLD: Final 0.4428 between BUY>0.5800 and SELL<0.4200
2026-05-05T20:33:53.246673+00:00,New York,RANGING,14.71,0.0000,0.000208,0.367052,0.5500,0.423058,0.4500,0.392255,0.056006,0.016802,0.0000,-0.0139,0.433963,0.433963,0.090943,0.0100,False,0.5800,0.4200,False,HOLD,SELL,THRESHOLD_CHECK,BELOW_THRESHOLD,LOW,False,HOLD: Final 0.4340 between BUY>0.5800 and SELL<0.4200
2026-05-05T20:33:54.481349+00:00,New York,RANGING,15.37,0.0105,3.038929,0.285839,0.5510,0.451572,0.4490,0.360246,0.165733,0.049720,0.0000,-0.0122,0.442763,0.442763,0.090034,0.0100,False,0.5800,0.4200,False,HOLD,SELL,THRESHOLD_CHECK,BELOW_THRESHOLD,LOW,False,HOLD: Final 0.4428 between BUY>0.5800 and SELL<0.4200
2026-05-05T20:34:04.135711+00:00,New York,RANGING,14.71,0.0000,0.000208,0.372012,0.5500,0.414596,0.4500,0.391175,0.042585,0.012775,0.0000,-0.0139,0.428857,0.428857,0.096050,0.0100,False,0.5800,0.4200,False,HOLD,SELL,THRESHOLD_CHECK,BELOW_THRESHOLD,LOW,False,HOLD: Final 0.4289 between BUY>0.5800 and SELL<0.4200
2026-05-05T20:34:05.346290+00:00,New York,RANGING,15.37,0.0105,3.038929,0.285839,0.5510,0.451572,0.4490,0.360246,0.165733,0.049720,0.0000,-0.0122,0.442763,0.442763,0.090034,0.0100,False,0.5800,0.4200,False,HOLD,SELL,THRESHOLD_CHECK,BELOW_THRESHOLD,LOW,False,HOLD: Final 0.4428 between BUY>0.5800 and SELL<0.4200
2026-05-05T20:34:15.061257+00:00,New York,RANGING,14.71,0.0000,0.000208,0.367052,0.5500,0.423058,0.4500,0.392255,0.056006,0.016802,0.0000,-0.0139,0.433963,0.433963,0.090943,0.0100,False,0.5800,0.4200,False,HOLD,SELL,THRESHOLD_CHECK,BELOW_THRESHOLD,LOW,False,HOLD: Final 0.4340 between BUY>0.5800 and SELL<0.4200
2026-05-05T20:34:16.380617+00:00,New York,RANGING,15.37,0.0105,3.038929,0.285839,0.5510,0.451572,0.4490,0.360246,0.165733,0.049720,0.0000,-0.0122,0.442763,0.442763,0.090034,0.0100,False,0.5800,0.4200,False,HOLD,SELL,THRESHOLD_CHECK,BELOW_THRESHOLD,LOW,False,HOLD: Final 0.4428 between BUY>0.5800 and SELL<0.4200
2026-05-05T20:34:25.990199+00:00,New York,RANGING,14.71,0.0000,0.000208,0.367052,0.5500,0.423058,0.4500,0.392255,0.056006,0.016802,0.0000,-0.0139,0.433963,0.433963,0.090943,0.0100,False,0.5800,0.4200,False,HOLD,SELL,THRESHOLD_CHECK,BELOW_THRESHOLD,LOW,False,HOLD: Final 0.4340 between BUY>0.5800 and SELL<0.4200
2026-05-05T20:34:27.272173+00:00,New York,RANGING,15.37,0.0105,3.038929,0.285839,0.5510,0.451572,0.4490,0.360246,0.165733,0.049720,0.0000,-0.0122,0.442763,0.442763,0.090034,0.0100,False,0.5800,0.4200,False,HOLD,SELL,THRESHOLD_CHECK,BELOW_THRESHOLD,LOW,False,HOLD: Final 0.4428 between BUY>0.5800 and SELL<0.4200
2026-05-05T20:34:36.914957+00:00,New York,RANGING,14.71,0.0000,0.000208,0.367052,0.5500,0.423058,0.4500,0.392255,0.056006,0.016802,0.0000,-0.0139,0.433963,0.433963,0.090943,0.0100,False,0.5800,0.4200,False,HOLD,SELL,THRESHOLD_CHECK,BELOW_THRESHOLD,LOW,False,HOLD: Final 0.4340 between BUY>0.5800 and SELL<0.4200
2026-05-05T20:34:38.167449+00:00,New York,RANGING,15.37,0.0105,3.038929,0.285839,0.5510,0.451572,0.4490,0.360246,0.165733,0.049720,0.0000,-0.0122,0.442763,0.442763,0.090034,0.0100,False,0.5800,0.4200,False,HOLD,SELL,THRESHOLD_CHECK,BELOW_THRESHOLD,LOW,False,HOLD: Final 0.4428 between BUY>0.5800 and SELL<0.4200
2026-05-05T20:34:47.834090+00:00,New York,RANGING,14.71,0.0000,0.000208,0.367052,0.5500,0.423058,0.4500,0.392255,0.056006,0.016802,0.0000,-0.0139,0.433963,0.433963,0.090943,0.0100,False,0.5800,0.4200,False,HOLD,SELL,THRESHOLD_CHECK,BELOW_THRESHOLD,LOW,False,HOLD: Final 0.4340 between BUY>0.5800 and SELL<0.4200
2026-05-05T20:34:49.049225+00:00,New York,RANGING,15.37,0.0105,3.038929,0.285839,0.5510,0.451572,0.4490,0.360246,0.165733,0.049720,0.0000,-0.0122,0.442763,0.442763,0.090034,0.0100,False,0.5800,0.4200,False,HOLD,SELL,THRESHOLD_CHECK,BELOW_THRESHOLD,LOW,False,HOLD: Final 0.4428 between BUY>0.5800 and SELL<0.4200
2026-05-05T20:34:58.639219+00:00,New York,RANGING,14.71,0.0000,0.000208,0.372012,0.5500,0.414596,0.4500,0.391175,0.042585,0.012775,0.0000,-0.0139,0.428857,0.428857,0.096050,0.0100,False,0.5800,0.4200,False,HOLD,SELL,THRESHOLD_CHECK,BELOW_THRESHOLD,LOW,False,HOLD: Final 0.4289 between BUY>0.5800 and SELL<0.4200
2026-05-05T20:34:59.958225+00:00,New York,RANGING,15.37,0.0105,3.038929,0.285839,0.5510,0.451572,0.4490,0.360246,0.165733,0.049720,0.0000,-0.0122,0.442763,0.442763,0.090034,0.0100,False,0.5800,0.4200,False,HOLD,SELL,THRESHOLD_CHECK,BELOW_THRESHOLD,LOW,False,HOLD: Final 0.4428 between BUY>0.5800 and SELL<0.4200
2026-05-05T20:35:09.581776+00:00,New York,RANGING,14.71,0.0000,0.000208,0.367052,0.5500,0.423058,0.4500,0.392255,0.056006,0.016802,0.0000,-0.0139,0.433992,0.433992,0.090943,0.0100,False,0.5800,0.4200,False,HOLD,SELL,THRESHOLD_CHECK,BELOW_THRESHOLD,LOW,False,HOLD: Final 0.4340 between BUY>0.5800 and SELL<0.4200
2026-05-05T20:35:10.928787+00:00,New York,LOW_VOLATILITY,17.19,0.0625,0.000204,0.402080,0.5500,0.437313,0.4500,0.500000,0.035233,0.000000,0.0000,0.0000,0.500000,0.500000,0.000000,0.0000,False,0.6000,0.4000,False,HOLD,NONE,ATR_FILTER,LOW_ATR,LOW,False,
2026-05-05T20:35:12.189218+00:00,New York,LOW_VOLATILITY,30.79,0.4512,0.020011,0.369813,0.5500,0.411721,0.4500,0.500000,0.041909,0.000000,0.0000,0.0000,0.500000,0.500000,0.000000,0.0000,False,0.6000,0.4000,False,HOLD,NONE,ATR_FILTER,LOW_ATR,LOW,False,
2026-05-05T20:35:13.446490+00:00,New York,RANGING,15.37,0.0105,3.038929,0.285839,0.5510,0.451572,0.4490,0.360246,0.165733,0.049720,0.0000,-0.0122,0.442763,0.442763,0.090034,0.0100,False,0.5800,0.4200,False,HOLD,SELL,THRESHOLD_CHECK,BELOW_THRESHOLD,LOW,False,HOLD: Final 0.4428 between BUY>0.5800 and SELL<0.4200
2026-05-05T20:35:19.876128+00:00,New York,RANGING,14.71,0.0000,0.000208,0.367052,0.5500,0.423058,0.4500,0.392255,0.056006,0.016802,0.0000,-0.0139,0.433992,0.433992,0.090943,0.0100,False,0.5800,0.4200,False,HOLD,SELL,THRESHOLD_CHECK,BELOW_THRESHOLD,LOW,False,HOLD: Final 0.4340 between BUY>0.5800 and SELL<0.4200
2026-05-05T20:35:21.146388+00:00,New York,RANGING,15.37,0.0105,3.038929,0.285839,0.5510,0.451572,0.4490,0.360246,0.165733,0.049720,0.0000,-0.0122,0.442763,0.442763,0.090034,0.0100,False,0.5800,0.4200,False,HOLD,SELL,THRESHOLD_CHECK,BELOW_THRESHOLD,LOW,False,HOLD: Final 0.4428 between BUY>0.5800 and SELL<0.4200
2026-05-05T20:35:30.652782+00:00,New York,RANGING,14.71,0.0000,0.000208,0.367052,0.5500,0.423058,0.4500,0.392255,0.056006,0.016802,0.0000,-0.0139,0.433992,0.433992,0.090943,0.0100,False,0.5800,0.4200,False,HOLD,SELL,THRESHOLD_CHECK,BELOW_THRESHOLD,LOW,False,HOLD: Final 0.4340 between BUY>0.5800 and SELL<0.4200
2026-05-05T20:35:31.921622+00:00,New York,RANGING,15.37,0.0105,3.038929,0.285839,0.5510,0.451572,0.4490,0.360246,0.165733,0.049720,0.0000,-0.0122,0.442763,0.442763,0.090034,0.0100,False,0.5800,0.4200,False,HOLD,SELL,THRESHOLD_CHECK,BELOW_THRESHOLD,LOW,False,HOLD: Final 0.4428 between BUY>0.5800 and SELL<0.4200
2026-05-05T20:35:41.543810+00:00,New York,RANGING,14.71,0.0000,0.000208,0.427374,0.5500,0.425917,0.4500,0.426718,0.001457,0.000437,0.0000,-0.0139,0.452091,0.452091,0.072845,0.0100,False,0.5800,0.4200,False,HOLD,SELL,THRESHOLD_CHECK,BELOW_THRESHOLD,LOW,False,HOLD: Final 0.4521 between BUY>0.5800 and SELL<0.4200
2026-05-05T20:35:42.805262+00:00,New York,RANGING,15.37,0.0105,3.038929,0.285839,0.5510,0.451572,0.4490,0.360246,0.165733,0.049720,0.0000,-0.0122,0.442763,0.442763,0.090034,0.0100,False,0.5800,0.4200,False,HOLD,SELL,THRESHOLD_CHECK,BELOW_THRESHOLD,LOW,False,HOLD: Final 0.4428 between BUY>0.5800 and SELL<0.4200
2026-05-05T20:35:52.469724+00:00,New York,RANGING,14.71,0.0000,0.000208,0.427374,0.5500,0.425917,0.4500,0.426718,0.001457,0.000437,0.0000,-0.0139,0.452091,0.452091,0.072845,0.0100,False,0.5800,0.4200,False,HOLD,SELL,THRESHOLD_CHECK,BELOW_THRESHOLD,LOW,False,HOLD: Final 0.4521 between BUY>0.5800 and SELL<0.4200
2026-05-05T20:35:53.703136+00:00,New York,RANGING,15.37,0.0105,3.038929,0.285839,0.5510,0.451572,0.4490,0.360246,0.165733,0.049720,0.0000,-0.0122,0.442763,0.442763,0.090034,0.0100,False,0.5800,0.4200,False,HOLD,SELL,THRESHOLD_CHECK,BELOW_THRESHOLD,LOW,False,HOLD: Final 0.4428 between BUY>0.5800 and SELL<0.4200
2026-05-05T20:36:03.297806+00:00,New York,RANGING,14.71,0.0000,0.000208,0.427374,0.5500,0.425917,0.4500,0.426718,0.001457,0.000437,0.0000,-0.0139,0.452091,0.452091,0.072845,0.0100,False,0.5800,0.4200,False,HOLD,SELL,THRESHOLD_CHECK,BELOW_THRESHOLD,LOW,False,HOLD: Final 0.4521 between BUY>0.5800 and SELL<0.4200
2026-05-05T20:36:04.530850+00:00,New York,RANGING,15.37,0.0105,3.038929,0.285839,0.5510,0.451572,0.4490,0.360246,0.165733,0.049720,0.0000,-0.0122,0.442763,0.442763,0.090034,0.0100,False,0.5800,0.4200,False,HOLD,SELL,THRESHOLD_CHECK,BELOW_THRESHOLD,LOW,False,HOLD: Final 0.4428 between BUY>0.5800 and SELL<0.4200
2026-05-05T20:36:14.178916+00:00,New York,RF_NOISE,14.71,0.0000,0.000208,0.431901,0.5500,0.430603,0.4500,0.500000,0.001298,0.000000,0.0000,0.0000,0.500000,0.500000,0.000000,0.0000,False,0.6000,0.4000,False,HOLD,NONE,SCORE_FLOOR,RF_NOISE_ZONE,LOW,False,"RF_NOISE_GATE: rf_prob=0.4306 in [0.42, 0.58]"
2026-05-05T20:36:15.381647+00:00,New York,RANGING,15.37,0.0105,3.038929,0.285839,0.5510,0.451572,0.4490,0.360246,0.165733,0.049720,0.0000,-0.0122,0.442763,0.442763,0.090034,0.0100,False,0.5800,0.4200,False,HOLD,SELL,THRESHOLD_CHECK,BELOW_THRESHOLD,LOW,False,HOLD: Final 0.4428 between BUY>0.5800 and SELL<0.4200
2026-05-06T21:10:11.048224+00:00,New York,TRANSITIONING,34.89,0.5683,0.000251,0.633827,0.6068,0.484872,0.3932,0.575263,0.148955,0.044686,0.0100,-0.0114,0.569090,0.569090,0.030577,0.0100,False,0.5600,0.4400,False,BUY,BUY,EXECUTION_READY,VALID_SIGNAL,LOW,False,
2026-05-06T21:10:15.412950+00:00,New York,TRANSITIONING,26.09,0.3168,0.000252,0.901579,0.5817,0.518536,0.4183,0.741343,0.383044,0.114913,0.0000,-0.0125,0.633854,0.633854,0.126430,0.0100,False,0.5700,0.4300,False,BUY,BUY,EXECUTION_READY,VALID_SIGNAL,MEDIUM,False,
2026-05-06T21:10:18.193040+00:00,New York,TRENDING,48.76,0.9646,0.045606,0.623666,0.6465,0.544650,0.3535,0.595730,0.079016,0.023705,0.0100,-0.0041,0.548028,0.548028,0.072025,0.0100,False,0.5600,0.4400,False,HOLD,BUY,THRESHOLD_CHECK,BELOW_THRESHOLD,LOW,False,HOLD: Final 0.5480 between BUY>0.5600 and SELL<0.4400
2026-05-06T21:10:20.628815+00:00,New York,TRENDING,39.57,0.7020,3.368604,0.390583,0.6202,0.459466,0.3798,0.416744,0.068883,0.020665,0.0100,-0.0119,0.415679,0.415679,0.062591,0.0100,False,0.5600,0.4400,False,SELL,SELL,EXECUTION_READY,VALID_SIGNAL,MEDIUM,False,
2026-05-06T21:10:25.546790+00:00,New York,TRANSITIONING,34.89,0.5683,0.000251,0.651901,0.6068,0.489042,0.3932,0.587870,0.162859,0.048858,0.0100,-0.0114,0.577526,0.577526,0.039013,0.0100,False,0.5600,0.4400,False,BUY,BUY,EXECUTION_READY,VALID_SIGNAL,LOW,False,
2026-05-06T21:10:28.027277+00:00,New York,TRENDING,48.76,0.9646,0.046034,0.610573,0.6465,0.551702,0.3535,0.589760,0.058872,0.017662,0.0100,-0.0040,0.548179,0.548179,0.072098,0.0100,False,0.5600,0.4400,False,HOLD,BUY,THRESHOLD_CHECK,BELOW_THRESHOLD,LOW,False,HOLD: Final 0.5482 between BUY>0.5600 and SELL<0.4400
2026-05-06T21:10:35.692147+00:00,New York,TRANSITIONING,34.89,0.5683,0.000251,0.659047,0.6068,0.489687,0.3932,0.592460,0.169361,0.050808,0.0100,-0.0114,0.580165,0.580165,0.041652,0.0100,False,0.5600,0.4400,False,BUY,BUY,EXECUTION_READY,VALID_SIGNAL,MEDIUM,False,
2026-05-06T21:10:37.918594+00:00,New York,TRENDING,48.76,0.9646,0.046034,0.610573,0.6465,0.551702,0.3535,0.589760,0.058872,0.017662,0.0100,-0.0040,0.548179,0.548179,0.072098,0.0100,False,0.5600,0.4400,False,HOLD,BUY,THRESHOLD_CHECK,BELOW_THRESHOLD,LOW,False,HOLD: Final 0.5482 between BUY>0.5600 and SELL<0.4400
2026-05-06T21:10:46.014725+00:00,New York,TRANSITIONING,34.89,0.5683,0.000251,0.651901,0.6068,0.489042,0.3932,0.587870,0.162859,0.048858,0.0100,-0.0114,0.577526,0.577526,0.039013,0.0100,False,0.5600,0.4400,False,BUY,BUY,EXECUTION_READY,VALID_SIGNAL,LOW,False,
2026-05-06T21:10:48.055826+00:00,New York,TRENDING,48.76,0.9646,0.046106,0.609513,0.6465,0.552904,0.3535,0.589499,0.056609,0.016983,0.0100,-0.0040,0.548611,0.548611,0.072517,0.0100,False,0.5600,0.4400,False,HOLD,BUY,THRESHOLD_CHECK,BELOW_THRESHOLD,LOW,False,HOLD: Final 0.5486 between BUY>0.5600 and SELL<0.4400
2026-05-06T21:11:02.754992+00:00,New York,TRANSITIONING,34.89,0.5683,0.000251,0.651901,0.6068,0.489042,0.3932,0.587870,0.162859,0.048858,0.0100,-0.0114,0.577526,0.577526,0.039013,0.0100,False,0.5600,0.4400,False,BUY,BUY,EXECUTION_READY,VALID_SIGNAL,LOW,False,
2026-05-06T21:11:08.310239+00:00,New York,TRENDING,48.76,0.9646,0.046106,0.609513,0.6465,0.552904,0.3535,0.589499,0.056609,0.016983,0.0100,-0.0040,0.548611,0.548611,0.072517,0.0100,False,0.5600,0.4400,False,HOLD,BUY,THRESHOLD_CHECK,BELOW_THRESHOLD,LOW,False,HOLD: Final 0.5486 between BUY>0.5600 and SELL<0.4400
2026-05-06T21:11:13.010825+00:00,New York,TRANSITIONING,34.89,0.5683,0.000251,0.659047,0.6068,0.489687,0.3932,0.592460,0.169361,0.050808,0.0100,-0.0114,0.580165,0.580165,0.041652,0.0100,False,0.5600,0.4400,False,BUY,BUY,EXECUTION_READY,VALID_SIGNAL,MEDIUM,False,
2026-05-06T21:11:15.169206+00:00,New York,TRENDING,48.76,0.9646,0.046106,0.609513,0.6465,0.552904,0.3535,0.589499,0.056609,0.016983,0.0100,-0.0040,0.548611,0.548611,0.072517,0.0100,False,0.5600,0.4400,False,HOLD,BUY,THRESHOLD_CHECK,BELOW_THRESHOLD,LOW,False,HOLD: Final 0.5486 between BUY>0.5600 and SELL<0.4400
2026-05-06T21:11:24.010264+00:00,New York,TRANSITIONING,34.89,0.5683,0.000251,0.651901,0.6068,0.489042,0.3932,0.587870,0.162859,0.048858,0.0100,-0.0114,0.577526,0.577526,0.039013,0.0100,False,0.5600,0.4400,False,BUY,BUY,EXECUTION_READY,VALID_SIGNAL,LOW,False,
2026-05-06T21:11:27.276729+00:00,New York,TRENDING,48.76,0.9646,0.046106,0.609513,0.6465,0.552904,0.3535,0.589499,0.056609,0.016983,0.0100,-0.0040,0.548611,0.548611,0.072517,0.0100,False,0.5600,0.4400,False,HOLD,BUY,THRESHOLD_CHECK,BELOW_THRESHOLD,LOW,False,HOLD: Final 0.5486 between BUY>0.5600 and SELL<0.4400
2026-05-06T21:11:40.628081+00:00,New York,TRANSITIONING,34.89,0.5683,0.000251,0.651901,0.6068,0.489042,0.3932,0.587870,0.162859,0.048858,0.0100,-0.0114,0.577526,0.577526,0.039013,0.0100,False,0.5600,0.4400,False,BUY,BUY,EXECUTION_READY,VALID_SIGNAL,LOW,False,
2026-05-06T21:11:43.043133+00:00,New York,TRENDING,48.76,0.9646,0.046106,0.609513,0.6465,0.552904,0.3535,0.589499,0.056609,0.016983,0.0100,-0.0040,0.548611,0.548611,0.072517,0.0100,False,0.5600,0.4400,False,HOLD,BUY,THRESHOLD_CHECK,BELOW_THRESHOLD,LOW,False,HOLD: Final 0.5486 between BUY>0.5600 and SELL<0.4400
2026-05-06T21:11:50.652646+00:00,New York,TRANSITIONING,34.89,0.5683,0.000251,0.651901,0.6068,0.489042,0.3932,0.587870,0.162859,0.048858,0.0100,-0.0114,0.577526,0.577526,0.039013,0.0100,False,0.5600,0.4400,False,BUY,BUY,EXECUTION_READY,VALID_SIGNAL,LOW,False,
2026-05-06T21:11:53.675857+00:00,New York,TRENDING,48.76,0.9646,0.046106,0.609513,0.6465,0.552904,0.3535,0.589499,0.056609,0.016983,0.0100,-0.0040,0.548611,0.548611,0.072517,0.0100,False,0.5600,0.4400,False,HOLD,BUY,THRESHOLD_CHECK,BELOW_THRESHOLD,LOW,False,HOLD: Final 0.5486 between BUY>0.5600 and SELL<0.4400
2026-05-06T21:12:01.774882+00:00,New York,TRANSITIONING,34.89,0.5683,0.000253,0.635280,0.6068,0.484108,0.3932,0.575844,0.151172,0.045351,0.0100,-0.0112,0.569169,0.569169,0.030492,0.0100,False,0.5600,0.4400,False,BUY,BUY,EXECUTION_READY,VALID_SIGNAL,LOW,False,
2026-05-06T21:12:04.456140+00:00,New York,TRENDING,48.76,0.9646,0.046106,0.609513,0.6465,0.552904,0.3535,0.589499,0.056609,0.016983,0.0100,-0.0040,0.548611,0.548611,0.072517,0.0100,False,0.5600,0.4400,False,HOLD,BUY,THRESHOLD_CHECK,BELOW_THRESHOLD,LOW,False,HOLD: Final 0.5486 between BUY>0.5600 and SELL<0.4400
2026-05-06T21:12:12.231934+00:00,New York,TRANSITIONING,34.89,0.5683,0.000253,0.635280,0.6068,0.484108,0.3932,0.575844,0.151172,0.045351,0.0100,-0.0112,0.569169,0.569169,0.030492,0.0100,False,0.5600,0.4400,False,BUY,BUY,EXECUTION_READY,VALID_SIGNAL,LOW,False,
2026-05-06T21:12:14.997723+00:00,New York,TRENDING,48.76,0.9646,0.046106,0.609513,0.6465,0.552904,0.3535,0.589499,0.056609,0.016983,0.0100,-0.0040,0.548611,0.548611,0.072517,0.0100,False,0.5600,0.4400,False,HOLD,BUY,THRESHOLD_CHECK,BELOW_THRESHOLD,LOW,False,HOLD: Final 0.5486 between BUY>0.5600 and SELL<0.4400
2026-05-06T21:12:23.174711+00:00,New York,TRANSITIONING,34.89,0.5683,0.000253,0.652953,0.6068,0.478682,0.3932,0.584435,0.174272,0.052281,0.0100,-0.0112,0.570831,0.570831,0.032154,0.0100,False,0.5600,0.4400,False,BUY,BUY,EXECUTION_READY,VALID_SIGNAL,LOW,False,
2026-05-06T21:12:25.901270+00:00,New York,TRENDING,48.76,0.9646,0.046106,0.609513,0.6465,0.552904,0.3535,0.589499,0.056609,0.016983,0.0100,-0.0040,0.548611,0.548611,0.072517,0.0100,False,0.5600,0.4400,False,HOLD,BUY,THRESHOLD_CHECK,BELOW_THRESHOLD,LOW,False,HOLD: Final 0.5486 between BUY>0.5600 and SELL<0.4400
2026-05-06T21:12:34.272306+00:00,New York,TRANSITIONING,34.89,0.5683,0.000253,0.665874,0.6068,0.482980,0.3932,0.593966,0.182893,0.054868,0.0100,-0.0112,0.577775,0.577775,0.039098,0.0100,False,0.5600,0.4400,False,BUY,BUY,EXECUTION_READY,VALID_SIGNAL,LOW,False,
2026-05-06T21:12:36.362179+00:00,New York,TRENDING,48.76,0.9646,0.046677,0.595387,0.6465,0.540593,0.3535,0.576015,0.054794,0.016438,0.0100,-0.0039,0.535776,0.535776,0.059577,0.0100,False,0.5600,0.4400,False,HOLD,BUY,THRESHOLD_CHECK,BELOW_THRESHOLD,LOW,False,HOLD: Final 0.5358 between BUY>0.5600 and SELL<0.4400
2026-05-07T09:20:06.284625+00:00,London,RF_NOISE,29.52,0.4147,0.000380,0.471191,0.5500,0.557845,0.4500,0.500000,0.086654,0.000000,0.0000,0.0000,0.500000,0.500000,0.000000,0.0000,False,0.6000,0.4000,False,HOLD,NONE,SCORE_FLOOR,RF_NOISE_ZONE,LOW,False,"RF_NOISE_GATE: rf_prob=0.5578 in [0.42, 0.58]"
2026-05-07T09:20:07.569787+00:00,London,TRANSITIONING,22.77,0.2221,0.000364,0.415251,0.5722,0.485351,0.4278,0.445239,0.070099,0.021030,-0.0100,-0.0050,0.428967,0.428967,0.033731,0.0100,False,0.5800,0.4200,False,HOLD,SELL,THRESHOLD_CHECK,BELOW_THRESHOLD,LOW,False,HOLD: Final 0.4290 between BUY>0.5800 and SELL<0.4200
2026-05-07T09:20:08.794350+00:00,London,RF_NOISE,45.55,0.8729,0.048906,0.501859,0.5500,0.504637,0.4500,0.500000,0.002778,0.000000,0.0000,0.0000,0.500000,0.500000,0.000000,0.0000,False,0.6000,0.4000,False,HOLD,NONE,SCORE_FLOOR,RF_NOISE_ZONE,LOW,False,"RF_NOISE_GATE: rf_prob=0.5046 in [0.42, 0.58]"
2026-05-07T09:20:10.019353+00:00,London,TRENDING,39.57,0.7020,3.368604,0.390583,0.6202,0.459466,0.3798,0.416744,0.068883,0.020665,0.0200,-0.0119,0.425684,0.425684,0.062591,0.0100,False,0.5600,0.4400,False,SELL,SELL,EXECUTION_READY,VALID_SIGNAL,LOW,False,
2026-05-07T09:20:17.766862+00:00,London,TRANSITIONING,22.77,0.2221,0.000366,0.421409,0.5722,0.487846,0.4278,0.449830,0.066438,0.019931,-0.0100,-0.0049,0.432180,0.432180,0.030239,0.0100,False,0.5800,0.4200,False,HOLD,SELL,THRESHOLD_CHECK,BELOW_THRESHOLD,LOW,False,HOLD: Final 0.4322 between BUY>0.5800 and SELL<0.4200
2026-05-07T09:20:20.185953+00:00,London,TRENDING,37.54,0.6440,5.435921,0.693617,0.6144,0.541786,0.3856,0.635071,0.151831,0.045549,0.0200,0.0010,0.629522,0.629522,0.089522,0.0100,False,0.5600,0.4400,False,BUY,BUY,EXECUTION_READY,VALID_SIGNAL,MEDIUM,False,
2026-05-07T09:20:39.509086+00:00,London,TRANSITIONING,22.77,0.2221,0.000367,0.415376,0.5722,0.496067,0.4278,0.449894,0.080692,0.024208,-0.0100,-0.0048,0.436174,0.436174,0.025898,0.0100,False,0.5800,0.4200,False,HOLD,SELL,THRESHOLD_CHECK,BELOW_THRESHOLD,LOW,False,HOLD: Final 0.4362 between BUY>0.5800 and SELL<0.4200
2026-05-07T09:20:49.366216+00:00,London,TRANSITIONING,22.77,0.2221,0.000370,0.417776,0.5722,0.480894,0.4278,0.444777,0.063117,0.018935,-0.0100,-0.0046,0.426615,0.426615,0.036288,0.0100,False,0.5800,0.4200,False,HOLD,SELL,THRESHOLD_CHECK,BELOW_THRESHOLD,LOW,False,HOLD: Final 0.4266 between BUY>0.5800 and SELL<0.4200
2026-05-07T09:23:21.166754+00:00,London,RF_NOISE,45.51,0.8716,0.050620,0.500222,0.5500,0.488505,0.4500,0.500000,0.011717,0.000000,0.0000,0.0000,0.500000,0.500000,0.000000,0.0000,False,0.6000,0.4000,False,HOLD,NONE,SCORE_FLOOR,RF_NOISE_ZONE,LOW,False,"RF_NOISE_GATE: rf_prob=0.4885 in [0.42, 0.58]"
2026-05-07T09:23:31.399947+00:00,London,RF_NOISE,37.54,0.6440,5.565207,0.542321,0.5500,0.493140,0.4500,0.500000,0.049181,0.000000,0.0000,0.0000,0.500000,0.500000,0.000000,0.0000,False,0.6000,0.4000,False,HOLD,NONE,SCORE_FLOOR,RF_NOISE_ZONE,LOW,False,"RF_NOISE_GATE: rf_prob=0.4931 in [0.42, 0.58]"
2026-05-07T09:24:02.490037+00:00,London,RF_NOISE,45.47,0.8706,0.050977,0.498678,0.5500,0.487890,0.4500,0.500000,0.010789,0.000000,0.0000,0.0000,0.500000,0.500000,0.000000,0.0000,False,0.6000,0.4000,False,HOLD,NONE,SCORE_FLOOR,RF_NOISE_ZONE,LOW,False,"RF_NOISE_GATE: rf_prob=0.4879 in [0.42, 0.58]"
2026-05-07T09:25:07.913024+00:00,London,RF_NOISE,29.52,0.4147,0.000371,0.464273,0.5500,0.577221,0.4500,0.500000,0.112948,0.000000,0.0000,0.0000,0.500000,0.500000,0.000000,0.0000,False,0.6000,0.4000,False,HOLD,NONE,SCORE_FLOOR,RF_NOISE_ZONE,LOW,False,"RF_NOISE_GATE: rf_prob=0.5772 in [0.42, 0.58]"
2026-05-07T09:25:11.341636+00:00,London,TRANSITIONING,22.77,0.2221,0.000356,0.399306,0.5722,0.487451,0.4278,0.437013,0.088145,0.026443,-0.0100,-0.0055,0.426380,0.426380,0.036544,0.0100,False,0.5800,0.4200,False,HOLD,SELL,THRESHOLD_CHECK,BELOW_THRESHOLD,LOW,False,HOLD: Final 0.4264 between BUY>0.5800 and SELL<0.4200
2026-05-07T09:25:14.746341+00:00,London,RF_NOISE,45.47,0.8706,0.047550,0.494415,0.5500,0.501243,0.4500,0.500000,0.006828,0.000000,0.0000,0.0000,0.500000,0.500000,0.000000,0.0000,False,0.6000,0.4000,False,HOLD,NONE,SCORE_FLOOR,RF_NOISE_ZONE,LOW,False,"RF_NOISE_GATE: rf_prob=0.5012 in [0.42, 0.58]"
2026-05-07T09:25:18.296397+00:00,London,TRENDING,37.54,0.6440,5.239375,0.600091,0.6144,0.531107,0.3856,0.573491,0.068984,0.020695,0.0200,-0.0002,0.592554,0.592554,0.052796,0.0100,False,0.5600,0.4400,False,BUY,BUY,EXECUTION_READY,VALID_SIGNAL,MEDIUM,False,
2026-05-07T09:26:08.342357+00:00,London,RF_NOISE,45.47,0.8706,0.048765,0.515034,0.5500,0.498973,0.4500,0.500000,0.016062,0.000000,0.0000,0.0000,0.500000,0.500000,0.000000,0.0000,False,0.6000,0.4000,False,HOLD,NONE,SCORE_FLOOR,RF_NOISE_ZONE,LOW,False,"RF_NOISE_GATE: rf_prob=0.4990 in [0.42, 0.58]"
2026-05-07T09:26:40.739711+00:00,London,TRANSITIONING,29.52,0.4147,0.000382,0.506134,0.5915,0.595232,0.4085,0.542533,0.089098,0.026729,0.0100,-0.0012,0.544596,0.544596,0.015804,0.0100,False,0.5600,0.4400,False,HOLD,BUY,THRESHOLD_CHECK,BELOW_THRESHOLD,LOW,False,HOLD: Final 0.5446 between BUY>0.5600 and SELL<0.4400
2026-05-07T09:28:17.345393+00:00,London,TRANSITIONING,29.52,0.4147,0.000384,0.464944,0.5915,0.580578,0.4085,0.512184,0.115633,0.034690,0.0100,-0.0010,0.456450,0.456450,0.022506,0.0100,False,0.5600,0.4400,False,HOLD,SELL,THRESHOLD_CHECK,BELOW_THRESHOLD,LOW,False,HOLD: Final 0.4564 between BUY>0.5600 and SELL<0.4400
2026-05-07T09:30:03.875664+00:00,London,RF_NOISE,29.52,0.4147,0.000390,0.508922,0.5500,0.575125,0.4500,0.500000,0.066202,0.000000,0.0000,0.0000,0.500000,0.500000,0.000000,0.0000,False,0.6000,0.4000,False,HOLD,NONE,SCORE_FLOOR,RF_NOISE_ZONE,LOW,False,"RF_NOISE_GATE: rf_prob=0.5751 in [0.42, 0.58]"
2026-05-07T09:30:07.485399+00:00,London,RF_NOISE,22.77,0.2221,0.000344,0.450183,0.5500,0.499677,0.4500,0.500000,0.049494,0.000000,0.0000,0.0000,0.500000,0.500000,0.000000,0.0000,False,0.6000,0.4000,False,HOLD,NONE,SCORE_FLOOR,RF_NOISE_ZONE,LOW,False,"RF_NOISE_GATE: rf_prob=0.4997 in [0.42, 0.58]"
2026-05-07T09:30:11.350681+00:00,London,RF_NOISE,45.47,0.8706,0.046501,0.501678,0.5500,0.504340,0.4500,0.500000,0.002662,0.000000,0.0000,0.0000,0.500000,0.500000,0.000000,0.0000,False,0.6000,0.4000,False,HOLD,NONE,SCORE_FLOOR,RF_NOISE_ZONE,LOW,False,"RF_NOISE_GATE: rf_prob=0.5043 in [0.42, 0.58]"
2026-05-07T09:30:15.064036+00:00,London,TRENDING,37.54,0.6440,5.234063,0.668409,0.6144,0.572148,0.3856,0.631290,0.096261,0.028878,0.0200,-0.0003,0.642150,0.642150,0.102412,0.0100,False,0.5600,0.4400,False,BUY,BUY,EXECUTION_READY,VALID_SIGNAL,MEDIUM,False,
2026-05-07T09:30:19.219483+00:00,London,TRANSITIONING,22.77,0.2221,0.000347,0.424026,0.5722,0.500038,0.4278,0.456543,0.076012,0.022803,-0.0100,-0.0061,0.440998,0.440998,0.020654,0.0100,False,0.5800,0.4200,False,HOLD,SELL,THRESHOLD_CHECK,BELOW_THRESHOLD,LOW,False,HOLD: Final 0.4410 between BUY>0.5800 and SELL<0.4200
2026-05-07T12:01:01.198399+00:00,London,TRANSITIONING,30.10,0.4314,0.000358,0.379346,0.5931,0.488876,0.4069,0.423909,0.109530,0.032859,0.0100,-0.0032,0.433556,0.433556,0.043232,0.0100,False,0.5600,0.4400,False,SELL,SELL,EXECUTION_READY,VALID_SIGNAL,LOW,False,
2026-05-07T12:01:04.489605+00:00,London,RF_NOISE,24.30,0.2656,0.000427,0.436025,0.5500,0.514956,0.4500,0.500000,0.078931,0.000000,0.0000,0.0000,0.500000,0.500000,0.000000,0.0000,False,0.6000,0.4000,False,HOLD,NONE,SCORE_FLOOR,RF_NOISE_ZONE,LOW,False,"RF_NOISE_GATE: rf_prob=0.5150 in [0.42, 0.58]"
2026-05-07T12:01:05.745263+00:00,London,TRENDING,42.93,0.7979,0.038942,0.760045,0.6298,0.524465,0.3702,0.672830,0.235580,0.070674,0.0200,-0.0059,0.566285,0.566285,0.102156,0.0100,False,0.5600,0.4400,False,BUY,BUY,EXECUTION_READY,VALID_SIGNAL,LOW,False,
2026-05-07T12:01:08.140537+00:00,London,TRENDING,38.41,0.6689,4.527552,0.744065,0.6169,0.378968,0.3831,0.604191,0.365096,0.000000,0.0000,0.0000,0.500000,0.604191,0.000000,0.0000,False,0.6000,0.4000,False,HOLD,NONE,CONFLICT,CONFLICT,LOW,True,XGB_RF_CONFLICT: RF=0.379 vs XGB=0.744 â€” opposite directions
2026-05-07T12:01:43.467524+00:00,London,TRANSITIONING,24.30,0.2656,0.000431,0.424459,0.5766,0.512504,0.4234,0.461740,0.088045,0.026414,-0.0100,-0.0009,0.449101,0.449101,0.011846,0.0100,True,0.5700,0.4300,False,HOLD,SELL,THRESHOLD_CHECK,BELOW_THRESHOLD,LOW,False,HOLD: Final 0.4491 between BUY>0.5700 and SELL<0.4300
2026-05-07T12:01:44.715369+00:00,London,TRENDING,38.41,0.6689,4.528981,0.756902,0.6169,0.406107,0.3831,0.622507,0.350795,0.000000,0.0000,0.0000,0.500000,0.622507,0.000000,0.0000,False,0.6000,0.4000,False,HOLD,NONE,CONFLICT,CONFLICT,LOW,True,XGB_RF_CONFLICT: RF=0.406 vs XGB=0.757 â€” opposite directions
2026-05-07T12:02:03.675988+00:00,London,TRANSITIONING,30.10,0.4314,0.000364,0.375285,0.5931,0.475676,0.4069,0.416130,0.100391,0.030117,0.0100,-0.0028,0.423475,0.423475,0.053753,0.0100,False,0.5600,0.4400,False,SELL,SELL,EXECUTION_READY,VALID_SIGNAL,LOW,False,
2026-05-07T12:02:13.874601+00:00,London,TRENDING,38.41,0.6689,4.571124,0.756902,0.6169,0.392162,0.3831,0.617165,0.364740,0.000000,0.0000,0.0000,0.500000,0.617165,0.000000,0.0000,False,0.6000,0.4000,False,HOLD,NONE,CONFLICT,CONFLICT,LOW,True,XGB_RF_CONFLICT: RF=0.392 vs XGB=0.757 â€” opposite directions
2026-05-07T12:02:24.463802+00:00,London,TRENDING,38.41,0.6689,4.696838,0.763643,0.6169,0.393640,0.3831,0.621890,0.370002,0.000000,0.0000,0.0000,0.500000,0.621890,0.000000,0.0000,False,0.6000,0.4000,False,HOLD,NONE,CONFLICT,CONFLICT,LOW,True,XGB_RF_CONFLICT: RF=0.394 vs XGB=0.764 â€” opposite directions
2026-05-07T12:02:35.037038+00:00,London,TRENDING,38.41,0.6689,4.701124,0.762551,0.6169,0.393821,0.3831,0.621285,0.368730,0.000000,0.0000,0.0000,0.500000,0.621285,0.000000,0.0000,False,0.6000,0.4000,False,HOLD,NONE,CONFLICT,CONFLICT,LOW,True,XGB_RF_CONFLICT: RF=0.394 vs XGB=0.763 â€” opposite directions
2026-05-07T12:02:56.027074+00:00,London,RF_NOISE,24.30,0.2656,0.000434,0.435994,0.5500,0.515715,0.4500,0.500000,0.079721,0.000000,0.0000,0.0000,0.500000,0.500000,0.000000,0.0000,False,0.6000,0.4000,False,HOLD,NONE,SCORE_FLOOR,RF_NOISE_ZONE,LOW,False,"RF_NOISE_GATE: rf_prob=0.5157 in [0.42, 0.58]"
2026-05-07T12:02:57.283063+00:00,London,TRENDING,42.93,0.7979,0.039799,0.760045,0.6298,0.503910,0.3702,0.665220,0.256135,0.076840,0.0200,-0.0057,0.552669,0.552669,0.088380,0.0100,False,0.5600,0.4400,False,HOLD,BUY,THRESHOLD_CHECK,BELOW_THRESHOLD,LOW,False,HOLD: Final 0.5527 between BUY>0.5600 and SELL<0.4400
2026-05-07T12:03:06.893925+00:00,London,RF_NOISE,24.30,0.2656,0.000434,0.435994,0.5500,0.512355,0.4500,0.500000,0.076360,0.000000,0.0000,0.0000,0.500000,0.500000,0.000000,0.0000,False,0.6000,0.4000,False,HOLD,NONE,SCORE_FLOOR,RF_NOISE_ZONE,LOW,False,"RF_NOISE_GATE: rf_prob=0.5124 in [0.42, 0.58]"
2026-05-07T12:03:27.841254+00:00,London,TRENDING,42.93,0.7979,0.039870,0.760045,0.6298,0.521016,0.3702,0.671553,0.239028,0.071708,0.0200,-0.0057,0.574147,0.574147,0.099845,0.0100,False,0.5600,0.4400,False,BUY,BUY,EXECUTION_READY,VALID_SIGNAL,LOW,False,
2026-05-07T12:03:38.175553+00:00,London,TRANSITIONING,24.30,0.2656,0.000434,0.422704,0.5766,0.504016,0.4234,0.457134,0.081312,0.024394,-0.0100,-0.0007,0.443006,0.443006,0.018472,0.0100,False,0.5700,0.4300,False,HOLD,SELL,THRESHOLD_CHECK,BELOW_THRESHOLD,LOW,False,HOLD: Final 0.4430 between BUY>0.5700 and SELL<0.4300
2026-05-07T12:03:39.401988+00:00,London,TRENDING,42.93,0.7979,0.039870,0.760455,0.6298,0.524278,0.3702,0.673019,0.236177,0.070853,0.0200,-0.0057,0.576469,0.576469,0.102166,0.0100,False,0.5600,0.4400,False,BUY,BUY,EXECUTION_READY,VALID_SIGNAL,LOW,False,
2026-05-07T12:03:48.901758+00:00,London,TRANSITIONING,24.30,0.2656,0.000438,0.421306,0.5766,0.494111,0.4234,0.452134,0.072806,0.021842,-0.0100,-0.0004,0.436058,0.436058,0.026024,0.0100,False,0.5700,0.4300,False,HOLD,SELL,THRESHOLD_CHECK,BELOW_THRESHOLD,LOW,False,HOLD: Final 0.4361 between BUY>0.5700 and SELL<0.4300
2026-05-07T12:03:59.486040+00:00,London,RF_NOISE,24.30,0.2656,0.000445,0.434586,0.5500,0.497954,0.4500,0.500000,0.063368,0.000000,0.0000,0.0000,0.500000,0.500000,0.000000,0.0000,False,0.6000,0.4000,False,HOLD,NONE,SCORE_FLOOR,RF_NOISE_ZONE,LOW,False,"RF_NOISE_GATE: rf_prob=0.4980 in [0.42, 0.58]"
2026-05-07T12:04:10.119730+00:00,London,TRANSITIONING,30.10,0.4314,0.000366,0.375285,0.5931,0.478271,0.4069,0.417185,0.102986,0.030896,0.0100,-0.0026,0.412235,0.412235,0.051919,0.0100,False,0.5600,0.4400,False,SELL,SELL,EXECUTION_READY,VALID_SIGNAL,MEDIUM,False,
2026-05-07T12:04:20.765563+00:00,London,RF_NOISE,24.30,0.2656,0.000449,0.434586,0.5500,0.492300,0.4500,0.500000,0.057715,0.000000,0.0000,0.0000,0.500000,0.500000,0.000000,0.0000,False,0.6000,0.4000,False,HOLD,NONE,SCORE_FLOOR,RF_NOISE_ZONE,LOW,False,"RF_NOISE_GATE: rf_prob=0.4923 in [0.42, 0.58]"
2026-05-07T12:04:31.409604+00:00,London,RF_NOISE,24.30,0.2656,0.000450,0.434586,0.5500,0.494818,0.4500,0.500000,0.060233,0.000000,0.0000,0.0000,0.500000,0.500000,0.000000,0.0000,False,0.6000,0.4000,False,HOLD,NONE,SCORE_FLOOR,RF_NOISE_ZONE,LOW,False,"RF_NOISE_GATE: rf_prob=0.4948 in [0.42, 0.58]"
2026-05-07T12:04:52.413988+00:00,London,RF_NOISE,24.30,0.2656,0.000451,0.434586,0.5500,0.494381,0.4500,0.500000,0.059796,0.000000,0.0000,0.0000,0.500000,0.500000,0.000000,0.0000,False,0.6000,0.4000,False,HOLD,NONE,SCORE_FLOOR,RF_NOISE_ZONE,LOW,False,"RF_NOISE_GATE: rf_prob=0.4944 in [0.42, 0.58]"
2026-05-07T12:05:03.018132+00:00,London,TRANSITIONING,30.13,0.4322,0.000343,0.379346,0.5932,0.480426,0.4068,0.420463,0.101080,0.030324,0.0100,-0.0044,0.414724,0.414724,0.049213,0.0100,False,0.5600,0.4400,False,SELL,SELL,EXECUTION_READY,VALID_SIGNAL,MEDIUM,False,
2026-05-07T12:05:05.500359+00:00,London,RF_NOISE,24.30,0.2656,0.000421,0.436352,0.5500,0.496113,0.4500,0.500000,0.059760,0.000000,0.0000,0.0000,0.500000,0.500000,0.000000,0.0000,False,0.6000,0.4000,False,HOLD,NONE,SCORE_FLOOR,RF_NOISE_ZONE,LOW,False,"RF_NOISE_GATE: rf_prob=0.4961 in [0.42, 0.58]"
2026-05-07T12:05:06.731160+00:00,London,TRENDING,42.93,0.7979,0.037635,0.796453,0.6298,0.545377,0.3702,0.703502,0.251076,0.075323,0.0200,-0.0061,0.602059,0.602059,0.128179,0.0100,False,0.5600,0.4400,False,BUY,BUY,EXECUTION_READY,VALID_SIGNAL,MEDIUM,False,
2026-05-07T12:05:08.716968+00:00,London,TRENDING,38.41,0.6689,4.419615,0.737097,0.6169,0.399566,0.3831,0.607784,0.337531,0.000000,0.0000,0.0000,0.500000,0.607784,0.000000,0.0000,False,0.6000,0.4000,False,HOLD,NONE,CONFLICT,CONFLICT,LOW,True,XGB_RF_CONFLICT: RF=0.400 vs XGB=0.737 â€” opposite directions
2026-05-07T12:05:13.061692+00:00,London,RF_NOISE,24.30,0.2656,0.000421,0.436352,0.5500,0.494779,0.4500,0.500000,0.058426,0.000000,0.0000,0.0000,0.500000,0.500000,0.000000,0.0000,False,0.6000,0.4000,False,HOLD,NONE,SCORE_FLOOR,RF_NOISE_ZONE,LOW,False,"RF_NOISE_GATE: rf_prob=0.4948 in [0.42, 0.58]"
2026-05-07T12:05:23.700774+00:00,London,TRENDING,42.93,0.7979,0.038563,0.780242,0.6298,0.543299,0.3702,0.692523,0.236944,0.071083,0.0200,-0.0059,0.585494,0.585494,0.121440,0.0100,False,0.5600,0.4400,False,BUY,BUY,EXECUTION_READY,VALID_SIGNAL,MEDIUM,False,
2026-05-07T12:07:08.285978+00:00,London,TRENDING,38.41,0.6689,4.614615,0.728528,0.6169,0.388954,0.3831,0.598432,0.339574,0.000000,0.0000,0.0000,0.500000,0.598432,0.000000,0.0000,False,0.6000,0.4000,False,HOLD,NONE,CONFLICT,CONFLICT,LOW,True,XGB_RF_CONFLICT: RF=0.389 vs XGB=0.729 â€” opposite directions
2026-05-07T12:07:39.618321+00:00,London,RF_NOISE,24.30,0.2656,0.000433,0.436352,0.5500,0.495782,0.4500,0.500000,0.059430,0.000000,0.0000,0.0000,0.500000,0.500000,0.000000,0.0000,False,0.6000,0.4000,False,HOLD,NONE,SCORE_FLOOR,RF_NOISE_ZONE,LOW,False,"RF_NOISE_GATE: rf_prob=0.4958 in [0.42, 0.58]"
2026-05-07T12:08:00.331417+00:00,London,TRENDING,38.41,0.6689,4.631758,0.760632,0.6169,0.397790,0.3831,0.621622,0.362842,0.000000,0.0000,0.0000,0.500000,0.621622,0.000000,0.0000,False,0.6000,0.4000,False,HOLD,NONE,CONFLICT,CONFLICT,LOW,True,XGB_RF_CONFLICT: RF=0.398 vs XGB=0.761 â€” opposite directions
2026-05-07T12:09:23.088681+00:00,London,TRANSITIONING,24.30,0.2656,0.000440,0.422696,0.5766,0.506118,0.4234,0.458020,0.083422,0.025027,-0.0100,-0.0003,0.444403,0.444403,0.016953,0.0100,False,0.5700,0.4300,False,HOLD,SELL,THRESHOLD_CHECK,BELOW_THRESHOLD,LOW,False,HOLD: Final 0.4444 between BUY>0.5700 and SELL<0.4300
2026-05-07T12:09:33.571737+00:00,London,TRANSITIONING,24.30,0.2656,0.000448,0.418375,0.5766,0.515036,0.4234,0.459305,0.096661,0.028998,-0.0100,0.0002,0.449239,0.449239,0.011697,0.0100,True,0.5700,0.4300,False,HOLD,SELL,THRESHOLD_CHECK,BELOW_THRESHOLD,LOW,False,HOLD: Final 0.4492 between BUY>0.5700 and SELL<0.4300
2026-05-07T12:10:04.698039+00:00,London,TRANSITIONING,30.16,0.4332,0.000337,0.379346,0.5933,0.478929,0.4067,0.419845,0.099584,0.029875,0.0100,-0.0049,0.413742,0.413742,0.050280,0.0100,False,0.5600,0.4400,False,SELL,SELL,EXECUTION_READY,VALID_SIGNAL,MEDIUM,False,
2026-05-07T12:10:06.145098+00:00,London,TRANSITIONING,24.30,0.2656,0.000417,0.413678,0.5766,0.500163,0.4234,0.450299,0.086485,0.025946,-0.0100,-0.0017,0.438145,0.438145,0.023756,0.0100,False,0.5700,0.4300,False,HOLD,SELL,THRESHOLD_CHECK,BELOW_THRESHOLD,LOW,False,HOLD: Final 0.4381 between BUY>0.5700 and SELL<0.4300
2026-05-07T12:10:07.291578+00:00,London,TRENDING,42.93,0.7979,0.037472,0.796453,0.6298,0.547633,0.3702,0.704337,0.248820,0.074646,0.0200,-0.0062,0.593538,0.593538,0.129691,0.0100,False,0.5600,0.4400,False,BUY,BUY,EXECUTION_READY,VALID_SIGNAL,MEDIUM,False,
2026-05-07T12:10:08.679383+00:00,London,TRENDING,38.41,0.6689,4.394081,0.721851,0.6169,0.412766,0.3831,0.603436,0.309085,0.000000,0.0000,0.0000,0.500000,0.603436,0.000000,0.0000,False,0.6000,0.4000,False,HOLD,NONE,CONFLICT,CONFLICT,LOW,True,XGB_RF_CONFLICT: RF=0.413 vs XGB=0.722 â€” opposite directions
2026-05-07T12:10:35.670405+00:00,London,TRENDING,38.41,0.6689,4.624081,0.717430,0.6169,0.404329,0.3831,0.597476,0.313101,0.000000,0.0000,0.0000,0.500000,0.597476,0.000000,0.0000,False,0.6000,0.4000,False,HOLD,NONE,CONFLICT,CONFLICT,LOW,True,XGB_RF_CONFLICT: RF=0.404 vs XGB=0.717 â€” opposite directions
2026-05-07T12:10:46.133012+00:00,London,TRENDING,42.93,0.7979,0.039258,0.939150,0.6298,0.557959,0.3702,0.798028,0.381191,0.114357,0.0200,-0.0058,0.647853,0.647853,0.183671,0.0100,False,0.5600,0.4400,False,BUY,BUY,EXECUTION_READY,VALID_SIGNAL,MEDIUM,False,
2026-05-07T12:12:09.103163+00:00,London,TRANSITIONING,30.16,0.4332,0.000351,0.376055,0.5933,0.469996,0.4067,0.414260,0.093941,0.028182,0.0100,-0.0038,0.407047,0.407047,0.057558,0.0100,False,0.5600,0.4400,False,SELL,SELL,EXECUTION_READY,VALID_SIGNAL,MEDIUM,False,
2026-05-07T12:12:10.555891+00:00,London,RF_NOISE,24.30,0.2656,0.000432,0.432583,0.5500,0.487498,0.4500,0.500000,0.054915,0.000000,0.0000,0.0000,0.500000,0.500000,0.000000,0.0000,False,0.6000,0.4000,False,HOLD,NONE,SCORE_FLOOR,RF_NOISE_ZONE,LOW,False,"RF_NOISE_GATE: rf_prob=0.4875 in [0.42, 0.58]"
2026-05-07T12:12:11.709795+00:00,London,TRENDING,42.93,0.7979,0.039329,0.939150,0.6298,0.554968,0.3702,0.796921,0.384183,0.115255,0.0200,-0.0058,0.645861,0.645861,0.181666,0.0100,False,0.5600,0.4400,False,BUY,BUY,EXECUTION_READY,VALID_SIGNAL,MEDIUM,False,
2026-05-07T12:13:31.413699+00:00,London,RF_NOISE,24.30,0.2656,0.000433,0.432583,0.5500,0.489734,0.4500,0.500000,0.057151,0.000000,0.0000,0.0000,0.500000,0.500000,0.000000,0.0000,False,0.6000,0.4000,False,HOLD,NONE,SCORE_FLOOR,RF_NOISE_ZONE,LOW,False,"RF_NOISE_GATE: rf_prob=0.4897 in [0.42, 0.58]"
2026-05-07T12:13:41.853946+00:00,London,TRENDING,38.42,0.6693,4.787652,0.711941,0.6169,0.424498,0.3831,0.601829,0.287443,0.086233,0.0200,-0.0027,0.552903,0.552903,0.015596,0.0100,False,0.5600,0.4400,False,HOLD,BUY,THRESHOLD_CHECK,BELOW_THRESHOLD,LOW,False,HOLD: Final 0.5529 between BUY>0.5600 and SELL<0.4400
2026-05-07T12:14:23.322634+00:00,London,TRENDING,42.93,0.7979,0.039401,0.761988,0.6298,0.556337,0.3702,0.685854,0.205651,0.061695,0.0200,-0.0058,0.588367,0.588367,0.124158,0.0100,False,0.5600,0.4400,False,BUY,BUY,EXECUTION_READY,VALID_SIGNAL,MEDIUM,False,
2026-05-07T12:15:05.129977+00:00,London,TRANSITIONING,30.19,0.4341,0.000334,0.379346,0.5934,0.478776,0.4066,0.419773,0.099430,0.029829,0.0100,-0.0051,0.413634,0.413634,0.050398,0.0100,False,0.5600,0.4400,False,SELL,SELL,EXECUTION_READY,VALID_SIGNAL,MEDIUM,False,
2026-05-07T12:15:06.550428+00:00,London,RF_NOISE,24.30,0.2656,0.000406,0.430809,0.5500,0.482044,0.4500,0.500000,0.051235,0.000000,0.0000,0.0000,0.500000,0.500000,0.000000,0.0000,False,0.6000,0.4000,False,HOLD,NONE,SCORE_FLOOR,RF_NOISE_ZONE,LOW,False,"RF_NOISE_GATE: rf_prob=0.4820 in [0.42, 0.58]"
2026-05-07T12:15:07.706931+00:00,London,TRENDING,42.93,0.7979,0.036729,0.797497,0.6298,0.554805,0.3702,0.707650,0.242693,0.072808,0.0200,-0.0063,0.598547,0.598547,0.134842,0.0100,False,0.5600,0.4400,False,BUY,BUY,EXECUTION_READY,VALID_SIGNAL,MEDIUM,False,
2026-05-07T12:15:09.120231+00:00,London,TRENDING,38.42,0.6693,4.549249,0.712106,0.6169,0.416803,0.3831,0.598983,0.295302,0.000000,0.0000,0.0000,0.500000,0.598983,0.000000,0.0000,False,0.6000,0.4000,False,HOLD,NONE,CONFLICT,CONFLICT,LOW,True,XGB_RF_CONFLICT: RF=0.417 vs XGB=0.712 â€” opposite directions
2026-05-07T12:16:07.226701+00:00,London,RF_NOISE,24.30,0.2656,0.000414,0.430809,0.5500,0.480200,0.4500,0.500000,0.049390,0.000000,0.0000,0.0000,0.500000,0.500000,0.000000,0.0000,False,0.6000,0.4000,False,HOLD,NONE,SCORE_FLOOR,RF_NOISE_ZONE,LOW,False,"RF_NOISE_GATE: rf_prob=0.4802 in [0.42, 0.58]"
2026-05-07T12:16:17.791213+00:00,London,RF_NOISE,24.30,0.2656,0.000421,0.430809,0.5500,0.481862,0.4500,0.500000,0.051053,0.000000,0.0000,0.0000,0.500000,0.500000,0.000000,0.0000,False,0.6000,0.4000,False,HOLD,NONE,SCORE_FLOOR,RF_NOISE_ZONE,LOW,False,"RF_NOISE_GATE: rf_prob=0.4819 in [0.42, 0.58]"
2026-05-07T12:16:28.298233+00:00,London,RF_NOISE,24.30,0.2656,0.000421,0.430809,0.5500,0.481118,0.4500,0.500000,0.050309,0.000000,0.0000,0.0000,0.500000,0.500000,0.000000,0.0000,False,0.6000,0.4000,False,HOLD,NONE,SCORE_FLOOR,RF_NOISE_ZONE,LOW,False,"RF_NOISE_GATE: rf_prob=0.4811 in [0.42, 0.58]"
2026-05-07T12:16:29.449374+00:00,London,TRENDING,42.93,0.7979,0.039086,0.764694,0.6298,0.550982,0.3702,0.685575,0.213712,0.064114,0.0200,-0.0059,0.585608,0.585608,0.121461,0.0100,False,0.5600,0.4400,False,BUY,BUY,EXECUTION_READY,VALID_SIGNAL,MEDIUM,False,
2026-05-07T12:16:39.261281+00:00,London,TRANSITIONING,30.21,0.4346,0.000348,0.378441,0.5935,0.465575,0.4065,0.413865,0.087134,0.026140,0.0100,-0.0040,0.404804,0.404804,0.059995,0.0100,False,0.5600,0.4400,False,SELL,SELL,EXECUTION_READY,VALID_SIGNAL,MEDIUM,False,
2026-05-07T12:16:40.696641+00:00,London,RF_NOISE,24.34,0.2667,0.000424,0.432896,0.5500,0.502312,0.4500,0.500000,0.069416,0.000000,0.0000,0.0000,0.500000,0.500000,0.000000,0.0000,False,0.6000,0.4000,False,HOLD,NONE,SCORE_FLOOR,RF_NOISE_ZONE,LOW,False,"RF_NOISE_GATE: rf_prob=0.5023 in [0.42, 0.58]"
2026-05-07T12:16:41.850058+00:00,London,TRENDING,42.94,0.7982,0.039872,0.764694,0.6298,0.550766,0.3702,0.685503,0.213928,0.064179,0.0200,-0.0057,0.585618,0.585618,0.121324,0.0100,False,0.5600,0.4400,False,BUY,BUY,EXECUTION_READY,VALID_SIGNAL,MEDIUM,False,
2026-05-07T12:16:49.507013+00:00,London,TRANSITIONING,30.28,0.4367,0.000354,0.374384,0.5937,0.447765,0.4063,0.404201,0.073381,0.022014,0.0100,-0.0035,0.392118,0.392118,0.073784,0.0100,False,0.5600,0.4400,False,SELL,SELL,EXECUTION_READY,VALID_SIGNAL,MEDIUM,False,
2026-05-07T12:16:50.883980+00:00,London,RF_NOISE,24.44,0.2697,0.000434,0.432896,0.5500,0.475701,0.4500,0.500000,0.042805,0.000000,0.0000,0.0000,0.500000,0.500000,0.000000,0.0000,False,0.6000,0.4000,False,HOLD,NONE,SCORE_FLOOR,RF_NOISE_ZONE,LOW,False,"RF_NOISE_GATE: rf_prob=0.4757 in [0.42, 0.58]"
2026-05-07T12:16:52.057536+00:00,London,TRENDING,42.95,0.7986,0.040086,0.764694,0.6299,0.551225,0.3701,0.685681,0.213469,0.064041,0.0200,-0.0057,0.605974,0.605974,0.121640,0.0100,False,0.5600,0.4400,False,BUY,BUY,EXECUTION_READY,VALID_SIGNAL,MEDIUM,False,
2026-05-07T12:16:59.708155+00:00,London,RF_NOISE,24.44,0.2697,0.000434,0.432896,0.5500,0.501656,0.4500,0.500000,0.068760,0.000000,0.0000,0.0000,0.500000,0.500000,0.000000,0.0000,False,0.6000,0.4000,False,HOLD,NONE,SCORE_FLOOR,RF_NOISE_ZONE,LOW,False,"RF_NOISE_GATE: rf_prob=0.5017 in [0.42, 0.58]"
2026-05-07T12:17:00.822399+00:00,London,TRENDING,38.44,0.6696,4.710677,0.714077,0.6170,0.416638,0.3830,0.600146,0.297438,0.000000,0.0000,0.0000,0.500000,0.600146,0.000000,0.0000,False,0.6000,0.4000,False,HOLD,NONE,CONFLICT,CONFLICT,LOW,True,XGB_RF_CONFLICT: RF=0.417 vs XGB=0.714 â€” opposite directions
2026-05-07T12:17:10.212533+00:00,London,RF_NOISE,24.44,0.2697,0.000434,0.432896,0.5500,0.496829,0.4500,0.500000,0.063933,0.000000,0.0000,0.0000,0.500000,0.500000,0.000000,0.0000,False,0.6000,0.4000,False,HOLD,NONE,SCORE_FLOOR,RF_NOISE_ZONE,LOW,False,"RF_NOISE_GATE: rf_prob=0.4968 in [0.42, 0.58]"
2026-05-07T12:17:20.710022+00:00,London,RF_NOISE,24.44,0.2697,0.000434,0.432896,0.5500,0.504437,0.4500,0.500000,0.071540,0.000000,0.0000,0.0000,0.500000,0.500000,0.000000,0.0000,False,0.6000,0.4000,False,HOLD,NONE,SCORE_FLOOR,RF_NOISE_ZONE,LOW,False,"RF_NOISE_GATE: rf_prob=0.5044 in [0.42, 0.58]"
2026-05-07T12:17:21.852305+00:00,London,TRENDING,42.95,0.7986,0.040086,0.764694,0.6299,0.548982,0.3701,0.684850,0.215712,0.064714,0.0200,-0.0057,0.604471,0.604471,0.120137,0.0100,False,0.5600,0.4400,False,BUY,BUY,EXECUTION_READY,VALID_SIGNAL,MEDIUM,False,
2026-05-07T12:17:31.527756+00:00,London,TRANSITIONING,30.28,0.4367,0.000354,0.375285,0.5937,0.476849,0.4063,0.416554,0.101564,0.030469,0.0100,-0.0035,0.423487,0.423487,0.052977,0.0100,False,0.5600,0.4400,False,SELL,SELL,EXECUTION_READY,VALID_SIGNAL,LOW,False,
2026-05-07T12:17:32.910518+00:00,London,RF_NOISE,24.44,0.2697,0.000434,0.432896,0.5500,0.505173,0.4500,0.500000,0.072277,0.000000,0.0000,0.0000,0.500000,0.500000,0.000000,0.0000,False,0.6000,0.4000,False,HOLD,NONE,SCORE_FLOOR,RF_NOISE_ZONE,LOW,False,"RF_NOISE_GATE: rf_prob=0.5052 in [0.42, 0.58]"
2026-05-07T12:17:42.323053+00:00,London,RF_NOISE,24.44,0.2697,0.000434,0.432896,0.5500,0.504437,0.4500,0.500000,0.071540,0.000000,0.0000,0.0000,0.500000,0.500000,0.000000,0.0000,False,0.6000,0.4000,False,HOLD,NONE,SCORE_FLOOR,RF_NOISE_ZONE,LOW,False,"RF_NOISE_GATE: rf_prob=0.5044 in [0.42, 0.58]"
2026-05-07T12:17:52.713376+00:00,London,RF_NOISE,24.44,0.2697,0.000434,0.430809,0.5500,0.492499,0.4500,0.500000,0.061689,0.000000,0.0000,0.0000,0.500000,0.500000,0.000000,0.0000,False,0.6000,0.4000,False,HOLD,NONE,SCORE_FLOOR,RF_NOISE_ZONE,LOW,False,"RF_NOISE_GATE: rf_prob=0.4925 in [0.42, 0.58]"
2026-05-07T12:18:03.113737+00:00,London,RF_NOISE,24.44,0.2697,0.000434,0.431538,0.5500,0.504114,0.4500,0.500000,0.072576,0.000000,0.0000,0.0000,0.500000,0.500000,0.000000,0.0000,False,0.6000,0.4000,False,HOLD,NONE,SCORE_FLOOR,RF_NOISE_ZONE,LOW,False,"RF_NOISE_GATE: rf_prob=0.5041 in [0.42, 0.58]"
2026-05-07T12:18:13.553258+00:00,London,RF_NOISE,24.44,0.2697,0.000434,0.430809,0.5500,0.492499,0.4500,0.500000,0.061689,0.000000,0.0000,0.0000,0.500000,0.500000,0.000000,0.0000,False,0.6000,0.4000,False,HOLD,NONE,SCORE_FLOOR,RF_NOISE_ZONE,LOW,False,"RF_NOISE_GATE: rf_prob=0.4925 in [0.42, 0.58]"
2026-05-07T12:18:24.136437+00:00,London,RF_NOISE,24.44,0.2697,0.000434,0.432896,0.5500,0.504419,0.4500,0.500000,0.071523,0.000000,0.0000,0.0000,0.500000,0.500000,0.000000,0.0000,False,0.6000,0.4000,False,HOLD,NONE,SCORE_FLOOR,RF_NOISE_ZONE,LOW,False,"RF_NOISE_GATE: rf_prob=0.5044 in [0.42, 0.58]"
2026-05-07T12:18:34.603085+00:00,London,RF_NOISE,24.44,0.2697,0.000434,0.431538,0.5500,0.504996,0.4500,0.500000,0.073459,0.000000,0.0000,0.0000,0.500000,0.500000,0.000000,0.0000,False,0.6000,0.4000,False,HOLD,NONE,SCORE_FLOOR,RF_NOISE_ZONE,LOW,False,"RF_NOISE_GATE: rf_prob=0.5050 in [0.42, 0.58]"
2026-05-07T12:18:45.055889+00:00,London,RF_NOISE,24.44,0.2697,0.000434,0.431132,0.5500,0.504437,0.4500,0.500000,0.073304,0.000000,0.0000,0.0000,0.500000,0.500000,0.000000,0.0000,False,0.6000,0.4000,False,HOLD,NONE,SCORE_FLOOR,RF_NOISE_ZONE,LOW,False,"RF_NOISE_GATE: rf_prob=0.5044 in [0.42, 0.58]"
2026-05-07T12:18:55.461780+00:00,London,TRENDING,38.46,0.6702,4.749249,0.736323,0.6170,0.424173,0.3830,0.616775,0.312151,0.093645,0.0200,-0.0029,0.563129,0.563129,0.023129,0.0100,False,0.5600,0.4400,False,BUY,BUY,EXECUTION_READY,VALID_SIGNAL,LOW,False,
2026-05-07T12:19:06.275849+00:00,London,TRANSITIONING,24.44,0.2697,0.000434,0.429048,0.5770,0.490414,0.4230,0.455008,0.061366,0.018410,-0.0100,-0.0007,0.452757,0.452757,0.026583,0.0100,False,0.5700,0.4300,False,HOLD,SELL,THRESHOLD_CHECK,BELOW_THRESHOLD,LOW,False,HOLD: Final 0.4528 between BUY>0.5700 and SELL<0.4300
2026-05-07T12:19:16.744144+00:00,London,TRANSITIONING,24.44,0.2697,0.000434,0.429048,0.5770,0.492647,0.4230,0.455953,0.063600,0.019080,-0.0100,-0.0007,0.437030,0.437030,0.024968,0.0100,False,0.5700,0.4300,False,HOLD,SELL,THRESHOLD_CHECK,BELOW_THRESHOLD,LOW,False,HOLD: Final 0.4370 between BUY>0.5700 and SELL<0.4300
2026-05-07T12:19:47.872933+00:00,London,TRANSITIONING,30.28,0.4367,0.000361,0.375285,0.5937,0.474821,0.4063,0.415729,0.099536,0.029861,0.0100,-0.0030,0.422604,0.422604,0.054410,0.0100,False,0.5600,0.4400,False,SELL,SELL,EXECUTION_READY,VALID_SIGNAL,LOW,False,
2026-05-07T12:19:49.288093+00:00,London,TRENDING,42.95,0.7986,0.040086,0.932603,0.6299,0.533336,0.3701,0.784818,0.399267,0.119780,0.0200,-0.0057,0.649372,0.649372,0.165038,0.0100,False,0.5600,0.4400,False,BUY,BUY,EXECUTION_READY,VALID_SIGNAL,MEDIUM,False,
2026-05-07T12:20:08.489959+00:00,London,TRANSITIONING,30.28,0.4367,0.000343,0.379346,0.5937,0.492262,0.4063,0.425227,0.112917,0.033875,0.0100,-0.0044,0.422374,0.422374,0.040898,0.0100,False,0.5600,0.4400,False,SELL,SELL,EXECUTION_READY,VALID_SIGNAL,LOW,False,
2026-05-07T12:20:09.901495+00:00,London,TRANSITIONING,24.44,0.2697,0.000415,0.411925,0.5770,0.491982,0.4230,0.445792,0.080057,0.024017,-0.0100,-0.0019,0.432224,0.432224,0.030191,0.0100,False,0.5700,0.4300,False,HOLD,SELL,THRESHOLD_CHECK,BELOW_THRESHOLD,LOW,False,HOLD: Final 0.4322 between BUY>0.5700 and SELL<0.4300
2026-05-07T12:20:11.035369+00:00,London,TRENDING,42.95,0.7986,0.037866,0.797497,0.6299,0.560821,0.3701,0.709894,0.236677,0.071003,0.0200,-0.0061,0.602806,0.602806,0.138891,0.0100,False,0.5600,0.4400,False,BUY,BUY,EXECUTION_READY,VALID_SIGNAL,MEDIUM,False,
2026-05-07T12:20:12.477364+00:00,London,TRENDING,38.46,0.6702,4.539864,0.719338,0.6170,0.428099,0.3830,0.607798,0.291239,0.087372,0.0200,-0.0043,0.556116,0.556116,0.020426,0.0100,False,0.5600,0.4400,False,HOLD,BUY,THRESHOLD_CHECK,BELOW_THRESHOLD,LOW,False,HOLD: Final 0.5561 between BUY>0.5600 and SELL<0.4400
2026-05-07T12:21:00.147363+00:00,London,TRENDING,42.95,0.7986,0.039009,0.765349,0.6299,0.545123,0.3701,0.683834,0.220225,0.066068,0.0200,-0.0059,0.581896,0.581896,0.117767,0.0100,False,0.5600,0.4400,False,BUY,BUY,EXECUTION_READY,VALID_SIGNAL,MEDIUM,False,
2026-05-07T12:22:12.852875+00:00,London,TRENDING,38.46,0.6702,4.875578,0.777718,0.6170,0.438596,0.3830,0.647839,0.339122,0.101737,0.0200,-0.0021,0.584003,0.584003,0.046103,0.0100,False,0.5600,0.4400,False,BUY,BUY,EXECUTION_READY,VALID_SIGNAL,MEDIUM,False,
2026-05-07T12:22:33.879904+00:00,London,TRENDING,38.46,0.6702,5.114149,0.790124,0.6170,0.511097,0.3830,0.683261,0.279027,0.083708,0.0200,-0.0005,0.639023,0.639023,0.099553,0.0100,False,0.5600,0.4400,False,BUY,BUY,EXECUTION_READY,VALID_SIGNAL,MEDIUM,False,
2026-05-07T12:22:54.860657+00:00,London,TRANSITIONING,24.44,0.2697,0.000438,0.385039,0.5770,0.511339,0.4230,0.438468,0.126300,0.037890,-0.0100,-0.0004,0.438250,0.438250,0.023642,0.0100,False,0.5700,0.4300,False,HOLD,SELL,THRESHOLD_CHECK,BELOW_THRESHOLD,LOW,False,HOLD: Final 0.4382 between BUY>0.5700 and SELL<0.4300
2026-05-07T12:23:05.538780+00:00,London,TRANSITIONING,24.44,0.2697,0.000450,0.385039,0.5770,0.516582,0.4230,0.440686,0.131543,0.039463,-0.0100,0.0003,0.441737,0.441737,0.019851,0.0100,False,0.5700,0.4300,False,HOLD,SELL,THRESHOLD_CHECK,BELOW_THRESHOLD,LOW,False,HOLD: Final 0.4417 between BUY>0.5700 and SELL<0.4300
2026-05-07T12:23:16.004916+00:00,London,TRANSITIONING,30.28,0.4367,0.000372,0.379346,0.5937,0.491280,0.4063,0.424828,0.111934,0.033580,0.0100,-0.0022,0.426211,0.426211,0.041592,0.0100,False,0.5600,0.4400,False,SELL,SELL,EXECUTION_READY,VALID_SIGNAL,LOW,False,
2026-05-07T12:23:26.832902+00:00,London,TRANSITIONING,24.44,0.2697,0.000450,0.385039,0.5770,0.516582,0.4230,0.440686,0.131543,0.039463,-0.0100,0.0003,0.441737,0.441737,0.019851,0.0100,False,0.5700,0.4300,False,HOLD,SELL,THRESHOLD_CHECK,BELOW_THRESHOLD,LOW,False,HOLD: Final 0.4417 between BUY>0.5700 and SELL<0.4300
2026-05-07T12:23:27.963096+00:00,London,TRENDING,42.96,0.7988,0.040152,0.763641,0.6299,0.545661,0.3701,0.682963,0.217980,0.065394,0.0200,-0.0057,0.601913,0.601913,0.117569,0.0100,False,0.5600,0.4400,False,BUY,BUY,EXECUTION_READY,VALID_SIGNAL,MEDIUM,False,
2026-05-07T12:23:37.681476+00:00,London,TRANSITIONING,24.44,0.2697,0.000450,0.385039,0.5770,0.516751,0.4230,0.440758,0.131711,0.039513,-0.0100,0.0003,0.441849,0.441849,0.019729,0.0100,False,0.5700,0.4300,False,HOLD,SELL,THRESHOLD_CHECK,BELOW_THRESHOLD,LOW,False,HOLD: Final 0.4418 between BUY>0.5700 and SELL<0.4300
2026-05-07T12:23:38.839298+00:00,London,TRENDING,42.96,0.7988,0.040152,0.763641,0.6299,0.545327,0.3701,0.682839,0.218314,0.065494,0.0200,-0.0057,0.601689,0.601689,0.117345,0.0100,False,0.5600,0.4400,False,BUY,BUY,EXECUTION_READY,VALID_SIGNAL,MEDIUM,False,
2026-05-07T12:23:48.506911+00:00,London,TRANSITIONING,30.28,0.4367,0.000372,0.379346,0.5937,0.486803,0.4063,0.423009,0.107458,0.032237,0.0100,-0.0022,0.418827,0.418827,0.044754,0.0100,False,0.5600,0.4400,False,SELL,SELL,EXECUTION_READY,VALID_SIGNAL,MEDIUM,False,
2026-05-07T12:23:49.898564+00:00,London,TRANSITIONING,24.44,0.2697,0.000450,0.385039,0.5770,0.517868,0.4230,0.441230,0.132829,0.039849,-0.0100,0.0003,0.442593,0.442593,0.018921,0.0100,False,0.5700,0.4300,False,HOLD,SELL,THRESHOLD_CHECK,BELOW_THRESHOLD,LOW,False,HOLD: Final 0.4426 between BUY>0.5700 and SELL<0.4300
2026-05-07T12:23:51.023645+00:00,London,TRENDING,42.98,0.7993,0.040437,0.763641,0.6299,0.551828,0.3701,0.685255,0.211813,0.063544,0.0200,-0.0056,0.606109,0.606109,0.121711,0.0100,False,0.5600,0.4400,False,BUY,BUY,EXECUTION_READY,VALID_SIGNAL,MEDIUM,False,
2026-05-07T12:23:52.400784+00:00,London,TRENDING,38.46,0.6702,5.114149,0.778260,0.6170,0.464622,0.3830,0.658142,0.313637,0.094091,0.0200,-0.0005,0.603521,0.603521,0.064050,0.0100,False,0.5600,0.4400,False,BUY,BUY,EXECUTION_READY,VALID_SIGNAL,MEDIUM,False,
2026-05-07T12:23:59.069487+00:00,London,TRANSITIONING,24.44,0.2697,0.000450,0.385039,0.5770,0.516661,0.4230,0.440720,0.131621,0.039486,-0.0100,0.0003,0.441790,0.441790,0.019794,0.0100,False,0.5700,0.4300,False,HOLD,SELL,THRESHOLD_CHECK,BELOW_THRESHOLD,LOW,False,HOLD: Final 0.4418 between BUY>0.5700 and SELL<0.4300
2026-05-07T12:24:00.226955+00:00,London,TRENDING,42.98,0.7993,0.040437,0.763641,0.6299,0.548198,0.3701,0.683912,0.215443,0.064633,0.0200,-0.0056,0.603677,0.603677,0.119279,0.0100,False,0.5600,0.4400,False,BUY,BUY,EXECUTION_READY,VALID_SIGNAL,MEDIUM,False,
2026-05-07T12:24:09.959337+00:00,London,TRANSITIONING,24.44,0.2697,0.000450,0.385039,0.5770,0.516238,0.4230,0.440541,0.131199,0.039360,-0.0100,0.0003,0.441509,0.441509,0.020099,0.0100,False,0.5700,0.4300,False,HOLD,SELL,THRESHOLD_CHECK,BELOW_THRESHOLD,LOW,False,HOLD: Final 0.4415 between BUY>0.5700 and SELL<0.4300
2026-05-07T12:24:20.383967+00:00,London,TRANSITIONING,24.44,0.2697,0.000450,0.385039,0.5770,0.516661,0.4230,0.440720,0.131621,0.039486,-0.0100,0.0003,0.441790,0.441790,0.019794,0.0100,False,0.5700,0.4300,False,HOLD,SELL,THRESHOLD_CHECK,BELOW_THRESHOLD,LOW,False,HOLD: Final 0.4418 between BUY>0.5700 and SELL<0.4300
2026-05-07T12:24:41.134995+00:00,London,TRANSITIONING,24.44,0.2697,0.000450,0.385039,0.5770,0.516238,0.4230,0.440541,0.131199,0.039360,-0.0100,0.0003,0.441509,0.441509,0.020099,0.0100,False,0.5700,0.4300,False,HOLD,SELL,THRESHOLD_CHECK,BELOW_THRESHOLD,LOW,False,HOLD: Final 0.4415 between BUY>0.5700 and SELL<0.4300
2026-05-07T12:24:42.288991+00:00,London,TRENDING,42.98,0.7993,0.040437,0.763641,0.6299,0.547027,0.3701,0.683479,0.216614,0.064984,0.0200,-0.0056,0.602892,0.602892,0.118495,0.0100,False,0.5600,0.4400,False,BUY,BUY,EXECUTION_READY,VALID_SIGNAL,MEDIUM,False,
2026-05-07T12:24:51.977563+00:00,London,TRANSITIONING,24.44,0.2697,0.000450,0.385039,0.5770,0.516024,0.4230,0.440450,0.130985,0.039296,-0.0100,0.0003,0.441366,0.441366,0.020254,0.0100,False,0.5700,0.4300,False,HOLD,SELL,THRESHOLD_CHECK,BELOW_THRESHOLD,LOW,False,HOLD: Final 0.4414 between BUY>0.5700 and SELL<0.4300
2026-05-07T12:25:02.527596+00:00,London,TRANSITIONING,30.28,0.4367,0.000347,0.379346,0.5937,0.492044,0.4063,0.425139,0.112699,0.033810,0.0100,-0.0041,0.422232,0.422232,0.041052,0.0100,False,0.5600,0.4400,False,SELL,SELL,EXECUTION_READY,VALID_SIGNAL,LOW,False,
2026-05-07T12:25:03.964472+00:00,London,TRANSITIONING,24.44,0.2697,0.000421,0.414862,0.5770,0.511936,0.4230,0.455928,0.097074,0.029122,-0.0100,-0.0016,0.446246,0.446246,0.014950,0.0100,True,0.5700,0.4300,False,HOLD,SELL,THRESHOLD_CHECK,BELOW_THRESHOLD,LOW,False,HOLD: Final 0.4462 between BUY>0.5700 and SELL<0.4300
2026-05-07T12:25:05.114616+00:00,London,TRENDING,42.98,0.7993,0.037620,0.799878,0.6299,0.538122,0.3701,0.703011,0.261756,0.078527,0.0200,-0.0061,0.588350,0.588350,0.124484,0.0100,False,0.5600,0.4400,False,BUY,BUY,EXECUTION_READY,VALID_SIGNAL,MEDIUM,False,
2026-05-07T12:25:06.541451+00:00,London,TRENDING,38.46,0.6702,4.798853,0.779298,0.6170,0.500908,0.3830,0.672679,0.278390,0.083517,0.0200,-0.0026,0.626562,0.626562,0.089162,0.0100,False,0.5600,0.4400,False,BUY,BUY,EXECUTION_READY,VALID_SIGNAL,MEDIUM,False,
2026-05-07T12:25:13.153212+00:00,London,TRENDING,38.46,0.6702,4.897424,0.785777,0.6170,0.514623,0.3830,0.681930,0.271154,0.081346,0.0200,-0.0020,0.638632,0.638632,0.100583,0.0100,False,0.5600,0.4400,False,BUY,BUY,EXECUTION_READY,VALID_SIGNAL,MEDIUM,False,
2026-05-07T12:25:34.164522+00:00,London,TRENDING,38.46,0.6702,4.989567,0.766193,0.6170,0.487661,0.3830,0.659520,0.278533,0.083560,0.0200,-0.0013,0.614616,0.614616,0.075960,0.0100,False,0.5600,0.4400,False,BUY,BUY,EXECUTION_READY,VALID_SIGNAL,MEDIUM,False,
2026-05-07T12:26:05.426912+00:00,London,TRANSITIONING,24.44,0.2697,0.000435,0.398143,0.5770,0.505978,0.4230,0.443761,0.107836,0.032351,-0.0100,-0.0006,0.438023,0.438023,0.023888,0.0100,False,0.5700,0.4300,False,HOLD,SELL,THRESHOLD_CHECK,BELOW_THRESHOLD,LOW,False,HOLD: Final 0.4380 between BUY>0.5700 and SELL<0.4300
2026-05-07T12:26:26.207504+00:00,London,TRANSITIONING,24.44,0.2697,0.000439,0.402399,0.5770,0.491780,0.4230,0.440211,0.089381,0.026814,-0.0100,-0.0004,0.429663,0.429663,0.032975,0.0100,False,0.5700,0.4300,False,SELL,SELL,EXECUTION_READY,VALID_SIGNAL,LOW,False,
2026-05-07T12:26:37.025613+00:00,London,TRANSITIONING,24.44,0.2697,0.000443,0.404137,0.5770,0.490811,0.4230,0.440803,0.086674,0.026002,-0.0100,-0.0001,0.429461,0.429461,0.033195,0.0100,False,0.5700,0.4300,False,SELL,SELL,EXECUTION_READY,VALID_SIGNAL,LOW,False,
2026-05-07T12:26:47.774391+00:00,London,TRENDING,42.98,0.7993,0.039049,0.799878,0.6299,0.538670,0.3701,0.703213,0.261208,0.078362,0.0200,-0.0059,0.608986,0.608986,0.124851,0.0100,False,0.5600,0.4400,False,BUY,BUY,EXECUTION_READY,VALID_SIGNAL,MEDIUM,False,
2026-05-07T12:26:49.134919+00:00,London,TRENDING,38.46,0.6702,5.145996,0.758905,0.6170,0.476996,0.3830,0.650938,0.281909,0.084573,0.0200,-0.0003,0.606051,0.606051,0.066366,0.0100,False,0.5600,0.4400,False,BUY,BUY,EXECUTION_READY,VALID_SIGNAL,MEDIUM,False,
2026-05-07T12:26:57.790794+00:00,London,TRANSITIONING,30.28,0.4367,0.000368,0.380119,0.5937,0.498557,0.4063,0.428244,0.118438,0.035531,0.0100,-0.0025,0.426674,0.426674,0.036224,0.0100,False,0.5600,0.4400,False,SELL,SELL,EXECUTION_READY,VALID_SIGNAL,LOW,False,
2026-05-07T12:26:59.250887+00:00,London,TRANSITIONING,24.44,0.2697,0.000454,0.417155,0.5770,0.488579,0.4230,0.447370,0.071424,0.021427,-0.0100,0.0006,0.431293,0.431293,0.031203,0.0100,False,0.5700,0.4300,False,HOLD,SELL,THRESHOLD_CHECK,BELOW_THRESHOLD,LOW,False,HOLD: Final 0.4313 between BUY>0.5700 and SELL<0.4300
2026-05-07T12:27:00.385519+00:00,London,TRENDING,43.00,0.8001,0.039835,0.800502,0.6300,0.528786,0.3700,0.699970,0.271716,0.081515,0.0200,-0.0057,0.602738,0.602738,0.118456,0.0100,False,0.5600,0.4400,False,BUY,BUY,EXECUTION_READY,VALID_SIGNAL,MEDIUM,False,
2026-05-07T12:27:08.040827+00:00,London,TRENDING,43.01,0.8004,0.039977,0.800502,0.6300,0.530318,0.3700,0.700543,0.270184,0.081055,0.0200,-0.0057,0.603797,0.603797,0.119488,0.0100,False,0.5600,0.4400,False,BUY,BUY,EXECUTION_READY,VALID_SIGNAL,MEDIUM,False,
2026-05-07T12:27:18.754397+00:00,London,TRENDING,43.01,0.8004,0.039977,0.800502,0.6300,0.530318,0.3700,0.700543,0.270184,0.081055,0.0200,-0.0057,0.603797,0.603797,0.119488,0.0100,False,0.5600,0.4400,False,BUY,BUY,EXECUTION_READY,VALID_SIGNAL,MEDIUM,False,
2026-05-07T12:27:29.479932+00:00,London,TRENDING,43.01,0.8004,0.039977,0.800502,0.6300,0.530318,0.3700,0.700543,0.270184,0.081055,0.0200,-0.0057,0.603797,0.603797,0.119488,0.0100,False,0.5600,0.4400,False,BUY,BUY,EXECUTION_READY,VALID_SIGNAL,MEDIUM,False,
2026-05-07T12:27:40.194198+00:00,London,TRANSITIONING,24.44,0.2697,0.000456,0.417155,0.5770,0.488648,0.4230,0.447399,0.071493,0.021448,-0.0100,0.0007,0.431339,0.431339,0.031153,0.0100,False,0.5700,0.4300,False,HOLD,SELL,THRESHOLD_CHECK,BELOW_THRESHOLD,LOW,False,HOLD: Final 0.4313 between BUY>0.5700 and SELL<0.4300
2026-05-07T12:27:41.352373+00:00,London,TRENDING,43.06,0.8017,0.040835,0.803499,0.6302,0.550572,0.3698,0.709960,0.252927,0.075878,0.0200,-0.0055,0.618551,0.618551,0.134082,0.0100,False,0.5600,0.4400,False,BUY,BUY,EXECUTION_READY,VALID_SIGNAL,MEDIUM,False,
2026-05-07T12:27:51.290451+00:00,London,TRANSITIONING,24.44,0.2697,0.000456,0.417155,0.5770,0.487052,0.4230,0.446724,0.069897,0.020969,-0.0100,0.0007,0.430277,0.430277,0.032307,0.0100,False,0.5700,0.4300,False,HOLD,SELL,THRESHOLD_CHECK,BELOW_THRESHOLD,LOW,False,HOLD: Final 0.4303 between BUY>0.5700 and SELL<0.4300
2026-05-07T12:27:52.463568+00:00,London,TRENDING,43.08,0.8023,0.041192,0.803499,0.6302,0.549939,0.3698,0.709740,0.253559,0.076068,0.0200,-0.0055,0.618209,0.618209,0.133673,0.0100,False,0.5600,0.4400,False,BUY,BUY,EXECUTION_READY,VALID_SIGNAL,MEDIUM,False,
2026-05-07T12:28:02.203210+00:00,London,TRENDING,43.08,0.8023,0.041192,0.803499,0.6302,0.548516,0.3698,0.709214,0.254982,0.076495,0.0200,-0.0055,0.617256,0.617256,0.132720,0.0100,False,0.5600,0.4400,False,BUY,BUY,EXECUTION_READY,VALID_SIGNAL,MEDIUM,False,
2026-05-07T12:28:12.900601+00:00,London,TRENDING,43.08,0.8023,0.041192,0.800502,0.6302,0.537358,0.3698,0.703199,0.263144,0.078943,0.0200,-0.0055,0.608793,0.608793,0.124256,0.0100,False,0.5600,0.4400,False,BUY,BUY,EXECUTION_READY,VALID_SIGNAL,MEDIUM,False,
2026-05-07T12:28:23.663497+00:00,London,TRENDING,43.08,0.8023,0.041192,0.800502,0.6302,0.537358,0.3698,0.703199,0.263144,0.078943,0.0200,-0.0055,0.608793,0.608793,0.124256,0.0100,False,0.5600,0.4400,False,BUY,BUY,EXECUTION_READY,VALID_SIGNAL,MEDIUM,False,
2026-05-07T12:28:34.365542+00:00,London,TRENDING,43.08,0.8023,0.041192,0.803499,0.6302,0.543068,0.3698,0.707200,0.260431,0.078129,0.0200,-0.0055,0.613607,0.613607,0.129070,0.0100,False,0.5600,0.4400,False,BUY,BUY,EXECUTION_READY,VALID_SIGNAL,MEDIUM,False,
2026-05-07T12:28:45.116261+00:00,London,TRENDING,43.08,0.8023,0.041192,0.800502,0.6302,0.535978,0.3698,0.702689,0.264523,0.079357,0.0200,-0.0055,0.607869,0.607869,0.123332,0.0100,False,0.5600,0.4400,False,BUY,BUY,EXECUTION_READY,VALID_SIGNAL,MEDIUM,False,
2026-05-07T12:28:55.855777+00:00,London,TRENDING,43.08,0.8023,0.041192,0.799878,0.6302,0.551045,0.3698,0.707868,0.248833,0.074650,0.0200,-0.0055,0.637754,0.637754,0.133218,0.0100,False,0.5600,0.4400,False,BUY,BUY,EXECUTION_READY,VALID_SIGNAL,MEDIUM,False,
2026-05-07T12:29:16.930534+00:00,London,TRENDING,43.08,0.8023,0.041192,0.799878,0.6302,0.546564,0.3698,0.706211,0.253315,0.075994,0.0200,-0.0055,0.634753,0.634753,0.130216,0.0100,False,0.5600,0.4400,False,BUY,BUY,EXECUTION_READY,VALID_SIGNAL,MEDIUM,False,
2026-05-07T12:29:27.633773+00:00,London,TRENDING,43.08,0.8023,0.041192,0.800502,0.6302,0.539183,0.3698,0.703875,0.261318,0.078395,0.0200,-0.0055,0.610016,0.610016,0.125479,0.0100,False,0.5600,0.4400,False,BUY,BUY,EXECUTION_READY,VALID_SIGNAL,MEDIUM,False,
2026-05-07T12:29:38.336757+00:00,London,TRENDING,43.08,0.8023,0.041192,0.800502,0.6302,0.550225,0.3698,0.707958,0.250276,0.075083,0.0200,-0.0055,0.637411,0.637411,0.132875,0.0100,False,0.5600,0.4400,False,BUY,BUY,EXECUTION_READY,VALID_SIGNAL,MEDIUM,False,
2026-05-07T12:29:49.004439+00:00,London,TRENDING,43.08,0.8023,0.041192,0.800502,0.6302,0.552211,0.3698,0.708692,0.248290,0.074487,0.0200,-0.0055,0.638741,0.638741,0.134205,0.0100,False,0.5600,0.4400,False,BUY,BUY,EXECUTION_READY,VALID_SIGNAL,MEDIUM,False,
2026-05-07T12:29:59.791130+00:00,London,TRENDING,43.08,0.8023,0.041192,0.800502,0.6302,0.550225,0.3698,0.707958,0.250276,0.075083,0.0200,-0.0055,0.637411,0.637411,0.132875,0.0100,False,0.5600,0.4400,False,BUY,BUY,EXECUTION_READY,VALID_SIGNAL,MEDIUM,False,
2026-05-07T12:30:10.554707+00:00,London,TRANSITIONING,30.28,0.4367,0.000347,0.379346,0.5937,0.509192,0.4063,0.432106,0.129846,0.038954,0.0100,-0.0041,0.433375,0.433375,0.028940,0.0100,False,0.5600,0.4400,False,SELL,SELL,EXECUTION_READY,VALID_SIGNAL,LOW,False,
2026-05-07T12:30:11.975470+00:00,London,TRANSITIONING,24.44,0.2697,0.000439,0.421827,0.5770,0.498829,0.4230,0.454402,0.077002,0.023101,-0.0100,-0.0004,0.439302,0.439302,0.022498,0.0100,False,0.5700,0.4300,False,HOLD,SELL,THRESHOLD_CHECK,BELOW_THRESHOLD,LOW,False,HOLD: Final 0.4393 between BUY>0.5700 and SELL<0.4300
2026-05-07T12:30:13.118947+00:00,London,TRENDING,43.08,0.8023,0.039892,0.798821,0.6302,0.572084,0.3698,0.714981,0.226738,0.068021,0.0200,-0.0057,0.611249,0.611249,0.146960,0.0100,False,0.5600,0.4400,False,BUY,BUY,EXECUTION_READY,VALID_SIGNAL,MEDIUM,False,
2026-05-07T12:30:14.493171+00:00,London,TRENDING,38.46,0.6702,4.889751,0.767334,0.6170,0.463975,0.3830,0.651152,0.303360,0.091008,0.0200,-0.0020,0.598147,0.598147,0.060144,0.0100,False,0.5600,0.4400,False,BUY,BUY,EXECUTION_READY,VALID_SIGNAL,MEDIUM,False,
2026-05-07T12:30:31.432768+00:00,London,TRENDING,43.08,0.8023,0.040321,0.796402,0.6302,0.528624,0.3698,0.697386,0.267778,0.080333,0.0200,-0.0056,0.601423,0.601423,0.117053,0.0100,False,0.5600,0.4400,False,BUY,BUY,EXECUTION_READY,VALID_SIGNAL,MEDIUM,False,
2026-05-07T12:30:42.166771+00:00,London,TRENDING,43.08,0.8023,0.040464,0.796402,0.6302,0.552533,0.3698,0.706227,0.243868,0.073161,0.0200,-0.0056,0.617463,0.617463,0.133066,0.0100,False,0.5600,0.4400,False,BUY,BUY,EXECUTION_READY,VALID_SIGNAL,MEDIUM,False,
2026-05-07T12:30:52.917062+00:00,London,TRENDING,43.08,0.8023,0.040464,0.796402,0.6302,0.527564,0.3698,0.696994,0.268837,0.080651,0.0200,-0.0056,0.600740,0.600740,0.116343,0.0100,False,0.5600,0.4400,False,BUY,BUY,EXECUTION_READY,VALID_SIGNAL,MEDIUM,False,
2026-05-07T12:30:54.313880+00:00,London,TRENDING,38.46,0.6702,5.215465,0.732917,0.6170,0.492781,0.3830,0.640949,0.240136,0.072041,0.0200,0.0001,0.608908,0.608908,0.068908,0.0100,False,0.5600,0.4400,False,BUY,BUY,EXECUTION_READY,VALID_SIGNAL,MEDIUM,False,
2026-05-07T12:31:02.960942+00:00,London,TRENDING,43.08,0.8023,0.040464,0.796402,0.6302,0.552533,0.3698,0.706227,0.243868,0.073161,0.0200,-0.0056,0.617463,0.617463,0.133066,0.0100,False,0.5600,0.4400,False,BUY,BUY,EXECUTION_READY,VALID_SIGNAL,MEDIUM,False,
2026-05-07T12:31:13.698309+00:00,London,TRENDING,43.08,0.8023,0.040464,0.796402,0.6302,0.556814,0.3698,0.707810,0.239588,0.071876,0.0200,-0.0056,0.620330,0.620330,0.135933,0.0100,False,0.5600,0.4400,False,BUY,BUY,EXECUTION_READY,VALID_SIGNAL,MEDIUM,False,
2026-05-07T12:31:15.131841+00:00,London,TRENDING,38.54,0.6727,5.681894,0.722772,0.6173,0.498303,0.3827,0.636861,0.224469,0.067341,0.0200,0.0032,0.609520,0.609520,0.069520,0.0100,False,0.5600,0.4400,False,BUY,BUY,EXECUTION_READY,VALID_SIGNAL,MEDIUM,False,
2026-05-07T12:31:23.838490+00:00,London,TRENDING,43.08,0.8023,0.040464,0.796402,0.6302,0.552367,0.3698,0.706166,0.244034,0.073210,0.0200,-0.0056,0.617352,0.617352,0.132955,0.0100,False,0.5600,0.4400,False,BUY,BUY,EXECUTION_READY,VALID_SIGNAL,MEDIUM,False,
2026-05-07T12:31:34.513087+00:00,London,TRENDING,43.08,0.8023,0.040464,0.797033,0.6302,0.530675,0.3698,0.698543,0.266358,0.079907,0.0200,-0.0056,0.603032,0.603032,0.118635,0.0100,False,0.5600,0.4400,False,BUY,BUY,EXECUTION_READY,VALID_SIGNAL,MEDIUM,False,
2026-05-07T12:31:35.961828+00:00,London,TRENDING,38.54,0.6727,5.681894,0.746366,0.6173,0.495960,0.3827,0.650528,0.250406,0.075122,0.0200,0.0032,0.615406,0.615406,0.075406,0.0100,False,0.5600,0.4400,False,BUY,BUY,EXECUTION_READY,VALID_SIGNAL,MEDIUM,False,
2026-05-07T12:31:44.712987+00:00,London,TRENDING,43.08,0.8023,0.040464,0.797033,0.6302,0.530675,0.3698,0.698543,0.266358,0.079907,0.0200,-0.0056,0.603032,0.603032,0.118635,0.0100,False,0.5600,0.4400,False,BUY,BUY,EXECUTION_READY,VALID_SIGNAL,MEDIUM,False,
2026-05-07T12:31:55.635161+00:00,London,TRENDING,43.08,0.8023,0.040464,0.796402,0.6302,0.552254,0.3698,0.706124,0.244147,0.073244,0.0200,-0.0056,0.617276,0.617276,0.132879,0.0100,False,0.5600,0.4400,False,BUY,BUY,EXECUTION_READY,VALID_SIGNAL,MEDIUM,False,
2026-05-07T12:32:06.333677+00:00,London,TRENDING,43.08,0.8023,0.040464,0.796402,0.6302,0.551369,0.3698,0.705796,0.245032,0.073510,0.0200,-0.0056,0.616684,0.616684,0.132287,0.0100,False,0.5600,0.4400,False,BUY,BUY,EXECUTION_READY,VALID_SIGNAL,MEDIUM,False,
2026-05-07T12:32:17.056972+00:00,London,TRENDING,43.08,0.8023,0.040464,0.796402,0.6302,0.556814,0.3698,0.707810,0.239588,0.071876,0.0200,-0.0056,0.620330,0.620330,0.135933,0.0100,False,0.5600,0.4400,False,BUY,BUY,EXECUTION_READY,VALID_SIGNAL,MEDIUM,False,
2026-05-07T12:32:27.744193+00:00,London,TRENDING,43.08,0.8023,0.040464,0.796402,0.6302,0.556814,0.3698,0.707810,0.239588,0.071876,0.0200,-0.0056,0.620330,0.620330,0.135933,0.0100,False,0.5600,0.4400,False,BUY,BUY,EXECUTION_READY,VALID_SIGNAL,MEDIUM,False,
2026-05-07T12:32:29.354890+00:00,London,TRENDING,38.54,0.6727,5.681894,0.740384,0.6173,0.493933,0.3827,0.646060,0.246450,0.073935,0.0200,0.0032,0.612125,0.612125,0.072125,0.0100,False,0.5600,0.4400,False,BUY,BUY,EXECUTION_READY,VALID_SIGNAL,MEDIUM,False,
2026-05-07T12:32:38.005094+00:00,London,TRENDING,43.08,0.8023,0.040464,0.796402,0.6302,0.555333,0.3698,0.707262,0.241069,0.072321,0.0200,-0.0056,0.619339,0.619339,0.134941,0.0100,False,0.5600,0.4400,False,BUY,BUY,EXECUTION_READY,VALID_SIGNAL,MEDIUM,False,
2026-05-07T12:32:48.743187+00:00,London,TRENDING,38.54,0.6727,5.681894,0.746366,0.6173,0.494130,0.3827,0.649828,0.252237,0.075671,0.0200,0.0032,0.614157,0.614157,0.074157,0.0100,False,0.5600,0.4400,False,BUY,BUY,EXECUTION_READY,VALID_SIGNAL,MEDIUM,False,
2026-05-07T12:33:09.752999+00:00,London,TRENDING,38.54,0.6727,5.681894,0.740587,0.6173,0.496729,0.3827,0.647255,0.243858,0.073158,0.0200,0.0032,0.614097,0.614097,0.074097,0.0100,False,0.5600,0.4400,False,BUY,BUY,EXECUTION_READY,VALID_SIGNAL,MEDIUM,False,
2026-05-07T12:33:20.493878+00:00,London,TRANSITIONING,24.44,0.2697,0.000446,0.417155,0.5770,0.487935,0.4230,0.447097,0.070780,0.021234,-0.0100,0.0001,0.430865,0.430865,0.031669,0.0100,False,0.5700,0.4300,False,HOLD,SELL,THRESHOLD_CHECK,BELOW_THRESHOLD,LOW,False,HOLD: Final 0.4309 between BUY>0.5700 and SELL<0.4300
2026-05-07T12:33:21.666836+00:00,London,TRENDING,43.08,0.8023,0.040464,0.761196,0.6302,0.552254,0.3698,0.683936,0.208942,0.062682,0.0200,-0.0056,0.605650,0.605650,0.121253,0.0100,False,0.5600,0.4400,False,BUY,BUY,EXECUTION_READY,VALID_SIGNAL,MEDIUM,False,
2026-05-07T12:33:31.351351+00:00,London,TRANSITIONING,24.44,0.2697,0.000446,0.417155,0.5770,0.488917,0.4230,0.447513,0.071763,0.021529,-0.0100,0.0001,0.431518,0.431518,0.030958,0.0100,False,0.5700,0.4300,False,HOLD,SELL,THRESHOLD_CHECK,BELOW_THRESHOLD,LOW,False,HOLD: Final 0.4315 between BUY>0.5700 and SELL<0.4300
2026-05-07T12:33:32.493086+00:00,London,TRENDING,43.08,0.8023,0.040464,0.761196,0.6302,0.555333,0.3698,0.685074,0.205863,0.061759,0.0200,-0.0056,0.607712,0.607712,0.123315,0.0100,False,0.5600,0.4400,False,BUY,BUY,EXECUTION_READY,VALID_SIGNAL,MEDIUM,False,
2026-05-07T12:33:42.163999+00:00,London,TRANSITIONING,24.44,0.2697,0.000446,0.417155,0.5770,0.485143,0.4230,0.445916,0.067988,0.020396,-0.0100,0.0001,0.429008,0.429008,0.033687,0.0100,False,0.5700,0.4300,False,SELL,SELL,EXECUTION_READY,VALID_SIGNAL,LOW,False,
2026-05-07T12:33:53.113232+00:00,London,TRANSITIONING,24.44,0.2697,0.000446,0.417155,0.5770,0.492569,0.4230,0.449058,0.075414,0.022624,-0.0100,0.0001,0.433947,0.433947,0.028318,0.0100,False,0.5700,0.4300,False,HOLD,SELL,THRESHOLD_CHECK,BELOW_THRESHOLD,LOW,False,HOLD: Final 0.4339 between BUY>0.5700 and SELL<0.4300
2026-05-07T12:34:03.558359+00:00,London,TRANSITIONING,24.44,0.2697,0.000446,0.417155,0.5770,0.492569,0.4230,0.449058,0.075414,0.022624,-0.0100,0.0001,0.433947,0.433947,0.028318,0.0100,False,0.5700,0.4300,False,HOLD,SELL,THRESHOLD_CHECK,BELOW_THRESHOLD,LOW,False,HOLD: Final 0.4339 between BUY>0.5700 and SELL<0.4300
2026-05-07T12:34:13.975601+00:00,London,TRANSITIONING,24.44,0.2697,0.000448,0.417877,0.5770,0.492280,0.4230,0.449352,0.074403,0.022321,-0.0100,0.0002,0.433939,0.433939,0.028327,0.0100,False,0.5700,0.4300,False,HOLD,SELL,THRESHOLD_CHECK,BELOW_THRESHOLD,LOW,False,HOLD: Final 0.4339 between BUY>0.5700 and SELL<0.4300
2026-05-07T12:34:24.446891+00:00,London,TRANSITIONING,24.44,0.2697,0.000448,0.417155,0.5770,0.484241,0.4230,0.445535,0.067086,0.020126,-0.0100,0.0002,0.428408,0.428408,0.034339,0.0100,False,0.5700,0.4300,False,SELL,SELL,EXECUTION_READY,VALID_SIGNAL,LOW,False,
2026-05-07T12:34:35.230137+00:00,London,TRANSITIONING,24.44,0.2697,0.000449,0.417877,0.5770,0.489900,0.4230,0.448345,0.072023,0.021607,-0.0100,0.0002,0.432356,0.432356,0.030048,0.0100,False,0.5700,0.4300,False,HOLD,SELL,THRESHOLD_CHECK,BELOW_THRESHOLD,LOW,False,HOLD: Final 0.4324 between BUY>0.5700 and SELL<0.4300
2026-05-07T12:34:45.693194+00:00,London,TRANSITIONING,24.44,0.2697,0.000450,0.417155,0.5770,0.484153,0.4230,0.445497,0.066998,0.020099,-0.0100,0.0003,0.428349,0.428349,0.034403,0.0100,False,0.5700,0.4300,False,SELL,SELL,EXECUTION_READY,VALID_SIGNAL,LOW,False,
2026-05-07T12:34:56.416979+00:00,London,TRANSITIONING,24.44,0.2697,0.000450,0.417155,0.5770,0.483133,0.4230,0.445066,0.065979,0.019794,-0.0100,0.0003,0.427671,0.427671,0.035140,0.0100,False,0.5700,0.4300,False,SELL,SELL,EXECUTION_READY,VALID_SIGNAL,LOW,False,
2026-05-07T12:34:57.849790+00:00,London,TRENDING,43.08,0.8023,0.040607,0.761196,0.6302,0.557940,0.3698,0.686038,0.203256,0.060977,0.0200,-0.0056,0.609485,0.609485,0.125062,0.0100,False,0.5600,0.4400,False,BUY,BUY,EXECUTION_READY,VALID_SIGNAL,MEDIUM,False,
2026-05-07T12:35:06.524197+00:00,London,TRANSITIONING,30.28,0.4367,0.000340,0.379346,0.5937,0.506511,0.4063,0.431017,0.127165,0.038150,0.0100,-0.0047,0.431633,0.431633,0.030834,0.0100,False,0.5600,0.4400,False,SELL,SELL,EXECUTION_READY,VALID_SIGNAL,LOW,False,
2026-05-07T12:35:08.089236+00:00,London,RF_NOISE,24.44,0.2697,0.000421,0.432801,0.5500,0.488370,0.4500,0.500000,0.055569,0.000000,0.0000,0.0000,0.500000,0.500000,0.000000,0.0000,False,0.6000,0.4000,False,HOLD,NONE,SCORE_FLOOR,RF_NOISE_ZONE,LOW,False,"RF_NOISE_GATE: rf_prob=0.4884 in [0.42, 0.58]"
2026-05-07T12:35:09.223521+00:00,London,TRENDING,43.08,0.8023,0.038492,0.761660,0.6302,0.580191,0.3698,0.694559,0.181470,0.054441,0.0200,-0.0060,0.604142,0.604142,0.140118,0.0100,False,0.5600,0.4400,False,BUY,BUY,EXECUTION_READY,VALID_SIGNAL,MEDIUM,False,
2026-05-07T12:35:10.682041+00:00,London,TRENDING,38.54,0.6727,5.332473,0.727343,0.6173,0.476243,0.3827,0.631239,0.251100,0.075330,0.0200,0.0009,0.595909,0.595909,0.055909,0.0100,False,0.5600,0.4400,False,BUY,BUY,EXECUTION_READY,VALID_SIGNAL,MEDIUM,False,
2026-05-07T12:35:17.365527+00:00,London,RF_NOISE,24.44,0.2697,0.000426,0.434890,0.5500,0.491369,0.4500,0.500000,0.056479,0.000000,0.0000,0.0000,0.500000,0.500000,0.000000,0.0000,False,0.6000,0.4000,False,HOLD,NONE,SCORE_FLOOR,RF_NOISE_ZONE,LOW,False,"RF_NOISE_GATE: rf_prob=0.4914 in [0.42, 0.58]"
2026-05-07T12:35:27.747506+00:00,London,RF_NOISE,24.44,0.2697,0.000429,0.434890,0.5500,0.486257,0.4500,0.500000,0.051367,0.000000,0.0000,0.0000,0.500000,0.500000,0.000000,0.0000,False,0.6000,0.4000,False,HOLD,NONE,SCORE_FLOOR,RF_NOISE_ZONE,LOW,False,"RF_NOISE_GATE: rf_prob=0.4863 in [0.42, 0.58]"
2026-05-07T12:35:38.181564+00:00,London,RF_NOISE,24.44,0.2697,0.000432,0.433124,0.5500,0.490810,0.4500,0.500000,0.057686,0.000000,0.0000,0.0000,0.500000,0.500000,0.000000,0.0000,False,0.6000,0.4000,False,HOLD,NONE,SCORE_FLOOR,RF_NOISE_ZONE,LOW,False,"RF_NOISE_GATE: rf_prob=0.4908 in [0.42, 0.58]"
2026-05-07T12:35:39.337170+00:00,London,TRENDING,43.08,0.8023,0.039706,0.761660,0.6302,0.565247,0.3698,0.689033,0.196413,0.058924,0.0200,-0.0057,0.614361,0.614361,0.130109,0.0100,False,0.5600,0.4400,False,BUY,BUY,EXECUTION_READY,VALID_SIGNAL,MEDIUM,False,
2026-05-07T12:35:48.979978+00:00,London,RF_NOISE,24.44,0.2697,0.000432,0.431766,0.5500,0.497216,0.4500,0.500000,0.065450,0.000000,0.0000,0.0000,0.500000,0.500000,0.000000,0.0000,False,0.6000,0.4000,False,HOLD,NONE,SCORE_FLOOR,RF_NOISE_ZONE,LOW,False,"RF_NOISE_GATE: rf_prob=0.4972 in [0.42, 0.58]"
2026-05-07T12:35:59.414804+00:00,London,RF_NOISE,24.44,0.2697,0.000432,0.431766,0.5500,0.499574,0.4500,0.500000,0.067808,0.000000,0.0000,0.0000,0.500000,0.500000,0.000000,0.0000,False,0.6000,0.4000,False,HOLD,NONE,SCORE_FLOOR,RF_NOISE_ZONE,LOW,False,"RF_NOISE_GATE: rf_prob=0.4996 in [0.42, 0.58]"
2026-05-07T12:36:09.852789+00:00,London,RF_NOISE,24.44,0.2697,0.000432,0.431037,0.5500,0.498122,0.4500,0.500000,0.067084,0.000000,0.0000,0.0000,0.500000,0.500000,0.000000,0.0000,False,0.6000,0.4000,False,HOLD,NONE,SCORE_FLOOR,RF_NOISE_ZONE,LOW,False,"RF_NOISE_GATE: rf_prob=0.4981 in [0.42, 0.58]"
2026-05-07T12:36:20.300400+00:00,London,RF_NOISE,24.44,0.2697,0.000432,0.431766,0.5500,0.497375,0.4500,0.500000,0.065609,0.000000,0.0000,0.0000,0.500000,0.500000,0.000000,0.0000,False,0.6000,0.4000,False,HOLD,NONE,SCORE_FLOOR,RF_NOISE_ZONE,LOW,False,"RF_NOISE_GATE: rf_prob=0.4974 in [0.42, 0.58]"
2026-05-07T12:36:30.853821+00:00,London,RF_NOISE,24.44,0.2697,0.000432,0.431766,0.5500,0.496048,0.4500,0.500000,0.064282,0.000000,0.0000,0.0000,0.500000,0.500000,0.000000,0.0000,False,0.6000,0.4000,False,HOLD,NONE,SCORE_FLOOR,RF_NOISE_ZONE,LOW,False,"RF_NOISE_GATE: rf_prob=0.4960 in [0.42, 0.58]"
2026-05-07T12:36:41.329785+00:00,London,RF_NOISE,24.44,0.2697,0.000432,0.431037,0.5500,0.498122,0.4500,0.500000,0.067084,0.000000,0.0000,0.0000,0.500000,0.500000,0.000000,0.0000,False,0.6000,0.4000,False,HOLD,NONE,SCORE_FLOOR,RF_NOISE_ZONE,LOW,False,"RF_NOISE_GATE: rf_prob=0.4981 in [0.42, 0.58]"
2026-05-07T12:36:42.457263+00:00,London,TRENDING,38.54,0.6727,5.521044,0.732141,0.6173,0.474181,0.3827,0.633412,0.257960,0.077388,0.0200,0.0022,0.596024,0.596024,0.056024,0.0100,False,0.5600,0.4400,False,BUY,BUY,EXECUTION_READY,VALID_SIGNAL,MEDIUM,False,
2026-05-07T12:36:52.072034+00:00,London,RF_NOISE,24.44,0.2697,0.000432,0.433124,0.5500,0.490779,0.4500,0.500000,0.057655,0.000000,0.0000,0.0000,0.500000,0.500000,0.000000,0.0000,False,0.6000,0.4000,False,HOLD,NONE,SCORE_FLOOR,RF_NOISE_ZONE,LOW,False,"RF_NOISE_GATE: rf_prob=0.4908 in [0.42, 0.58]"
2026-05-07T12:37:02.556801+00:00,London,RF_NOISE,24.44,0.2697,0.000433,0.431037,0.5500,0.490998,0.4500,0.500000,0.059961,0.000000,0.0000,0.0000,0.500000,0.500000,0.000000,0.0000,False,0.6000,0.4000,False,HOLD,NONE,SCORE_FLOOR,RF_NOISE_ZONE,LOW,False,"RF_NOISE_GATE: rf_prob=0.4910 in [0.42, 0.58]"
2026-05-07T12:37:13.008886+00:00,London,TRENDING,43.08,0.8023,0.039920,0.764371,0.6302,0.574455,0.3698,0.694146,0.189916,0.056975,0.0200,-0.0057,0.601463,0.601463,0.137171,0.0100,False,0.5600,0.4400,False,BUY,BUY,EXECUTION_READY,VALID_SIGNAL,MEDIUM,False,
2026-05-07T12:37:44.461585+00:00,London,TRANSITIONING,24.44,0.2697,0.000436,0.417155,0.5770,0.492590,0.4230,0.449066,0.075435,0.022630,-0.0100,-0.0006,0.433961,0.433961,0.028303,0.0100,False,0.5700,0.4300,False,HOLD,SELL,THRESHOLD_CHECK,BELOW_THRESHOLD,LOW,False,HOLD: Final 0.4340 between BUY>0.5700 and SELL<0.4300
2026-05-07T12:37:54.914509+00:00,London,TRANSITIONING,24.44,0.2697,0.000436,0.417155,0.5770,0.492590,0.4230,0.449066,0.075435,0.022630,-0.0100,-0.0006,0.433961,0.433961,0.028303,0.0100,False,0.5700,0.4300,False,HOLD,SELL,THRESHOLD_CHECK,BELOW_THRESHOLD,LOW,False,HOLD: Final 0.4340 between BUY>0.5700 and SELL<0.4300
2026-05-07T12:38:05.371160+00:00,London,TRANSITIONING,24.44,0.2697,0.000436,0.417877,0.5770,0.496780,0.4230,0.451256,0.078903,0.023671,-0.0100,-0.0006,0.436933,0.436933,0.025073,0.0100,False,0.5700,0.4300,False,HOLD,SELL,THRESHOLD_CHECK,BELOW_THRESHOLD,LOW,False,HOLD: Final 0.4369 between BUY>0.5700 and SELL<0.4300
2026-05-07T12:38:15.854211+00:00,London,TRANSITIONING,24.44,0.2697,0.000436,0.417155,0.5770,0.491128,0.4230,0.448448,0.073973,0.022192,-0.0100,-0.0006,0.432989,0.432989,0.029360,0.0100,False,0.5700,0.4300,False,HOLD,SELL,THRESHOLD_CHECK,BELOW_THRESHOLD,LOW,False,HOLD: Final 0.4330 between BUY>0.5700 and SELL<0.4300
2026-05-07T12:38:17.006247+00:00,London,TRENDING,38.54,0.6727,5.583902,0.726970,0.6173,0.479946,0.3827,0.632426,0.247024,0.074107,0.0200,0.0026,0.598319,0.598319,0.058319,0.0100,False,0.5600,0.4400,False,BUY,BUY,EXECUTION_READY,VALID_SIGNAL,MEDIUM,False,
2026-05-07T12:38:26.648956+00:00,London,TRANSITIONING,24.44,0.2697,0.000436,0.417877,0.5770,0.496780,0.4230,0.451256,0.078903,0.023671,-0.0100,-0.0006,0.436933,0.436933,0.025073,0.0100,False,0.5700,0.4300,False,HOLD,SELL,THRESHOLD_CHECK,BELOW_THRESHOLD,LOW,False,HOLD: Final 0.4369 between BUY>0.5700 and SELL<0.4300
2026-05-07T12:38:27.802297+00:00,London,TRENDING,38.54,0.6727,5.650330,0.718289,0.6173,0.481270,0.3827,0.627575,0.237020,0.071106,0.0200,0.0030,0.596469,0.596469,0.056469,0.0100,False,0.5600,0.4400,False,BUY,BUY,EXECUTION_READY,VALID_SIGNAL,MEDIUM,False,
2026-05-07T12:38:37.476632+00:00,London,TRANSITIONING,24.44,0.2697,0.000436,0.417877,0.5770,0.496780,0.4230,0.451256,0.078903,0.023671,-0.0100,-0.0006,0.436933,0.436933,0.025073,0.0100,False,0.5700,0.4300,False,HOLD,SELL,THRESHOLD_CHECK,BELOW_THRESHOLD,LOW,False,HOLD: Final 0.4369 between BUY>0.5700 and SELL<0.4300
2026-05-07T12:38:47.878813+00:00,London,TRANSITIONING,24.44,0.2697,0.000436,0.417877,0.5770,0.494658,0.4230,0.450358,0.076781,0.023034,-0.0100,-0.0006,0.435521,0.435521,0.026608,0.0100,False,0.5700,0.4300,False,HOLD,SELL,THRESHOLD_CHECK,BELOW_THRESHOLD,LOW,False,HOLD: Final 0.4355 between BUY>0.5700 and SELL<0.4300
2026-05-07T12:38:58.291629+00:00,London,TRANSITIONING,24.44,0.2697,0.000436,0.417877,0.5770,0.498899,0.4230,0.452152,0.081021,0.024306,-0.0100,-0.0006,0.438342,0.438342,0.023542,0.0100,False,0.5700,0.4300,False,HOLD,SELL,THRESHOLD_CHECK,BELOW_THRESHOLD,LOW,False,HOLD: Final 0.4383 between BUY>0.5700 and SELL<0.4300
2026-05-07T12:39:08.740974+00:00,London,TRANSITIONING,24.44,0.2697,0.000436,0.417877,0.5770,0.498899,0.4230,0.452152,0.081021,0.024306,-0.0100,-0.0006,0.438342,0.438342,0.023542,0.0100,False,0.5700,0.4300,False,HOLD,SELL,THRESHOLD_CHECK,BELOW_THRESHOLD,LOW,False,HOLD: Final 0.4383 between BUY>0.5700 and SELL<0.4300
2026-05-07T12:39:19.214256+00:00,London,TRANSITIONING,24.44,0.2697,0.000436,0.417877,0.5770,0.498899,0.4230,0.452152,0.081021,0.024306,-0.0100,-0.0006,0.438342,0.438342,0.023542,0.0100,False,0.5700,0.4300,False,HOLD,SELL,THRESHOLD_CHECK,BELOW_THRESHOLD,LOW,False,HOLD: Final 0.4383 between BUY>0.5700 and SELL<0.4300
2026-05-07T12:39:29.664791+00:00,London,TRANSITIONING,24.44,0.2697,0.000436,0.417877,0.5770,0.494658,0.4230,0.450358,0.076781,0.023034,-0.0100,-0.0006,0.435521,0.435521,0.026608,0.0100,False,0.5700,0.4300,False,HOLD,SELL,THRESHOLD_CHECK,BELOW_THRESHOLD,LOW,False,HOLD: Final 0.4355 between BUY>0.5700 and SELL<0.4300
2026-05-07T12:39:40.164148+00:00,London,TRANSITIONING,24.44,0.2697,0.000436,0.417877,0.5770,0.495625,0.4230,0.450767,0.077748,0.023324,-0.0100,-0.0006,0.436164,0.436164,0.025909,0.0100,False,0.5700,0.4300,False,HOLD,SELL,THRESHOLD_CHECK,BELOW_THRESHOLD,LOW,False,HOLD: Final 0.4362 between BUY>0.5700 and SELL<0.4300
2026-05-07T12:39:50.586668+00:00,London,TRANSITIONING,24.44,0.2697,0.000436,0.417877,0.5770,0.498899,0.4230,0.452152,0.081021,0.024306,-0.0100,-0.0006,0.438342,0.438342,0.023542,0.0100,False,0.5700,0.4300,False,HOLD,SELL,THRESHOLD_CHECK,BELOW_THRESHOLD,LOW,False,HOLD: Final 0.4383 between BUY>0.5700 and SELL<0.4300
2026-05-07T12:39:51.729039+00:00,London,TRENDING,38.55,0.6728,5.691759,0.743076,0.6173,0.479531,0.3827,0.642211,0.263544,0.079063,0.0200,0.0033,0.603148,0.603148,0.063148,0.0100,False,0.5600,0.4400,False,BUY,BUY,EXECUTION_READY,VALID_SIGNAL,MEDIUM,False,
2026-05-07T12:40:01.589010+00:00,London,TRANSITIONING,30.28,0.4367,0.000360,0.375285,0.5937,0.498711,0.4063,0.425437,0.123426,0.037028,0.0100,-0.0031,0.425467,0.425467,0.037536,0.0100,False,0.5600,0.4400,False,SELL,SELL,EXECUTION_READY,VALID_SIGNAL,LOW,False,
2026-05-07T12:40:02.979398+00:00,London,RF_NOISE,24.44,0.2697,0.000406,0.432801,0.5500,0.490822,0.4500,0.500000,0.058021,0.000000,0.0000,0.0000,0.500000,0.500000,0.000000,0.0000,False,0.6000,0.4000,False,HOLD,NONE,SCORE_FLOOR,RF_NOISE_ZONE,LOW,False,"RF_NOISE_GATE: rf_prob=0.4908 in [0.42, 0.58]"
2026-05-07T12:40:04.089463+00:00,London,TRENDING,43.08,0.8023,0.037207,0.798821,0.6302,0.572779,0.3698,0.715238,0.226042,0.067813,0.0200,-0.0062,0.611206,0.611206,0.147425,0.0100,False,0.5600,0.4400,False,BUY,BUY,EXECUTION_READY,VALID_SIGNAL,MEDIUM,False,
2026-05-07T12:40:05.588017+00:00,London,TRENDING,38.55,0.6728,5.302347,0.726347,0.6173,0.478491,0.3827,0.631487,0.247855,0.074357,0.0200,0.0007,0.597130,0.597130,0.057130,0.0100,False,0.5600,0.4400,False,BUY,BUY,EXECUTION_READY,VALID_SIGNAL,MEDIUM,False,
2026-05-07T12:40:12.259169+00:00,London,RF_NOISE,24.44,0.2697,0.000410,0.432801,0.5500,0.484644,0.4500,0.500000,0.051843,0.000000,0.0000,0.0000,0.500000,0.500000,0.000000,0.0000,False,0.6000,0.4000,False,HOLD,NONE,SCORE_FLOOR,RF_NOISE_ZONE,LOW,False,"RF_NOISE_GATE: rf_prob=0.4846 in [0.42, 0.58]"
2026-05-07T12:40:22.727522+00:00,London,RF_NOISE,24.44,0.2697,0.000410,0.432801,0.5500,0.482997,0.4500,0.500000,0.050196,0.000000,0.0000,0.0000,0.500000,0.500000,0.000000,0.0000,False,0.6000,0.4000,False,HOLD,NONE,SCORE_FLOOR,RF_NOISE_ZONE,LOW,False,"RF_NOISE_GATE: rf_prob=0.4830 in [0.42, 0.58]"
2026-05-07T12:40:33.243341+00:00,London,RF_NOISE,24.44,0.2697,0.000410,0.432801,0.5500,0.484644,0.4500,0.500000,0.051843,0.000000,0.0000,0.0000,0.500000,0.500000,0.000000,0.0000,False,0.6000,0.4000,False,HOLD,NONE,SCORE_FLOOR,RF_NOISE_ZONE,LOW,False,"RF_NOISE_GATE: rf_prob=0.4846 in [0.42, 0.58]"
2026-05-07T12:40:34.368320+00:00,London,TRENDING,43.08,0.8023,0.038421,0.796402,0.6302,0.550821,0.3698,0.705594,0.245581,0.073674,0.0200,-0.0060,0.615928,0.615928,0.131919,0.0100,False,0.5600,0.4400,False,BUY,BUY,EXECUTION_READY,VALID_SIGNAL,MEDIUM,False,
2026-05-07T12:40:44.069669+00:00,London,RF_NOISE,24.44,0.2697,0.000411,0.433530,0.5500,0.491358,0.4500,0.500000,0.057828,0.000000,0.0000,0.0000,0.500000,0.500000,0.000000,0.0000,False,0.6000,0.4000,False,HOLD,NONE,SCORE_FLOOR,RF_NOISE_ZONE,LOW,False,"RF_NOISE_GATE: rf_prob=0.4914 in [0.42, 0.58]"
2026-05-07T12:40:45.213235+00:00,London,TRENDING,43.08,0.8023,0.039207,0.796402,0.6302,0.530769,0.3698,0.698179,0.265632,0.079690,0.0200,-0.0058,0.602646,0.602646,0.118490,0.0100,False,0.5600,0.4400,False,BUY,BUY,EXECUTION_READY,VALID_SIGNAL,MEDIUM,False,
2026-05-07T12:40:54.915864+00:00,London,RF_NOISE,24.44,0.2697,0.000416,0.434890,0.5500,0.485330,0.4500,0.500000,0.050440,0.000000,0.0000,0.0000,0.500000,0.500000,0.000000,0.0000,False,0.6000,0.4000,False,HOLD,NONE,SCORE_FLOOR,RF_NOISE_ZONE,LOW,False,"RF_NOISE_GATE: rf_prob=0.4853 in [0.42, 0.58]"
2026-05-07T12:40:56.151620+00:00,London,TRENDING,43.09,0.8027,0.040778,0.800069,0.6303,0.549169,0.3697,0.707303,0.250900,0.075270,0.0200,-0.0055,0.616483,0.616483,0.132032,0.0100,False,0.5600,0.4400,False,BUY,BUY,EXECUTION_READY,VALID_SIGNAL,MEDIUM,False,
2026-05-07T12:41:05.813762+00:00,London,RF_NOISE,24.44,0.2697,0.000416,0.434890,0.5500,0.488988,0.4500,0.500000,0.054098,0.000000,0.0000,0.0000,0.500000,0.500000,0.000000,0.0000,False,0.6000,0.4000,False,HOLD,NONE,SCORE_FLOOR,RF_NOISE_ZONE,LOW,False,"RF_NOISE_GATE: rf_prob=0.4890 in [0.42, 0.58]"
2026-05-07T12:41:06.978633+00:00,London,TRENDING,43.09,0.8027,0.040778,0.797033,0.6303,0.552764,0.3697,0.706718,0.244270,0.073281,0.0200,-0.0055,0.617888,0.617888,0.133437,0.0100,False,0.5600,0.4400,False,BUY,BUY,EXECUTION_READY,VALID_SIGNAL,MEDIUM,False,
2026-05-07T12:41:08.367955+00:00,London,TRENDING,38.55,0.6728,5.535919,0.718273,0.6173,0.487518,0.3827,0.629958,0.230755,0.069227,0.0200,0.0023,0.600731,0.600731,0.060731,0.0100,False,0.5600,0.4400,False,BUY,BUY,EXECUTION_READY,VALID_SIGNAL,MEDIUM,False,
2026-05-07T12:41:15.946994+00:00,London,RF_NOISE,24.44,0.2697,0.000417,0.435729,0.5500,0.484893,0.4500,0.500000,0.049164,0.000000,0.0000,0.0000,0.500000,0.500000,0.000000,0.0000,False,0.6000,0.4000,False,HOLD,NONE,SCORE_FLOOR,RF_NOISE_ZONE,LOW,False,"RF_NOISE_GATE: rf_prob=0.4849 in [0.42, 0.58]"
2026-05-07T12:41:17.071095+00:00,London,TRENDING,43.09,0.8027,0.040778,0.797033,0.6303,0.548037,0.3697,0.704971,0.248996,0.074699,0.0200,-0.0055,0.614723,0.614723,0.130272,0.0100,False,0.5600,0.4400,False,BUY,BUY,EXECUTION_READY,VALID_SIGNAL,MEDIUM,False,
2026-05-07T12:41:18.503903+00:00,London,TRENDING,38.55,0.6728,5.556633,0.718273,0.6173,0.484604,0.3827,0.628843,0.233669,0.070101,0.0200,0.0024,0.598742,0.598742,0.058742,0.0100,False,0.5600,0.4400,False,BUY,BUY,EXECUTION_READY,VALID_SIGNAL,MEDIUM,False,
2026-05-07T12:41:26.164949+00:00,London,RF_NOISE,24.44,0.2697,0.000417,0.434890,0.5500,0.485496,0.4500,0.500000,0.050606,0.000000,0.0000,0.0000,0.500000,0.500000,0.000000,0.0000,False,0.6000,0.4000,False,HOLD,NONE,SCORE_FLOOR,RF_NOISE_ZONE,LOW,False,"RF_NOISE_GATE: rf_prob=0.4855 in [0.42, 0.58]"
2026-05-07T12:41:27.331035+00:00,London,TRENDING,43.09,0.8027,0.040778,0.796402,0.6303,0.540956,0.3697,0.701955,0.255446,0.076634,0.0200,-0.0055,0.629772,0.629772,0.125321,0.0100,False,0.5600,0.4400,False,BUY,BUY,EXECUTION_READY,VALID_SIGNAL,MEDIUM,False,
2026-05-07T12:41:28.726029+00:00,London,TRENDING,38.55,0.6729,5.579490,0.711911,0.6173,0.486798,0.3827,0.625759,0.225113,0.067534,0.0200,0.0026,0.598225,0.598225,0.058225,0.0100,False,0.5600,0.4400,False,BUY,BUY,EXECUTION_READY,VALID_SIGNAL,MEDIUM,False,
2026-05-07T12:41:36.538013+00:00,London,RF_NOISE,24.44,0.2697,0.000418,0.435729,0.5500,0.484539,0.4500,0.500000,0.048810,0.000000,0.0000,0.0000,0.500000,0.500000,0.000000,0.0000,False,0.6000,0.4000,False,HOLD,NONE,SCORE_FLOOR,RF_NOISE_ZONE,LOW,False,"RF_NOISE_GATE: rf_prob=0.4845 in [0.42, 0.58]"
2026-05-07T12:41:37.697591+00:00,London,TRENDING,43.09,0.8027,0.040778,0.796402,0.6303,0.540956,0.3697,0.701955,0.255446,0.076634,0.0200,-0.0055,0.629772,0.629772,0.125321,0.0100,False,0.5600,0.4400,False,BUY,BUY,EXECUTION_READY,VALID_SIGNAL,MEDIUM,False,
2026-05-07T12:41:39.104304+00:00,London,TRENDING,38.59,0.6739,5.650205,0.718454,0.6174,0.487542,0.3826,0.630104,0.230912,0.069274,0.0200,0.0030,0.600831,0.600831,0.060831,0.0100,False,0.5600,0.4400,False,BUY,BUY,EXECUTION_READY,VALID_SIGNAL,MEDIUM,False,
2026-05-07T12:41:46.738354+00:00,London,TRANSITIONING,30.28,0.4367,0.000364,0.380119,0.5937,0.484448,0.4063,0.422511,0.104329,0.031299,0.0100,-0.0028,0.417505,0.417505,0.046190,0.0100,False,0.5600,0.4400,False,SELL,SELL,EXECUTION_READY,VALID_SIGNAL,MEDIUM,False,
2026-05-07T12:41:48.132172+00:00,London,RF_NOISE,24.45,0.2701,0.000426,0.434890,0.5500,0.476970,0.4500,0.500000,0.042080,0.000000,0.0000,0.0000,0.500000,0.500000,0.000000,0.0000,False,0.6000,0.4000,False,HOLD,NONE,SCORE_FLOOR,RF_NOISE_ZONE,LOW,False,"RF_NOISE_GATE: rf_prob=0.4770 in [0.42, 0.58]"
2026-05-07T12:41:49.272294+00:00,London,TRENDING,43.09,0.8027,0.040778,0.796402,0.6303,0.540956,0.3697,0.701955,0.255446,0.076634,0.0200,-0.0055,0.629772,0.629772,0.125321,0.0100,False,0.5600,0.4400,False,BUY,BUY,EXECUTION_READY,VALID_SIGNAL,MEDIUM,False,
2026-05-07T12:41:50.665050+00:00,London,TRENDING,38.59,0.6739,5.650205,0.715049,0.6174,0.487955,0.3826,0.628161,0.227094,0.068128,0.0200,0.0030,0.600033,0.600033,0.060033,0.0100,False,0.5600,0.4400,False,BUY,BUY,EXECUTION_READY,VALID_SIGNAL,MEDIUM,False,
2026-05-07T12:41:57.269126+00:00,London,RF_NOISE,24.45,0.2701,0.000426,0.435729,0.5500,0.482222,0.4500,0.500000,0.046493,0.000000,0.0000,0.0000,0.500000,0.500000,0.000000,0.0000,False,0.6000,0.4000,False,HOLD,NONE,SCORE_FLOOR,RF_NOISE_ZONE,LOW,False,"RF_NOISE_GATE: rf_prob=0.4822 in [0.42, 0.58]"
2026-05-07T12:41:58.410434+00:00,London,TRENDING,43.09,0.8027,0.040778,0.796402,0.6303,0.540956,0.3697,0.701955,0.255446,0.076634,0.0200,-0.0055,0.629772,0.629772,0.125321,0.0100,False,0.5600,0.4400,False,BUY,BUY,EXECUTION_READY,VALID_SIGNAL,MEDIUM,False,
2026-05-07T12:41:59.804927+00:00,London,TRENDING,38.61,0.6746,5.705919,0.715049,0.6175,0.490432,0.3825,0.629125,0.224618,0.067385,0.0200,0.0034,0.601740,0.601740,0.061740,0.0100,False,0.5600,0.4400,False,BUY,BUY,EXECUTION_READY,VALID_SIGNAL,MEDIUM,False,
2026-05-07T12:42:07.460045+00:00,London,RF_NOISE,24.45,0.2701,0.000426,0.435729,0.5500,0.482067,0.4500,0.500000,0.046338,0.000000,0.0000,0.0000,0.500000,0.500000,0.000000,0.0000,False,0.6000,0.4000,False,HOLD,NONE,SCORE_FLOOR,RF_NOISE_ZONE,LOW,False,"RF_NOISE_GATE: rf_prob=0.4821 in [0.42, 0.58]"
2026-05-07T12:42:08.613900+00:00,London,TRENDING,43.09,0.8027,0.040778,0.796402,0.6303,0.536092,0.3697,0.700156,0.260310,0.078093,0.0200,-0.0055,0.626514,0.626514,0.122063,0.0100,False,0.5600,0.4400,False,BUY,BUY,EXECUTION_READY,VALID_SIGNAL,MEDIUM,False,
2026-05-07T12:42:10.882123+00:00,London,TRENDING,38.61,0.6746,5.705919,0.715049,0.6175,0.491702,0.3825,0.629611,0.223347,0.067004,0.0200,0.0034,0.602607,0.602607,0.062607,0.0100,False,0.5600,0.4400,False,BUY,BUY,EXECUTION_READY,VALID_SIGNAL,MEDIUM,False,
2026-05-07T12:42:17.696967+00:00,London,RF_NOISE,24.45,0.2701,0.000426,0.435729,0.5500,0.482222,0.4500,0.500000,0.046493,0.000000,0.0000,0.0000,0.500000,0.500000,0.000000,0.0000,False,0.6000,0.4000,False,HOLD,NONE,SCORE_FLOOR,RF_NOISE_ZONE,LOW,False,"RF_NOISE_GATE: rf_prob=0.4822 in [0.42, 0.58]"
2026-05-07T12:42:18.849398+00:00,London,TRENDING,43.09,0.8027,0.040778,0.761660,0.6303,0.540956,0.3697,0.680058,0.220704,0.066211,0.0200,-0.0055,0.618298,0.618298,0.113847,0.0100,False,0.5600,0.4400,False,BUY,BUY,EXECUTION_READY,VALID_SIGNAL,MEDIUM,False,
2026-05-07T12:42:21.347218+00:00,London,TRENDING,38.61,0.6746,5.705919,0.715415,0.6175,0.491903,0.3825,0.629914,0.223512,0.067054,0.0200,0.0034,0.602860,0.602860,0.062860,0.0100,False,0.5600,0.4400,False,BUY,BUY,EXECUTION_READY,VALID_SIGNAL,MEDIUM,False,
2026-05-07T12:42:27.961787+00:00,London,RF_NOISE,24.45,0.2701,0.000426,0.433530,0.5500,0.466983,0.4500,0.500000,0.033453,0.000000,0.0000,0.0000,0.500000,0.500000,0.000000,0.0000,False,0.6000,0.4000,False,HOLD,NONE,SCORE_FLOOR,RF_NOISE_ZONE,LOW,False,"RF_NOISE_GATE: rf_prob=0.4670 in [0.42, 0.58]"
2026-05-07T12:42:29.133200+00:00,London,TRENDING,43.09,0.8027,0.040778,0.759934,0.6303,0.546306,0.3697,0.680948,0.213628,0.064088,0.0200,-0.0055,0.601311,0.601311,0.116860,0.0100,False,0.5600,0.4400,False,BUY,BUY,EXECUTION_READY,VALID_SIGNAL,MEDIUM,False,
2026-05-07T12:42:31.450574+00:00,London,TRENDING,38.61,0.6746,5.705919,0.735664,0.6175,0.495280,0.3825,0.643709,0.240384,0.072115,0.0200,0.0034,0.611594,0.611594,0.071594,0.0100,False,0.5600,0.4400,False,BUY,BUY,EXECUTION_READY,VALID_SIGNAL,MEDIUM,False,
2026-05-07T12:42:38.867643+00:00,London,RF_NOISE,24.46,0.2703,0.000427,0.433530,0.5500,0.465432,0.4500,0.500000,0.031902,0.000000,0.0000,0.0000,0.500000,0.500000,0.000000,0.0000,False,0.6000,0.4000,False,HOLD,NONE,SCORE_FLOOR,RF_NOISE_ZONE,LOW,False,"RF_NOISE_GATE: rf_prob=0.4654 in [0.42, 0.58]"
2026-05-07T12:42:40.103431+00:00,London,TRENDING,43.09,0.8027,0.040778,0.759934,0.6303,0.551622,0.3697,0.682914,0.208312,0.062494,0.0200,-0.0055,0.604871,0.604871,0.120420,0.0100,False,0.5600,0.4400,False,BUY,BUY,EXECUTION_READY,VALID_SIGNAL,MEDIUM,False,
2026-05-07T12:42:42.307400+00:00,London,TRENDING,38.61,0.6746,5.705919,0.741692,0.6175,0.487457,0.3825,0.644438,0.254235,0.076270,0.0200,0.0034,0.608168,0.608168,0.068168,0.0100,False,0.5600,0.4400,False,BUY,BUY,EXECUTION_READY,VALID_SIGNAL,MEDIUM,False,
2026-05-07T12:42:49.904632+00:00,London,TRANSITIONING,30.32,0.4378,0.000371,0.378441,0.5938,0.470467,0.4062,0.415824,0.092026,0.027608,0.0100,-0.0023,0.407957,0.407957,0.056569,0.0100,False,0.5600,0.4400,False,SELL,SELL,EXECUTION_READY,VALID_SIGNAL,MEDIUM,False,
2026-05-07T12:42:51.901389+00:00,London,TRANSITIONING,24.49,0.2713,0.000430,0.417155,0.5771,0.470800,0.4229,0.439840,0.053645,0.016093,-0.0100,-0.0010,0.419458,0.419458,0.044067,0.0100,False,0.5700,0.4300,False,SELL,SELL,EXECUTION_READY,VALID_SIGNAL,MEDIUM,False,
2026-05-07T12:42:54.073175+00:00,London,TRENDING,43.09,0.8027,0.040778,0.759934,0.6303,0.552764,0.3697,0.683336,0.207171,0.062151,0.0200,-0.0055,0.605636,0.605636,0.121185,0.0100,False,0.5600,0.4400,False,BUY,BUY,EXECUTION_READY,VALID_SIGNAL,MEDIUM,False,
2026-05-07T12:42:57.166724+00:00,London,TRENDING,38.61,0.6746,5.705919,0.741692,0.6175,0.493105,0.3825,0.646599,0.248587,0.074576,0.0200,0.0034,0.612022,0.612022,0.072022,0.0100,False,0.5600,0.4400,False,BUY,BUY,EXECUTION_READY,VALID_SIGNAL,MEDIUM,False,
2026-05-07T12:43:00.666496+00:00,London,TRANSITIONING,24.49,0.2713,0.000430,0.417155,0.5771,0.470800,0.4229,0.439840,0.053645,0.016093,-0.0100,-0.0010,0.419458,0.419458,0.044067,0.0100,False,0.5700,0.4300,False,SELL,SELL,EXECUTION_READY,VALID_SIGNAL,MEDIUM,False,
2026-05-07T12:43:04.694546+00:00,London,TRENDING,43.09,0.8027,0.040778,0.759934,0.6303,0.551633,0.3697,0.682918,0.208301,0.062490,0.0200,-0.0055,0.604879,0.604879,0.120428,0.0100,False,0.5600,0.4400,False,BUY,BUY,EXECUTION_READY,VALID_SIGNAL,MEDIUM,False,
2026-05-07T12:43:07.209192+00:00,London,TRENDING,38.61,0.6746,5.705919,0.741692,0.6175,0.493105,0.3825,0.646599,0.248587,0.074576,0.0200,0.0034,0.612022,0.612022,0.072022,0.0100,False,0.5600,0.4400,False,BUY,BUY,EXECUTION_READY,VALID_SIGNAL,MEDIUM,False,
2026-05-07T12:43:11.416828+00:00,London,TRANSITIONING,24.49,0.2713,0.000430,0.417877,0.5771,0.471951,0.4229,0.440743,0.054074,0.016222,-0.0100,-0.0010,0.420408,0.420408,0.043035,0.0100,False,0.5700,0.4300,False,SELL,SELL,EXECUTION_READY,VALID_SIGNAL,LOW,False,
2026-05-07T12:43:14.024935+00:00,London,TRENDING,43.09,0.8027,0.040778,0.759934,0.6303,0.547487,0.3697,0.681385,0.212447,0.063734,0.0200,-0.0055,0.602102,0.602102,0.117651,0.0100,False,0.5600,0.4400,False,BUY,BUY,EXECUTION_READY,VALID_SIGNAL,MEDIUM,False,
2026-05-07T12:43:16.431560+00:00,London,TRENDING,38.61,0.6746,5.705919,0.738168,0.6175,0.495227,0.3825,0.645234,0.242941,0.072882,0.0200,0.0034,0.612352,0.612352,0.072352,0.0100,False,0.5600,0.4400,False,BUY,BUY,EXECUTION_READY,VALID_SIGNAL,MEDIUM,False,
2026-05-07T12:43:22.313459+00:00,London,TRANSITIONING,24.49,0.2713,0.000430,0.417877,0.5771,0.471602,0.4229,0.440596,0.053725,0.016118,-0.0100,-0.0010,0.420176,0.420176,0.043286,0.0100,False,0.5700,0.4300,False,SELL,SELL,EXECUTION_READY,VALID_SIGNAL,LOW,False,
2026-05-07T12:43:24.723922+00:00,London,TRENDING,43.09,0.8027,0.040778,0.759934,0.6303,0.551633,0.3697,0.682918,0.208301,0.062490,0.0200,-0.0055,0.604879,0.604879,0.120428,0.0100,False,0.5600,0.4400,False,BUY,BUY,EXECUTION_READY,VALID_SIGNAL,MEDIUM,False,
2026-05-07T12:43:27.447488+00:00,London,TRENDING,38.61,0.6746,5.705919,0.735664,0.6175,0.493866,0.3825,0.643168,0.241798,0.072539,0.0200,0.0034,0.610629,0.610629,0.070629,0.0100,False,0.5600,0.4400,False,BUY,BUY,EXECUTION_READY,VALID_SIGNAL,MEDIUM,False,
2026-05-07T12:43:33.145120+00:00,London,TRANSITIONING,24.49,0.2713,0.000430,0.417155,0.5771,0.470656,0.4229,0.439779,0.053501,0.016050,-0.0100,-0.0010,0.419363,0.419363,0.044171,0.0100,False,0.5700,0.4300,False,SELL,SELL,EXECUTION_READY,VALID_SIGNAL,MEDIUM,False,
2026-05-07T12:43:35.650599+00:00,London,TRENDING,43.09,0.8027,0.040778,0.759934,0.6303,0.553241,0.3697,0.683513,0.206693,0.062008,0.0200,-0.0055,0.605956,0.605956,0.121505,0.0100,False,0.5600,0.4400,False,BUY,BUY,EXECUTION_READY,VALID_SIGNAL,MEDIUM,False,
2026-05-07T12:43:37.808183+00:00,London,TRENDING,38.61,0.6746,5.705919,0.741692,0.6175,0.494001,0.3825,0.646941,0.247691,0.074307,0.0200,0.0034,0.612634,0.612634,0.072634,0.0100,False,0.5600,0.4400,False,BUY,BUY,EXECUTION_READY,VALID_SIGNAL,MEDIUM,False,
2026-05-07T12:43:44.041935+00:00,London,TRANSITIONING,30.37,0.4392,0.000375,0.378441,0.5939,0.457432,0.4061,0.410518,0.078991,0.023697,0.0100,-0.0020,0.399478,0.399478,0.065785,0.0100,False,0.5600,0.4400,False,SELL,SELL,EXECUTION_READY,VALID_SIGNAL,MEDIUM,False,
2026-05-07T12:43:46.681341+00:00,London,TRANSITIONING,24.53,0.2723,0.000434,0.417155,0.5772,0.465893,0.4228,0.437760,0.048738,0.014621,-0.0100,-0.0007,0.416191,0.416191,0.047619,0.0100,False,0.5700,0.4300,False,SELL,SELL,EXECUTION_READY,VALID_SIGNAL,MEDIUM,False,
2026-05-07T12:43:48.978066+00:00,London,TRENDING,43.09,0.8027,0.040778,0.759934,0.6303,0.551622,0.3697,0.682914,0.208312,0.062494,0.0200,-0.0055,0.604871,0.604871,0.120420,0.0100,False,0.5600,0.4400,False,BUY,BUY,EXECUTION_READY,VALID_SIGNAL,MEDIUM,False,
2026-05-07T12:43:52.616884+00:00,London,TRENDING,38.61,0.6746,5.705919,0.741692,0.6175,0.493105,0.3825,0.646599,0.248587,0.074576,0.0200,0.0034,0.612022,0.612022,0.072022,0.0100,False,0.5600,0.4400,False,BUY,BUY,EXECUTION_READY,VALID_SIGNAL,MEDIUM,False,
2026-05-07T12:43:56.025452+00:00,London,TRENDING,43.09,0.8027,0.040778,0.759934,0.6303,0.551622,0.3697,0.682914,0.208312,0.062494,0.0200,-0.0055,0.604871,0.604871,0.120420,0.0100,False,0.5600,0.4400,False,BUY,BUY,EXECUTION_READY,VALID_SIGNAL,MEDIUM,False,
2026-05-07T12:43:58.148912+00:00,London,TRENDING,38.61,0.6746,5.705919,0.741692,0.6175,0.493684,0.3825,0.646820,0.248008,0.074402,0.0200,0.0034,0.612418,0.612418,0.072418,0.0100,False,0.5600,0.4400,False,BUY,BUY,EXECUTION_READY,VALID_SIGNAL,MEDIUM,False,
2026-05-07T12:44:06.714460+00:00,London,TRANSITIONING,24.55,0.2729,0.000436,0.417155,0.5773,0.464446,0.4227,0.437145,0.047291,0.014187,-0.0100,-0.0006,0.415226,0.415226,0.048667,0.0100,False,0.5700,0.4300,False,SELL,SELL,EXECUTION_READY,VALID_SIGNAL,MEDIUM,False,
2026-05-07T12:44:08.976294+00:00,London,TRENDING,43.09,0.8027,0.040778,0.759934,0.6303,0.556443,0.3697,0.684696,0.203491,0.061047,0.0200,-0.0055,0.608100,0.608100,0.123649,0.0100,False,0.5600,0.4400,False,BUY,BUY,EXECUTION_READY,VALID_SIGNAL,MEDIUM,False,
2026-05-07T12:44:11.306659+00:00,London,TRENDING,38.61,0.6746,5.705919,0.741692,0.6175,0.493684,0.3825,0.646820,0.248008,0.074402,0.0200,0.0034,0.612418,0.612418,0.072418,0.0100,False,0.5600,0.4400,False,BUY,BUY,EXECUTION_READY,VALID_SIGNAL,MEDIUM,False,
2026-05-07T12:44:17.041540+00:00,London,TRENDING,43.09,0.8027,0.040778,0.759934,0.6303,0.549169,0.3697,0.682007,0.210765,0.063230,0.0200,-0.0055,0.603228,0.603228,0.118777,0.0100,False,0.5600,0.4400,False,BUY,BUY,EXECUTION_READY,VALID_SIGNAL,MEDIUM,False,
2026-05-07T12:44:20.880541+00:00,London,TRENDING,38.61,0.6746,5.705919,0.732742,0.6175,0.492081,0.3825,0.640681,0.240661,0.072198,0.0200,0.0034,0.608483,0.608483,0.068483,0.0100,False,0.5600,0.4400,False,BUY,BUY,EXECUTION_READY,VALID_SIGNAL,MEDIUM,False,
2026-05-07T12:44:27.354610+00:00,London,TRENDING,43.10,0.8028,0.040850,0.759934,0.6303,0.551005,0.3697,0.682688,0.208929,0.062679,0.0200,-0.0055,0.604474,0.604474,0.120010,0.0100,False,0.5600,0.4400,False,BUY,BUY,EXECUTION_READY,VALID_SIGNAL,MEDIUM,False,
2026-05-07T12:44:29.964472+00:00,London,TRENDING,38.61,0.6746,5.705919,0.715415,0.6175,0.492087,0.3825,0.629984,0.223329,0.066999,0.0200,0.0034,0.602986,0.602986,0.062986,0.0100,False,0.5600,0.4400,False,BUY,BUY,EXECUTION_READY,VALID_SIGNAL,MEDIUM,False,
2026-05-07T12:44:37.641927+00:00,London,TRENDING,43.10,0.8028,0.040850,0.759934,0.6303,0.545679,0.3697,0.680719,0.214256,0.064277,0.0200,-0.0055,0.600907,0.600907,0.116442,0.0100,False,0.5600,0.4400,False,BUY,BUY,EXECUTION_READY,VALID_SIGNAL,MEDIUM,False,
2026-05-07T12:44:39.539990+00:00,London,TRENDING,38.61,0.6746,5.705919,0.715415,0.6175,0.492087,0.3825,0.629984,0.223329,0.066999,0.0200,0.0034,0.602986,0.602986,0.062986,0.0100,False,0.5600,0.4400,False,BUY,BUY,EXECUTION_READY,VALID_SIGNAL,MEDIUM,False,
2026-05-07T12:44:48.072183+00:00,London,TRANSITIONING,24.61,0.2746,0.000442,0.412799,0.5775,0.465049,0.4225,0.434877,0.052250,0.015675,-0.0100,-0.0002,0.414507,0.414507,0.049449,0.0100,False,0.5700,0.4300,False,SELL,SELL,EXECUTION_READY,VALID_SIGNAL,MEDIUM,False,
2026-05-07T12:44:50.790777+00:00,London,TRENDING,43.10,0.8030,0.040992,0.759934,0.6303,0.551306,0.3697,0.682804,0.208628,0.062588,0.0200,-0.0055,0.604707,0.604707,0.120216,0.0100,False,0.5600,0.4400,False,BUY,BUY,EXECUTION_READY,VALID_SIGNAL,MEDIUM,False,
2026-05-07T12:44:53.555046+00:00,London,TRENDING,38.62,0.6748,5.715919,0.715049,0.6175,0.491613,0.3825,0.629580,0.223436,0.067031,0.0200,0.0034,0.602549,0.602549,0.062549,0.0100,False,0.5600,0.4400,False,BUY,BUY,EXECUTION_READY,VALID_SIGNAL,MEDIUM,False,
2026-05-07T12:44:58.302042+00:00,London,TRANSITIONING,30.39,0.4398,0.000377,0.378441,0.5940,0.449338,0.4060,0.407226,0.070897,0.021269,0.0100,-0.0018,0.394216,0.394216,0.071504,0.0100,False,0.5600,0.4400,False,SELL,SELL,EXECUTION_READY,VALID_SIGNAL,MEDIUM,False,
2026-05-07T12:45:00.915497+00:00,London,TRENDING,43.10,0.8030,0.040992,0.759934,0.6303,0.551306,0.3697,0.682804,0.208628,0.062588,0.0200,-0.0055,0.604707,0.604707,0.120216,0.0100,False,0.5600,0.4400,False,BUY,BUY,EXECUTION_READY,VALID_SIGNAL,MEDIUM,False,
2026-05-07T12:45:04.153039+00:00,London,TRENDING,38.62,0.6748,5.348353,0.704574,0.6175,0.478655,0.3825,0.618156,0.225919,0.067776,0.0200,0.0010,0.590380,0.590380,0.050380,0.0100,False,0.5600,0.4400,False,BUY,BUY,EXECUTION_READY,VALID_SIGNAL,MEDIUM,False,
2026-05-07T12:45:09.239441+00:00,London,TRANSITIONING,30.40,0.4401,0.000355,0.378441,0.5940,0.479710,0.4060,0.419556,0.101269,0.030381,0.0100,-0.0036,0.426386,0.426386,0.050064,0.0100,False,0.5600,0.4400,False,SELL,SELL,EXECUTION_READY,VALID_SIGNAL,LOW,False,
2026-05-07T12:45:11.823085+00:00,London,TRANSITIONING,24.61,0.2746,0.000413,0.428764,0.5775,0.440252,0.4225,0.433619,0.011488,0.003446,-0.0100,-0.0021,0.402100,0.402100,0.062935,0.0100,False,0.5700,0.4300,False,SELL,SELL,EXECUTION_READY,VALID_SIGNAL,MEDIUM,False,
2026-05-07T12:45:13.824009+00:00,London,TRENDING,43.10,0.8030,0.038279,0.797033,0.6303,0.545950,0.3697,0.704208,0.251083,0.075325,0.0200,-0.0060,0.612862,0.612862,0.128883,0.0100,False,0.5600,0.4400,False,BUY,BUY,EXECUTION_READY,VALID_SIGNAL,MEDIUM,False,
2026-05-07T12:45:16.306826+00:00,London,TRENDING,38.64,0.6755,5.443353,0.731651,0.6176,0.479208,0.3824,0.635105,0.252443,0.075733,0.0200,0.0017,0.599372,0.599372,0.059372,0.0100,False,0.5600,0.4400,False,BUY,BUY,EXECUTION_READY,VALID_SIGNAL,MEDIUM,False,
2026-05-07T12:45:19.688559+00:00,London,TRENDING,43.13,0.8037,0.038779,0.797033,0.6304,0.548766,0.3696,0.705265,0.248267,0.074480,0.0200,-0.0059,0.634858,0.634858,0.130785,0.0100,False,0.5600,0.4400,False,BUY,BUY,EXECUTION_READY,VALID_SIGNAL,MEDIUM,False,
2026-05-07T12:45:21.767273+00:00,London,TRENDING,38.64,0.6755,5.461925,0.731651,0.6176,0.479013,0.3824,0.635030,0.252638,0.075791,0.0200,0.0018,0.599238,0.599238,0.059238,0.0100,False,0.5600,0.4400,False,BUY,BUY,EXECUTION_READY,VALID_SIGNAL,MEDIUM,False,
2026-05-07T12:45:29.995228+00:00,London,TRENDING,38.64,0.6755,5.461925,0.731651,0.6176,0.478379,0.3824,0.634787,0.253272,0.075982,0.0200,0.0018,0.598806,0.598806,0.058806,0.0100,False,0.5600,0.4400,False,BUY,BUY,EXECUTION_READY,VALID_SIGNAL,MEDIUM,False,
2026-05-07T12:45:40.761309+00:00,London,TRENDING,43.15,0.8043,0.039207,0.797033,0.6304,0.560767,0.3696,0.709717,0.236266,0.070880,0.0200,-0.0058,0.602991,0.602991,0.138837,0.0100,False,0.5600,0.4400,False,BUY,BUY,EXECUTION_READY,VALID_SIGNAL,MEDIUM,False,
2026-05-07T12:45:44.564529+00:00,London,TRENDING,38.64,0.6755,5.521925,0.731651,0.6176,0.474214,0.3824,0.633194,0.257437,0.077231,0.0200,0.0022,0.595963,0.595963,0.055963,0.0100,False,0.5600,0.4400,False,BUY,BUY,EXECUTION_READY,VALID_SIGNAL,MEDIUM,False,
2026-05-07T12:45:51.443707+00:00,London,RF_NOISE,24.61,0.2746,0.000419,0.432801,0.5500,0.461470,0.4500,0.500000,0.028669,0.000000,0.0000,0.0000,0.500000,0.500000,0.000000,0.0000,False,0.6000,0.4000,False,HOLD,NONE,SCORE_FLOOR,RF_NOISE_ZONE,LOW,False,"RF_NOISE_GATE: rf_prob=0.4615 in [0.42, 0.58]"
2026-05-07T12:45:52.586829+00:00,London,TRENDING,43.15,0.8043,0.039493,0.797033,0.6304,0.542487,0.3696,0.702961,0.254546,0.076364,0.0200,-0.0058,0.630804,0.630804,0.126597,0.0100,False,0.5600,0.4400,False,BUY,BUY,EXECUTION_READY,VALID_SIGNAL,MEDIUM,False,
2026-05-07T12:45:56.275742+00:00,London,TRENDING,38.64,0.6755,5.521925,0.731651,0.6176,0.473321,0.3824,0.632853,0.258330,0.077499,0.0200,0.0022,0.595354,0.595354,0.055354,0.0100,False,0.5600,0.4400,False,BUY,BUY,EXECUTION_READY,VALID_SIGNAL,MEDIUM,False,
2026-05-07T12:46:02.093961+00:00,London,RF_NOISE,24.61,0.2746,0.000420,0.432801,0.5500,0.462620,0.4500,0.500000,0.029819,0.000000,0.0000,0.0000,0.500000,0.500000,0.000000,0.0000,False,0.6000,0.4000,False,HOLD,NONE,SCORE_FLOOR,RF_NOISE_ZONE,LOW,False,"RF_NOISE_GATE: rf_prob=0.4626 in [0.42, 0.58]"
2026-05-07T12:46:03.262265+00:00,London,TRENDING,43.15,0.8043,0.039636,0.797033,0.6304,0.541292,0.3696,0.702520,0.255741,0.076722,0.0200,-0.0058,0.630031,0.630031,0.125797,0.0100,False,0.5600,0.4400,False,BUY,BUY,EXECUTION_READY,VALID_SIGNAL,MEDIUM,False,
2026-05-07T12:46:06.010049+00:00,London,TRENDING,38.64,0.6755,5.521925,0.731651,0.6176,0.472472,0.3824,0.632528,0.259179,0.077754,0.0200,0.0022,0.594774,0.594774,0.054774,0.0100,False,0.5600,0.4400,False,BUY,BUY,EXECUTION_READY,VALID_SIGNAL,MEDIUM,False,
2026-05-07T12:46:12.635143+00:00,London,RF_NOISE,24.61,0.2746,0.000422,0.432801,0.5500,0.464395,0.4500,0.500000,0.031594,0.000000,0.0000,0.0000,0.500000,0.500000,0.000000,0.0000,False,0.6000,0.4000,False,HOLD,NONE,SCORE_FLOOR,RF_NOISE_ZONE,LOW,False,"RF_NOISE_GATE: rf_prob=0.4644 in [0.42, 0.58]"
2026-05-07T12:46:13.771178+00:00,London,TRENDING,43.15,0.8043,0.039707,0.797033,0.6304,0.546962,0.3696,0.704615,0.250071,0.075021,0.0200,-0.0058,0.633841,0.633841,0.129594,0.0100,False,0.5600,0.4400,False,BUY,BUY,EXECUTION_READY,VALID_SIGNAL,MEDIUM,False,
2026-05-07T12:46:16.425607+00:00,London,TRENDING,38.64,0.6755,5.522639,0.728701,0.6176,0.477125,0.3824,0.632486,0.251577,0.075473,0.0200,0.0022,0.597013,0.597013,0.057013,0.0100,False,0.5600,0.4400,False,BUY,BUY,EXECUTION_READY,VALID_SIGNAL,MEDIUM,False,
2026-05-07T12:46:23.412512+00:00,London,RF_NOISE,24.61,0.2746,0.000425,0.431037,0.5500,0.466863,0.4500,0.500000,0.035826,0.000000,0.0000,0.0000,0.500000,0.500000,0.000000,0.0000,False,0.6000,0.4000,False,HOLD,NONE,SCORE_FLOOR,RF_NOISE_ZONE,LOW,False,"RF_NOISE_GATE: rf_prob=0.4669 in [0.42, 0.58]"
2026-05-07T12:46:24.574114+00:00,London,TRENDING,43.15,0.8043,0.039707,0.797033,0.6304,0.551897,0.3696,0.706439,0.245136,0.073541,0.0200,-0.0058,0.617146,0.617146,0.132898,0.0100,False,0.5600,0.4400,False,BUY,BUY,EXECUTION_READY,VALID_SIGNAL,MEDIUM,False,
2026-05-07T12:46:26.975332+00:00,London,TRENDING,38.64,0.6755,5.522639,0.726269,0.6176,0.474934,0.3824,0.630146,0.251335,0.075400,0.0200,0.0022,0.594745,0.594745,0.054745,0.0100,False,0.5600,0.4400,False,BUY,BUY,EXECUTION_READY,VALID_SIGNAL,MEDIUM,False,
2026-05-07T12:46:33.744976+00:00,London,RF_NOISE,24.61,0.2746,0.000425,0.431037,0.5500,0.465026,0.4500,0.500000,0.033989,0.000000,0.0000,0.0000,0.500000,0.500000,0.000000,0.0000,False,0.6000,0.4000,False,HOLD,NONE,SCORE_FLOOR,RF_NOISE_ZONE,LOW,False,"RF_NOISE_GATE: rf_prob=0.4650 in [0.42, 0.58]"
2026-05-07T12:46:34.899793+00:00,London,TRENDING,43.15,0.8043,0.039707,0.797033,0.6304,0.546962,0.3696,0.704615,0.250071,0.075021,0.0200,-0.0058,0.633841,0.633841,0.129594,0.0100,False,0.5600,0.4400,False,BUY,BUY,EXECUTION_READY,VALID_SIGNAL,MEDIUM,False,
2026-05-07T12:46:36.916033+00:00,London,TRENDING,38.64,0.6755,5.522639,0.710846,0.6176,0.476458,0.3824,0.621205,0.234388,0.070316,0.0200,0.0022,0.590888,0.590888,0.050888,0.0100,False,0.5600,0.4400,False,BUY,BUY,EXECUTION_READY,VALID_SIGNAL,MEDIUM,False,
2026-05-07T12:46:44.214167+00:00,London,TRANSITIONING,24.61,0.2746,0.000425,0.417155,0.5775,0.466863,0.4225,0.438159,0.049709,0.014913,-0.0100,-0.0013,0.421781,0.421781,0.046929,0.0100,False,0.5700,0.4300,False,SELL,SELL,EXECUTION_READY,VALID_SIGNAL,LOW,False,
2026-05-07T12:46:47.506697+00:00,London,TRENDING,43.15,0.8043,0.039707,0.797033,0.6304,0.539653,0.3696,0.701914,0.257380,0.077214,0.0200,-0.0058,0.628947,0.628947,0.124700,0.0100,False,0.5600,0.4400,False,BUY,BUY,EXECUTION_READY,VALID_SIGNAL,MEDIUM,False,
2026-05-07T12:46:51.011047+00:00,London,TRENDING,38.64,0.6755,5.522639,0.728701,0.6176,0.474657,0.3824,0.631542,0.254044,0.076213,0.0200,0.0022,0.595329,0.595329,0.055329,0.0100,False,0.5600,0.4400,False,BUY,BUY,EXECUTION_READY,VALID_SIGNAL,MEDIUM,False,
2026-05-07T12:46:54.647887+00:00,London,TRANSITIONING,30.44,0.4412,0.000369,0.380119,0.5941,0.484173,0.4059,0.422353,0.104053,0.031216,0.0100,-0.0024,0.431121,0.431121,0.046431,0.0100,False,0.5600,0.4400,False,SELL,SELL,EXECUTION_READY,VALID_SIGNAL,LOW,False,
2026-05-07T12:46:57.127504+00:00,London,TRANSITIONING,24.61,0.2746,0.000427,0.417877,0.5775,0.465868,0.4225,0.438155,0.047990,0.014397,-0.0100,-0.0012,0.421353,0.421353,0.047448,0.0100,False,0.5700,0.4300,False,SELL,SELL,EXECUTION_READY,VALID_SIGNAL,LOW,False,
2026-05-07T12:47:01.961438+00:00,London,TRENDING,43.15,0.8043,0.040636,0.796402,0.6304,0.535123,0.3696,0.699842,0.261279,0.078384,0.0200,-0.0056,0.625879,0.625879,0.121458,0.0100,False,0.5600,0.4400,False,BUY,BUY,EXECUTION_READY,VALID_SIGNAL,MEDIUM,False,
2026-05-07T12:47:05.678793+00:00,London,TRENDING,38.64,0.6755,5.522639,0.731651,0.6176,0.474214,0.3824,0.633194,0.257437,0.077231,0.0200,0.0022,0.595963,0.595963,0.055963,0.0100,False,0.5600,0.4400,False,BUY,BUY,EXECUTION_READY,VALID_SIGNAL,MEDIUM,False,
2026-05-07T12:47:07.135224+00:00,London,TRANSITIONING,24.61,0.2746,0.000428,0.417877,0.5775,0.478859,0.4225,0.443644,0.060982,0.018295,-0.0100,-0.0011,0.430832,0.430832,0.038061,0.0100,False,0.5700,0.4300,False,HOLD,SELL,THRESHOLD_CHECK,BELOW_THRESHOLD,LOW,False,HOLD: Final 0.4308 between BUY>0.5700 and SELL<0.4300
2026-05-07T12:47:08.274168+00:00,London,TRENDING,43.15,0.8043,0.040707,0.796402,0.6304,0.531359,0.3696,0.698451,0.265042,0.079513,0.0200,-0.0056,0.623373,0.623373,0.118938,0.0100,False,0.5600,0.4400,False,BUY,BUY,EXECUTION_READY,VALID_SIGNAL,MEDIUM,False,
2026-05-07T12:47:09.647103+00:00,London,TRENDING,38.64,0.6755,5.522639,0.731651,0.6176,0.476652,0.3824,0.634127,0.254999,0.076500,0.0200,0.0022,0.597627,0.597627,0.057627,0.0100,False,0.5600,0.4400,False,BUY,BUY,EXECUTION_READY,VALID_SIGNAL,MEDIUM,False,
2026-05-07T12:47:17.257887+00:00,London,TRANSITIONING,24.61,0.2746,0.000428,0.417155,0.5775,0.466510,0.4225,0.438009,0.049355,0.014807,-0.0100,-0.0011,0.416591,0.416591,0.047184,0.0100,False,0.5700,0.4300,False,SELL,SELL,EXECUTION_READY,VALID_SIGNAL,MEDIUM,False,
2026-05-07T12:47:18.697829+00:00,London,TRENDING,43.15,0.8043,0.040707,0.796402,0.6304,0.541162,0.3696,0.702074,0.255239,0.076572,0.0200,-0.0056,0.629937,0.629937,0.125502,0.0100,False,0.5600,0.4400,False,BUY,BUY,EXECUTION_READY,VALID_SIGNAL,MEDIUM,False,
2026-05-07T12:47:20.119272+00:00,London,TRENDING,38.64,0.6755,5.561210,0.731651,0.6176,0.466722,0.3824,0.630329,0.264930,0.079479,0.0200,0.0024,0.590850,0.590850,0.050850,0.0100,False,0.5600,0.4400,False,BUY,BUY,EXECUTION_READY,VALID_SIGNAL,MEDIUM,False,
2026-05-07T12:47:27.743618+00:00,London,TRANSITIONING,24.61,0.2746,0.000428,0.417155,0.5775,0.462372,0.4225,0.436261,0.045217,0.013565,-0.0100,-0.0011,0.413840,0.413840,0.050174,0.0100,False,0.5700,0.4300,False,SELL,SELL,EXECUTION_READY,VALID_SIGNAL,MEDIUM,False,
2026-05-07T12:47:29.119222+00:00,London,TRENDING,43.15,0.8043,0.040707,0.796402,0.6304,0.540300,0.3696,0.701755,0.256101,0.076830,0.0200,-0.0056,0.629360,0.629360,0.124925,0.0100,False,0.5600,0.4400,False,BUY,BUY,EXECUTION_READY,VALID_SIGNAL,MEDIUM,False,
2026-05-07T12:47:38.759652+00:00,London,TRANSITIONING,24.61,0.2746,0.000428,0.417155,0.5775,0.465445,0.4225,0.437559,0.048290,0.014487,-0.0100,-0.0011,0.415883,0.415883,0.047954,0.0100,False,0.5700,0.4300,False,SELL,SELL,EXECUTION_READY,VALID_SIGNAL,MEDIUM,False,
2026-05-07T12:47:40.192424+00:00,London,TRENDING,43.15,0.8043,0.040707,0.796402,0.6304,0.540300,0.3696,0.701755,0.256101,0.076830,0.0200,-0.0056,0.629360,0.629360,0.124925,0.0100,False,0.5600,0.4400,False,BUY,BUY,EXECUTION_READY,VALID_SIGNAL,MEDIUM,False,
2026-05-07T12:47:41.539978+00:00,London,TRENDING,38.64,0.6755,5.633353,0.731651,0.6176,0.471105,0.3824,0.632005,0.260547,0.078164,0.0200,0.0029,0.593841,0.593841,0.053841,0.0100,False,0.5600,0.4400,False,BUY,BUY,EXECUTION_READY,VALID_SIGNAL,MEDIUM,False,
2026-05-07T12:47:49.105103+00:00,London,TRANSITIONING,24.61,0.2746,0.000428,0.417155,0.5775,0.465776,0.4225,0.437699,0.048621,0.014586,-0.0100,-0.0011,0.416102,0.416102,0.047715,0.0100,False,0.5700,0.4300,False,SELL,SELL,EXECUTION_READY,VALID_SIGNAL,MEDIUM,False,
2026-05-07T12:47:50.617107+00:00,London,TRENDING,43.15,0.8043,0.040707,0.796402,0.6304,0.544516,0.3696,0.703313,0.251886,0.075566,0.0200,-0.0056,0.632182,0.632182,0.127747,0.0100,False,0.5600,0.4400,False,BUY,BUY,EXECUTION_READY,VALID_SIGNAL,MEDIUM,False,
2026-05-07T12:47:51.994091+00:00,London,TRENDING,38.64,0.6755,5.633353,0.731651,0.6176,0.467406,0.3824,0.630591,0.264246,0.079274,0.0200,0.0029,0.591317,0.591317,0.051317,0.0100,False,0.5600,0.4400,False,BUY,BUY,EXECUTION_READY,VALID_SIGNAL,MEDIUM,False,
2026-05-07T12:47:59.670356+00:00,London,TRANSITIONING,24.61,0.2746,0.000428,0.417155,0.5775,0.465776,0.4225,0.437699,0.048621,0.014586,-0.0100,-0.0011,0.416102,0.416102,0.047715,0.0100,False,0.5700,0.4300,False,SELL,SELL,EXECUTION_READY,VALID_SIGNAL,MEDIUM,False,
2026-05-07T12:48:01.195556+00:00,London,TRENDING,43.15,0.8043,0.040707,0.796402,0.6304,0.544516,0.3696,0.703313,0.251886,0.075566,0.0200,-0.0056,0.632182,0.632182,0.127747,0.0100,False,0.5600,0.4400,False,BUY,BUY,EXECUTION_READY,VALID_SIGNAL,MEDIUM,False,
2026-05-07T12:48:02.556488+00:00,London,TRENDING,38.64,0.6755,5.633353,0.731651,0.6176,0.468492,0.3824,0.631006,0.263159,0.078948,0.0200,0.0029,0.592058,0.592058,0.052058,0.0100,False,0.5600,0.4400,False,BUY,BUY,EXECUTION_READY,VALID_SIGNAL,MEDIUM,False,
2026-05-07T12:48:10.119172+00:00,London,TRANSITIONING,24.61,0.2746,0.000428,0.417155,0.5775,0.465776,0.4225,0.437699,0.048621,0.014586,-0.0100,-0.0011,0.416102,0.416102,0.047715,0.0100,False,0.5700,0.4300,False,SELL,SELL,EXECUTION_READY,VALID_SIGNAL,MEDIUM,False,
2026-05-07T12:48:11.500121+00:00,London,TRENDING,43.15,0.8043,0.040707,0.759934,0.6304,0.551623,0.3696,0.682949,0.208311,0.062493,0.0200,-0.0056,0.624891,0.624891,0.120456,0.0100,False,0.5600,0.4400,False,BUY,BUY,EXECUTION_READY,VALID_SIGNAL,MEDIUM,False,
2026-05-07T12:48:12.948638+00:00,London,TRENDING,38.64,0.6755,5.633353,0.731651,0.6176,0.473109,0.3824,0.632772,0.258543,0.077563,0.0200,0.0029,0.595209,0.595209,0.055209,0.0100,False,0.5600,0.4400,False,BUY,BUY,EXECUTION_READY,VALID_SIGNAL,MEDIUM,False,
2026-05-07T12:48:20.572177+00:00,London,TRANSITIONING,24.61,0.2746,0.000428,0.417155,0.5775,0.465776,0.4225,0.437699,0.048621,0.014586,-0.0100,-0.0011,0.416102,0.416102,0.047715,0.0100,False,0.5700,0.4300,False,SELL,SELL,EXECUTION_READY,VALID_SIGNAL,MEDIUM,False,
2026-05-07T12:48:21.993841+00:00,London,TRENDING,43.15,0.8043,0.040707,0.759934,0.6304,0.559008,0.3696,0.685679,0.200926,0.060278,0.0200,-0.0056,0.609836,0.609836,0.125401,0.0100,False,0.5600,0.4400,False,BUY,BUY,EXECUTION_READY,VALID_SIGNAL,MEDIUM,False,
2026-05-07T12:48:23.378323+00:00,London,TRENDING,38.64,0.6755,5.633353,0.731651,0.6176,0.477539,0.3824,0.634466,0.254113,0.076234,0.0200,0.0029,0.598232,0.598232,0.058232,0.0100,False,0.5600,0.4400,False,BUY,BUY,EXECUTION_READY,VALID_SIGNAL,MEDIUM,False,
2026-05-07T12:48:30.994104+00:00,London,TRANSITIONING,24.61,0.2746,0.000428,0.417877,0.5775,0.466663,0.4225,0.438491,0.048786,0.014636,-0.0100,-0.0011,0.422020,0.422020,0.046873,0.0100,False,0.5700,0.4300,False,SELL,SELL,EXECUTION_READY,VALID_SIGNAL,LOW,False,
2026-05-07T12:48:33.242331+00:00,London,TRENDING,43.15,0.8043,0.040707,0.759934,0.6304,0.551623,0.3696,0.682949,0.208311,0.062493,0.0200,-0.0056,0.624891,0.624891,0.120456,0.0100,False,0.5600,0.4400,False,BUY,BUY,EXECUTION_READY,VALID_SIGNAL,MEDIUM,False,
2026-05-07T12:48:34.630663+00:00,London,TRENDING,38.64,0.6755,5.633353,0.731651,0.6176,0.478366,0.3824,0.634782,0.253285,0.075986,0.0200,0.0029,0.598797,0.598797,0.058797,0.0100,False,0.5600,0.4400,False,BUY,BUY,EXECUTION_READY,VALID_SIGNAL,MEDIUM,False,
2026-05-07T12:48:41.259134+00:00,London,TRANSITIONING,24.61,0.2746,0.000428,0.417155,0.5775,0.466510,0.4225,0.438009,0.049355,0.014807,-0.0100,-0.0011,0.416591,0.416591,0.047184,0.0100,False,0.5700,0.4300,False,SELL,SELL,EXECUTION_READY,VALID_SIGNAL,MEDIUM,False,
2026-05-07T12:48:42.650921+00:00,London,TRENDING,43.15,0.8043,0.040707,0.759934,0.6304,0.551623,0.3696,0.682949,0.208311,0.062493,0.0200,-0.0056,0.624891,0.624891,0.120456,0.0100,False,0.5600,0.4400,False,BUY,BUY,EXECUTION_READY,VALID_SIGNAL,MEDIUM,False,
2026-05-07T12:48:44.026434+00:00,London,TRENDING,38.64,0.6755,5.633353,0.731651,0.6176,0.478366,0.3824,0.634782,0.253285,0.075986,0.0200,0.0029,0.598797,0.598797,0.058797,0.0100,False,0.5600,0.4400,False,BUY,BUY,EXECUTION_READY,VALID_SIGNAL,MEDIUM,False,
2026-05-07T12:48:51.711434+00:00,London,TRANSITIONING,24.61,0.2746,0.000428,0.417155,0.5775,0.462372,0.4225,0.436261,0.045217,0.013565,-0.0100,-0.0011,0.413840,0.413840,0.050174,0.0100,False,0.5700,0.4300,False,SELL,SELL,EXECUTION_READY,VALID_SIGNAL,MEDIUM,False,
2026-05-07T12:48:53.135463+00:00,London,TRENDING,43.15,0.8043,0.040707,0.759934,0.6304,0.549620,0.3696,0.682209,0.210314,0.063094,0.0200,-0.0056,0.623550,0.623550,0.119115,0.0100,False,0.5600,0.4400,False,BUY,BUY,EXECUTION_READY,VALID_SIGNAL,MEDIUM,False,
2026-05-07T12:48:54.542332+00:00,London,TRENDING,38.64,0.6755,5.633353,0.728701,0.6176,0.479892,0.3824,0.633544,0.248809,0.074643,0.0200,0.0029,0.598902,0.598902,0.058902,0.0100,False,0.5600,0.4400,False,BUY,BUY,EXECUTION_READY,VALID_SIGNAL,MEDIUM,False,
2026-05-07T12:49:02.119478+00:00,London,TRANSITIONING,24.61,0.2746,0.000428,0.417155,0.5775,0.461492,0.4225,0.435889,0.044337,0.013301,-0.0100,-0.0011,0.413255,0.413255,0.050810,0.0100,False,0.5700,0.4300,False,SELL,SELL,EXECUTION_READY,VALID_SIGNAL,MEDIUM,False,
2026-05-07T12:49:03.508757+00:00,London,TRENDING,43.15,0.8043,0.040707,0.759934,0.6304,0.549620,0.3696,0.682209,0.210314,0.063094,0.0200,-0.0056,0.623550,0.623550,0.119115,0.0100,False,0.5600,0.4400,False,BUY,BUY,EXECUTION_READY,VALID_SIGNAL,MEDIUM,False,
2026-05-07T12:49:04.880410+00:00,London,TRENDING,38.64,0.6755,5.633353,0.712690,0.6176,0.478731,0.3824,0.623212,0.233958,0.070187,0.0200,0.0029,0.593025,0.593025,0.053025,0.0100,False,0.5600,0.4400,False,BUY,BUY,EXECUTION_READY,VALID_SIGNAL,MEDIUM,False,
2026-05-07T12:49:12.477623+00:00,London,TRANSITIONING,24.61,0.2746,0.000428,0.417155,0.5775,0.461036,0.4225,0.435696,0.043881,0.013164,-0.0100,-0.0011,0.412952,0.412952,0.051140,0.0100,False,0.5700,0.4300,False,SELL,SELL,EXECUTION_READY,VALID_SIGNAL,MEDIUM,False,
2026-05-07T12:49:13.884380+00:00,London,TRENDING,43.15,0.8043,0.040707,0.759934,0.6304,0.551623,0.3696,0.682949,0.208311,0.062493,0.0200,-0.0056,0.624891,0.624891,0.120456,0.0100,False,0.5600,0.4400,False,BUY,BUY,EXECUTION_READY,VALID_SIGNAL,MEDIUM,False,
2026-05-07T12:49:15.267691+00:00,London,TRENDING,38.64,0.6755,5.633353,0.710846,0.6176,0.479838,0.3824,0.622497,0.231008,0.069302,0.0200,0.0029,0.593195,0.593195,0.053195,0.0100,False,0.5600,0.4400,False,BUY,BUY,EXECUTION_READY,VALID_SIGNAL,MEDIUM,False,
2026-05-07T12:49:23.037526+00:00,London,TRANSITIONING,24.61,0.2746,0.000428,0.417155,0.5775,0.465776,0.4225,0.437699,0.048621,0.014586,-0.0100,-0.0011,0.416102,0.416102,0.047715,0.0100,False,0.5700,0.4300,False,SELL,SELL,EXECUTION_READY,VALID_SIGNAL,MEDIUM,False,
2026-05-07T12:49:24.493811+00:00,London,TRENDING,43.15,0.8043,0.040707,0.759934,0.6304,0.553953,0.3696,0.683810,0.205981,0.061794,0.0200,-0.0056,0.606451,0.606451,0.122016,0.0100,False,0.5600,0.4400,False,BUY,BUY,EXECUTION_READY,VALID_SIGNAL,MEDIUM,False,
2026-05-07T12:49:25.854705+00:00,London,TRENDING,38.64,0.6755,5.633353,0.728066,0.6176,0.478731,0.3824,0.632708,0.249334,0.074800,0.0200,0.0029,0.597907,0.597907,0.057907,0.0100,False,0.5600,0.4400,False,BUY,BUY,EXECUTION_READY,VALID_SIGNAL,MEDIUM,False,
2026-05-07T12:49:33.430799+00:00,London,TRANSITIONING,24.61,0.2746,0.000428,0.417155,0.5775,0.461036,0.4225,0.435696,0.043881,0.013164,-0.0100,-0.0011,0.412952,0.412952,0.051140,0.0100,False,0.5700,0.4300,False,SELL,SELL,EXECUTION_READY,VALID_SIGNAL,MEDIUM,False,
2026-05-07T12:49:34.860253+00:00,London,TRENDING,38.64,0.6755,5.633353,0.712690,0.6176,0.478731,0.3824,0.623212,0.233958,0.070187,0.0200,0.0029,0.593025,0.593025,0.053025,0.0100,False,0.5600,0.4400,False,BUY,BUY,EXECUTION_READY,VALID_SIGNAL,MEDIUM,False,
2026-05-07T12:49:43.447629+00:00,London,TRANSITIONING,24.61,0.2746,0.000428,0.417155,0.5775,0.462559,0.4225,0.436340,0.045404,0.013621,-0.0100,-0.0011,0.413964,0.413964,0.050039,0.0100,False,0.5700,0.4300,False,SELL,SELL,EXECUTION_READY,VALID_SIGNAL,MEDIUM,False,
2026-05-07T12:49:44.833238+00:00,London,TRENDING,38.64,0.6755,5.633353,0.726269,0.6176,0.478731,0.3824,0.631598,0.247537,0.074261,0.0200,0.0029,0.597337,0.597337,0.057337,0.0100,False,0.5600,0.4400,False,BUY,BUY,EXECUTION_READY,VALID_SIGNAL,MEDIUM,False,
2026-05-07T12:49:53.477397+00:00,London,TRANSITIONING,24.61,0.2746,0.000428,0.417155,0.5775,0.465776,0.4225,0.437699,0.048621,0.014586,-0.0100,-0.0011,0.416102,0.416102,0.047715,0.0100,False,0.5700,0.4300,False,SELL,SELL,EXECUTION_READY,VALID_SIGNAL,MEDIUM,False,
2026-05-07T12:49:54.884209+00:00,London,TRENDING,43.23,0.8065,0.042136,0.759934,0.6306,0.580524,0.3694,0.693669,0.179411,0.053823,0.0200,-0.0053,0.604549,0.604549,0.139846,0.0100,False,0.5600,0.4400,False,BUY,BUY,EXECUTION_READY,VALID_SIGNAL,MEDIUM,False,
2026-05-07T12:49:56.271938+00:00,London,TRENDING,38.64,0.6755,5.633353,0.711216,0.6176,0.478731,0.3824,0.622302,0.232484,0.069745,0.0200,0.0029,0.592557,0.592557,0.052557,0.0100,False,0.5600,0.4400,False,BUY,BUY,EXECUTION_READY,VALID_SIGNAL,MEDIUM,False,
2026-05-07T12:50:03.916966+00:00,London,TRANSITIONING,30.46,0.4418,0.000350,0.378441,0.5942,0.478734,0.4058,0.419142,0.100292,0.030088,0.0100,-0.0039,0.415312,0.415312,0.050770,0.0100,False,0.5600,0.4400,False,SELL,SELL,EXECUTION_READY,VALID_SIGNAL,MEDIUM,False,
2026-05-07T12:50:05.338970+00:00,London,TRANSITIONING,24.61,0.2746,0.000399,0.429099,0.5775,0.447051,0.4225,0.436684,0.017952,0.005386,-0.0100,-0.0030,0.406704,0.406704,0.057930,0.0100,False,0.5700,0.4300,False,SELL,SELL,EXECUTION_READY,VALID_SIGNAL,MEDIUM,False,
2026-05-07T12:50:06.715662+00:00,London,TRENDING,43.29,0.8084,0.041039,0.800675,0.6308,0.563770,0.3692,0.713218,0.236905,0.071072,0.0200,-0.0055,0.606642,0.606642,0.142147,0.0100,False,0.5600,0.4400,False,BUY,BUY,EXECUTION_READY,VALID_SIGNAL,MEDIUM,False,
2026-05-07T12:50:08.103631+00:00,London,TRENDING,38.64,0.6756,5.269950,0.701157,0.6176,0.477308,0.3824,0.615548,0.223849,0.067155,0.0200,0.0005,0.588393,0.588393,0.048393,0.0100,False,0.5600,0.4400,False,BUY,BUY,EXECUTION_READY,VALID_SIGNAL,MEDIUM,False,
2026-05-07T12:50:14.649692+00:00,London,TRANSITIONING,30.49,0.4426,0.000356,0.380119,0.5943,0.467337,0.4057,0.415507,0.087218,0.026165,0.0100,-0.0034,0.428251,0.428251,0.058328,0.0100,False,0.5600,0.4400,False,SELL,SELL,EXECUTION_READY,VALID_SIGNAL,LOW,False,
2026-05-07T12:50:16.041362+00:00,London,TRENDING,38.64,0.6756,5.304236,0.701157,0.6176,0.475238,0.3824,0.614756,0.225920,0.067776,0.0200,0.0007,0.586980,0.586980,0.046980,0.0100,False,0.5600,0.4400,False,BUY,BUY,EXECUTION_READY,VALID_SIGNAL,MEDIUM,False,
2026-05-07T12:50:24.789902+00:00,London,TRANSITIONING,30.56,0.4445,0.000363,0.378441,0.5945,0.462052,0.4055,0.412350,0.083611,0.025083,0.0100,-0.0029,0.402438,0.402438,0.062567,0.0100,False,0.5600,0.4400,False,SELL,SELL,EXECUTION_READY,VALID_SIGNAL,MEDIUM,False,
2026-05-07T12:50:26.261281+00:00,London,TRENDING,38.65,0.6757,5.327093,0.701157,0.6176,0.473600,0.3824,0.614133,0.227557,0.068267,0.0200,0.0009,0.585866,0.585866,0.045866,0.0100,False,0.5600,0.4400,False,BUY,BUY,EXECUTION_READY,VALID_SIGNAL,MEDIUM,False,
2026-05-07T12:50:35.114561+00:00,London,TRENDING,38.65,0.6757,5.327093,0.701534,0.6176,0.477413,0.3824,0.615824,0.224120,0.067236,0.0200,0.0009,0.588588,0.588588,0.048588,0.0100,False,0.5600,0.4400,False,BUY,BUY,EXECUTION_READY,VALID_SIGNAL,MEDIUM,False,
2026-05-07T12:50:45.868404+00:00,London,TRANSITIONING,30.56,0.4445,0.000363,0.378441,0.5945,0.474804,0.4055,0.417521,0.096363,0.028909,0.0100,-0.0029,0.433560,0.433560,0.053570,0.0100,False,0.5600,0.4400,False,SELL,SELL,EXECUTION_READY,VALID_SIGNAL,LOW,False,
2026-05-07T12:50:47.276092+00:00,London,TRANSITIONING,24.61,0.2746,0.000412,0.417957,0.5775,0.466602,0.4225,0.438512,0.048645,0.014594,-0.0100,-0.0021,0.416857,0.416857,0.046895,0.0100,False,0.5700,0.4300,False,SELL,SELL,EXECUTION_READY,VALID_SIGNAL,MEDIUM,False,
2026-05-07T12:50:48.679928+00:00,London,TRENDING,38.65,0.6757,5.457808,0.709911,0.6176,0.466435,0.3824,0.616798,0.243476,0.073043,0.0200,0.0018,0.583756,0.583756,0.043756,0.0100,False,0.5600,0.4400,False,BUY,BUY,EXECUTION_READY,VALID_SIGNAL,MEDIUM,False,
2026-05-07T12:50:56.276901+00:00,London,TRANSITIONING,24.61,0.2746,0.000415,0.418680,0.5775,0.485155,0.4225,0.446768,0.066475,0.019942,-0.0100,-0.0019,0.434785,0.434785,0.033289,0.0100,False,0.5700,0.4300,False,HOLD,SELL,THRESHOLD_CHECK,BELOW_THRESHOLD,LOW,False,HOLD: Final 0.4348 between BUY>0.5700 and SELL<0.4300
2026-05-07T12:50:57.416992+00:00,London,TRENDING,43.30,0.8086,0.042397,0.760625,0.6309,0.547785,0.3691,0.682057,0.212840,0.063852,0.0200,-0.0053,0.602955,0.602955,0.118205,0.0100,False,0.5600,0.4400,False,BUY,BUY,EXECUTION_READY,VALID_SIGNAL,MEDIUM,False,
2026-05-07T12:51:07.055956+00:00,London,TRANSITIONING,24.61,0.2746,0.000418,0.418680,0.5775,0.486993,0.4225,0.447545,0.068313,0.020494,-0.0100,-0.0017,0.436296,0.436296,0.031961,0.0100,False,0.5700,0.4300,False,HOLD,SELL,THRESHOLD_CHECK,BELOW_THRESHOLD,LOW,False,HOLD: Final 0.4363 between BUY>0.5700 and SELL<0.4300
2026-05-07T12:51:17.493033+00:00,London,TRANSITIONING,24.61,0.2746,0.000418,0.418680,0.5775,0.487751,0.4225,0.447865,0.069071,0.020721,-0.0100,-0.0017,0.436844,0.436844,0.031413,0.0100,False,0.5700,0.4300,False,HOLD,SELL,THRESHOLD_CHECK,BELOW_THRESHOLD,LOW,False,HOLD: Final 0.4368 between BUY>0.5700 and SELL<0.4300
2026-05-07T12:51:27.947240+00:00,London,TRANSITIONING,24.61,0.2746,0.000418,0.418680,0.5775,0.484798,0.4225,0.446617,0.066118,0.019835,-0.0100,-0.0017,0.434710,0.434710,0.033547,0.0100,False,0.5700,0.4300,False,HOLD,SELL,THRESHOLD_CHECK,BELOW_THRESHOLD,LOW,False,HOLD: Final 0.4347 between BUY>0.5700 and SELL<0.4300
2026-05-07T12:51:29.086458+00:00,London,TRENDING,38.65,0.6757,5.562093,0.709911,0.6176,0.463986,0.3824,0.615862,0.245924,0.073777,0.0200,0.0024,0.582085,0.582085,0.042085,0.0100,False,0.5600,0.4400,False,BUY,BUY,EXECUTION_READY,VALID_SIGNAL,MEDIUM,False,
2026-05-07T12:51:38.714868+00:00,London,TRANSITIONING,24.61,0.2746,0.000418,0.417957,0.5775,0.473027,0.4225,0.441226,0.055070,0.016521,-0.0100,-0.0017,0.421127,0.421127,0.042253,0.0100,False,0.5700,0.4300,False,SELL,SELL,EXECUTION_READY,VALID_SIGNAL,LOW,False,
2026-05-07T12:51:40.095792+00:00,London,TRENDING,38.65,0.6757,5.562093,0.709911,0.6176,0.462736,0.3824,0.615384,0.247174,0.074152,0.0200,0.0024,0.581232,0.581232,0.041232,0.0100,False,0.5600,0.4400,False,BUY,BUY,EXECUTION_READY,VALID_SIGNAL,MEDIUM,False,
2026-05-07T12:51:48.804125+00:00,London,TRANSITIONING,24.61,0.2746,0.000418,0.417957,0.5775,0.465912,0.4225,0.438220,0.047955,0.014386,-0.0100,-0.0017,0.416398,0.416398,0.047394,0.0100,False,0.5700,0.4300,False,SELL,SELL,EXECUTION_READY,VALID_SIGNAL,MEDIUM,False,
2026-05-07T12:51:50.245203+00:00,London,TRENDING,43.30,0.8086,0.042397,0.760625,0.6309,0.561330,0.3691,0.687057,0.199295,0.059788,0.0200,-0.0053,0.612019,0.612019,0.127269,0.0100,False,0.5600,0.4400,False,BUY,BUY,EXECUTION_READY,VALID_SIGNAL,MEDIUM,False,
2026-05-07T12:51:58.927008+00:00,London,TRANSITIONING,24.61,0.2746,0.000418,0.417957,0.5775,0.470577,0.4225,0.440191,0.052620,0.015786,-0.0100,-0.0017,0.419499,0.419499,0.044023,0.0100,False,0.5700,0.4300,False,SELL,SELL,EXECUTION_READY,VALID_SIGNAL,MEDIUM,False,
2026-05-07T12:52:00.323387+00:00,London,TRENDING,38.65,0.6757,5.562093,0.709911,0.6176,0.466106,0.3824,0.616673,0.243805,0.073141,0.0200,0.0024,0.583531,0.583531,0.043531,0.0100,False,0.5600,0.4400,False,BUY,BUY,EXECUTION_READY,VALID_SIGNAL,MEDIUM,False,
2026-05-07T12:52:08.963944+00:00,London,TRANSITIONING,30.61,0.4461,0.000371,0.374384,0.5946,0.457068,0.4054,0.407903,0.082684,0.024805,0.0100,-0.0023,0.398092,0.398092,0.067292,0.0100,False,0.5600,0.4400,False,SELL,SELL,EXECUTION_READY,VALID_SIGNAL,MEDIUM,False,
2026-05-07T12:52:10.336822+00:00,London,TRANSITIONING,24.61,0.2746,0.000418,0.417957,0.5775,0.469043,0.4225,0.439543,0.051085,0.015326,-0.0100,-0.0017,0.418479,0.418479,0.045132,0.0100,False,0.5700,0.4300,False,SELL,SELL,EXECUTION_READY,VALID_SIGNAL,MEDIUM,False,
2026-05-07T12:52:11.755253+00:00,London,TRENDING,38.65,0.6757,5.562093,0.709911,0.6176,0.465771,0.3824,0.616545,0.244140,0.073242,0.0200,0.0024,0.583303,0.583303,0.043303,0.0100,False,0.5600,0.4400,False,BUY,BUY,EXECUTION_READY,VALID_SIGNAL,MEDIUM,False,
2026-05-07T12:52:19.351748+00:00,London,TRANSITIONING,24.61,0.2746,0.000418,0.417957,0.5775,0.470577,0.4225,0.440191,0.052620,0.015786,-0.0100,-0.0017,0.419499,0.419499,0.044023,0.0100,False,0.5700,0.4300,False,SELL,SELL,EXECUTION_READY,VALID_SIGNAL,MEDIUM,False,
2026-05-07T12:52:20.758608+00:00,London,TRENDING,38.65,0.6757,5.562093,0.709911,0.6176,0.465539,0.3824,0.616456,0.244372,0.073312,0.0200,0.0024,0.583144,0.583144,0.043144,0.0100,False,0.5600,0.4400,False,BUY,BUY,EXECUTION_READY,VALID_SIGNAL,MEDIUM,False,
2026-05-07T12:52:29.429088+00:00,London,TRANSITIONING,24.61,0.2746,0.000418,0.417957,0.5775,0.454962,0.4225,0.433593,0.037005,0.011101,-0.0100,-0.0017,0.409119,0.409119,0.055305,0.0100,False,0.5700,0.4300,False,SELL,SELL,EXECUTION_READY,VALID_SIGNAL,MEDIUM,False,
2026-05-07T12:52:30.790433+00:00,London,TRENDING,43.32,0.8090,0.042682,0.760625,0.6309,0.555619,0.3691,0.684957,0.205006,0.061502,0.0200,-0.0052,0.588259,0.588259,0.123456,0.0100,False,0.5600,0.4400,False,BUY,BUY,EXECUTION_READY,VALID_SIGNAL,MEDIUM,False,
2026-05-07T12:52:39.426721+00:00,London,TRENDING,43.33,0.8094,0.042968,0.760625,0.6309,0.554229,0.3691,0.684453,0.206396,0.061919,0.0200,-0.0051,0.587391,0.587391,0.122534,0.0100,False,0.5600,0.4400,False,BUY,BUY,EXECUTION_READY,VALID_SIGNAL,MEDIUM,False,
2026-05-07T12:52:40.868228+00:00,London,TRENDING,38.65,0.6757,5.572808,0.709054,0.6176,0.463485,0.3824,0.615142,0.245569,0.073671,0.0200,0.0025,0.581471,0.581471,0.041471,0.0100,False,0.5600,0.4400,False,BUY,BUY,EXECUTION_READY,VALID_SIGNAL,MEDIUM,False,
2026-05-07T12:52:49.520509+00:00,London,TRANSITIONING,24.61,0.2746,0.000418,0.417957,0.5775,0.473027,0.4225,0.441226,0.055070,0.016521,-0.0100,-0.0017,0.421127,0.421127,0.042253,0.0100,False,0.5700,0.4300,False,SELL,SELL,EXECUTION_READY,VALID_SIGNAL,LOW,False,
2026-05-07T12:52:50.916924+00:00,London,TRENDING,38.65,0.6757,5.572808,0.709911,0.6176,0.461230,0.3824,0.614808,0.248681,0.074604,0.0200,0.0025,0.580204,0.580204,0.040204,0.0100,False,0.5600,0.4400,False,BUY,BUY,EXECUTION_READY,VALID_SIGNAL,MEDIUM,False,
2026-05-07T12:53:00.522655+00:00,London,TRANSITIONING,24.61,0.2746,0.000418,0.417957,0.5775,0.472162,0.4225,0.440861,0.054205,0.016262,-0.0100,-0.0017,0.420553,0.420553,0.042878,0.0100,False,0.5700,0.4300,False,SELL,SELL,EXECUTION_READY,VALID_SIGNAL,LOW,False,
2026-05-07T12:53:01.911877+00:00,London,TRENDING,38.65,0.6757,5.572808,0.710468,0.6176,0.461714,0.3824,0.615338,0.248754,0.074626,0.0200,0.0025,0.580711,0.580711,0.040711,0.0100,False,0.5600,0.4400,False,BUY,BUY,EXECUTION_READY,VALID_SIGNAL,MEDIUM,False,
2026-05-07T12:53:10.540579+00:00,London,TRANSITIONING,24.61,0.2746,0.000418,0.417957,0.5775,0.479035,0.4225,0.443765,0.061077,0.018323,-0.0100,-0.0017,0.430345,0.430345,0.037912,0.0100,False,0.5700,0.4300,False,HOLD,SELL,THRESHOLD_CHECK,BELOW_THRESHOLD,LOW,False,HOLD: Final 0.4303 between BUY>0.5700 and SELL<0.4300
2026-05-07T12:53:20.946675+00:00,London,TRANSITIONING,24.61,0.2746,0.000418,0.418680,0.5775,0.487751,0.4225,0.447865,0.069071,0.020721,-0.0100,-0.0017,0.436844,0.436844,0.031413,0.0100,False,0.5700,0.4300,False,HOLD,SELL,THRESHOLD_CHECK,BELOW_THRESHOLD,LOW,False,HOLD: Final 0.4368 between BUY>0.5700 and SELL<0.4300
2026-05-07T12:53:22.084159+00:00,London,TRENDING,38.65,0.6757,5.572808,0.709911,0.6176,0.462054,0.3824,0.615123,0.247856,0.074357,0.0200,0.0025,0.580767,0.580767,0.040767,0.0100,False,0.5600,0.4400,False,BUY,BUY,EXECUTION_READY,VALID_SIGNAL,MEDIUM,False,
2026-05-07T12:53:31.823411+00:00,London,TRANSITIONING,24.61,0.2746,0.000418,0.417957,0.5775,0.465912,0.4225,0.438220,0.047955,0.014386,-0.0100,-0.0017,0.416398,0.416398,0.047394,0.0100,False,0.5700,0.4300,False,SELL,SELL,EXECUTION_READY,VALID_SIGNAL,MEDIUM,False,
2026-05-07T12:53:33.385910+00:00,London,TRENDING,38.65,0.6757,5.572808,0.709911,0.6176,0.465054,0.3824,0.616271,0.244856,0.073457,0.0200,0.0025,0.582814,0.582814,0.042814,0.0100,False,0.5600,0.4400,False,BUY,BUY,EXECUTION_READY,VALID_SIGNAL,MEDIUM,False,
2026-05-07T12:53:42.039558+00:00,London,TRANSITIONING,24.61,0.2746,0.000418,0.417957,0.5775,0.460989,0.4225,0.436140,0.043032,0.012910,-0.0100,-0.0017,0.413125,0.413125,0.050951,0.0100,False,0.5700,0.4300,False,SELL,SELL,EXECUTION_READY,VALID_SIGNAL,MEDIUM,False,
2026-05-07T12:53:43.413391+00:00,London,TRENDING,38.65,0.6757,5.572808,0.709911,0.6176,0.464154,0.3824,0.615926,0.245756,0.073727,0.0200,0.0025,0.582200,0.582200,0.042200,0.0100,False,0.5600,0.4400,False,BUY,BUY,EXECUTION_READY,VALID_SIGNAL,MEDIUM,False,
2026-05-07T12:53:53.056430+00:00,London,TRANSITIONING,24.61,0.2746,0.000418,0.405562,0.5775,0.469043,0.4225,0.432385,0.063481,0.019044,-0.0100,-0.0017,0.415315,0.415315,0.048571,0.0100,False,0.5700,0.4300,False,SELL,SELL,EXECUTION_READY,VALID_SIGNAL,MEDIUM,False,
2026-05-07T12:53:54.414068+00:00,London,TRENDING,38.65,0.6757,5.572808,0.709911,0.6176,0.465559,0.3824,0.616464,0.244352,0.073305,0.0200,0.0025,0.583158,0.583158,0.043158,0.0100,False,0.5600,0.4400,False,BUY,BUY,EXECUTION_READY,VALID_SIGNAL,MEDIUM,False,
2026-05-07T12:54:03.090082+00:00,London,TRANSITIONING,24.61,0.2746,0.000418,0.405562,0.5775,0.470577,0.4225,0.433033,0.065015,0.019505,-0.0100,-0.0017,0.416335,0.416335,0.047462,0.0100,False,0.5700,0.4300,False,SELL,SELL,EXECUTION_READY,VALID_SIGNAL,MEDIUM,False,
2026-05-07T12:54:04.480954+00:00,London,TRENDING,38.65,0.6757,5.572808,0.709911,0.6176,0.464595,0.3824,0.616095,0.245315,0.073595,0.0200,0.0025,0.582501,0.582501,0.042501,0.0100,False,0.5600,0.4400,False,BUY,BUY,EXECUTION_READY,VALID_SIGNAL,MEDIUM,False,
2026-05-07T12:54:13.163342+00:00,London,TRANSITIONING,30.63,0.4465,0.000373,0.374384,0.5947,0.468063,0.4053,0.412357,0.093679,0.028104,0.0100,-0.0022,0.405224,0.405224,0.059539,0.0100,False,0.5600,0.4400,False,SELL,SELL,EXECUTION_READY,VALID_SIGNAL,MEDIUM,False,
2026-05-07T12:54:14.589253+00:00,London,TRANSITIONING,24.61,0.2746,0.000418,0.405562,0.5775,0.472844,0.4225,0.433991,0.067282,0.020185,-0.0100,-0.0017,0.417842,0.417842,0.045824,0.0100,False,0.5700,0.4300,False,SELL,SELL,EXECUTION_READY,VALID_SIGNAL,MEDIUM,False,
2026-05-07T12:54:16.024847+00:00,London,TRENDING,43.34,0.8096,0.043111,0.760625,0.6310,0.550199,0.3690,0.682970,0.210426,0.063128,0.0200,-0.0051,0.584726,0.584726,0.119842,0.0100,False,0.5600,0.4400,False,BUY,BUY,EXECUTION_READY,VALID_SIGNAL,MEDIUM,False,
2026-05-07T12:54:17.413137+00:00,London,TRENDING,38.65,0.6757,5.572808,0.709911,0.6176,0.461121,0.3824,0.614766,0.248790,0.074637,0.0200,0.0025,0.580129,0.580129,0.040129,0.0100,False,0.5600,0.4400,False,BUY,BUY,EXECUTION_READY,VALID_SIGNAL,MEDIUM,False,
2026-05-07T12:54:24.036073+00:00,London,TRANSITIONING,24.61,0.2746,0.000419,0.407614,0.5775,0.489662,0.4225,0.442282,0.082048,0.024614,-0.0100,-0.0017,0.435200,0.435200,0.033103,0.0100,False,0.5700,0.4300,False,HOLD,SELL,THRESHOLD_CHECK,BELOW_THRESHOLD,LOW,False,HOLD: Final 0.4352 between BUY>0.5700 and SELL<0.4300
2026-05-07T12:54:34.600658+00:00,London,TRANSITIONING,24.61,0.2746,0.000419,0.406278,0.5775,0.488559,0.4225,0.441045,0.082280,0.024684,-0.0100,-0.0017,0.434032,0.434032,0.034271,0.0100,False,0.5700,0.4300,False,HOLD,SELL,THRESHOLD_CHECK,BELOW_THRESHOLD,LOW,False,HOLD: Final 0.4340 between BUY>0.5700 and SELL<0.4300
2026-05-07T12:54:45.008711+00:00,London,TRANSITIONING,30.63,0.4465,0.000383,0.375285,0.5947,0.482962,0.4053,0.418931,0.107677,0.032303,0.0100,-0.0013,0.429908,0.429908,0.048765,0.0100,False,0.5600,0.4400,False,SELL,SELL,EXECUTION_READY,VALID_SIGNAL,LOW,False,
2026-05-07T12:54:46.464039+00:00,London,TRANSITIONING,24.61,0.2746,0.000425,0.409900,0.5775,0.484137,0.4225,0.441268,0.074237,0.022271,-0.0100,-0.0013,0.432208,0.432208,0.036461,0.0100,False,0.5700,0.4300,False,HOLD,SELL,THRESHOLD_CHECK,BELOW_THRESHOLD,LOW,False,HOLD: Final 0.4322 between BUY>0.5700 and SELL<0.4300
2026-05-07T12:54:47.603255+00:00,London,TRENDING,43.34,0.8096,0.043111,0.760625,0.6310,0.573990,0.3690,0.691750,0.186635,0.055991,0.0200,-0.0051,0.620643,0.620643,0.135759,0.0100,False,0.5600,0.4400,False,BUY,BUY,EXECUTION_READY,VALID_SIGNAL,MEDIUM,False,
2026-05-07T12:54:55.288671+00:00,London,TRANSITIONING,24.61,0.2746,0.000425,0.409900,0.5775,0.484478,0.4225,0.441412,0.074578,0.022373,-0.0100,-0.0013,0.432455,0.432455,0.036215,0.0100,False,0.5700,0.4300,False,HOLD,SELL,THRESHOLD_CHECK,BELOW_THRESHOLD,LOW,False,HOLD: Final 0.4325 between BUY>0.5700 and SELL<0.4300
2026-05-07T12:55:05.808137+00:00,London,TRANSITIONING,30.63,0.4465,0.000357,0.379346,0.5947,0.480794,0.4053,0.420467,0.101448,0.030434,0.0100,-0.0033,0.414829,0.414829,0.049098,0.0100,False,0.5600,0.4400,False,SELL,SELL,EXECUTION_READY,VALID_SIGNAL,MEDIUM,False,
2026-05-07T12:55:07.259470+00:00,London,RF_NOISE,24.61,0.2746,0.000397,0.436540,0.5500,0.473856,0.4500,0.500000,0.037315,0.000000,0.0000,0.0000,0.500000,0.500000,0.000000,0.0000,False,0.6000,0.4000,False,HOLD,NONE,SCORE_FLOOR,RF_NOISE_ZONE,LOW,False,"RF_NOISE_GATE: rf_prob=0.4739 in [0.42, 0.58]"
2026-05-07T12:55:08.431652+00:00,London,TRENDING,43.34,0.8096,0.040746,0.797646,0.6310,0.549886,0.3690,0.706213,0.247759,0.074328,0.0200,-0.0056,0.596323,0.596323,0.131885,0.0100,False,0.5600,0.4400,False,BUY,BUY,EXECUTION_READY,VALID_SIGNAL,MEDIUM,False,
2026-05-07T12:55:09.823063+00:00,London,TRENDING,38.65,0.6757,5.282658,0.721412,0.6176,0.466522,0.3824,0.623935,0.254890,0.076467,0.0200,0.0006,0.587468,0.587468,0.047468,0.0100,False,0.5600,0.4400,False,BUY,BUY,EXECUTION_READY,VALID_SIGNAL,MEDIUM,False,
2026-05-07T12:55:16.426787+00:00,London,RF_NOISE,24.61,0.2746,0.000401,0.435701,0.5500,0.479003,0.4500,0.500000,0.043302,0.000000,0.0000,0.0000,0.500000,0.500000,0.000000,0.0000,False,0.6000,0.4000,False,HOLD,NONE,SCORE_FLOOR,RF_NOISE_ZONE,LOW,False,"RF_NOISE_GATE: rf_prob=0.4790 in [0.42, 0.58]"
2026-05-07T12:55:26.882119+00:00,London,RF_NOISE,24.61,0.2746,0.000403,0.435701,0.5500,0.480635,0.4500,0.500000,0.044934,0.000000,0.0000,0.0000,0.500000,0.500000,0.000000,0.0000,False,0.6000,0.4000,False,HOLD,NONE,SCORE_FLOOR,RF_NOISE_ZONE,LOW,False,"RF_NOISE_GATE: rf_prob=0.4806 in [0.42, 0.58]"
2026-05-07T12:55:37.281029+00:00,London,RF_NOISE,24.61,0.2746,0.000403,0.435701,0.5500,0.479381,0.4500,0.500000,0.043680,0.000000,0.0000,0.0000,0.500000,0.500000,0.000000,0.0000,False,0.6000,0.4000,False,HOLD,NONE,SCORE_FLOOR,RF_NOISE_ZONE,LOW,False,"RF_NOISE_GATE: rf_prob=0.4794 in [0.42, 0.58]"
2026-05-07T12:55:47.807620+00:00,London,RF_NOISE,24.61,0.2746,0.000407,0.434341,0.5500,0.476203,0.4500,0.500000,0.041862,0.000000,0.0000,0.0000,0.500000,0.500000,0.000000,0.0000,False,0.6000,0.4000,False,HOLD,NONE,SCORE_FLOOR,RF_NOISE_ZONE,LOW,False,"RF_NOISE_GATE: rf_prob=0.4762 in [0.42, 0.58]"
2026-05-07T12:55:58.258650+00:00,London,RF_NOISE,24.61,0.2746,0.000407,0.435701,0.5500,0.481149,0.4500,0.500000,0.045448,0.000000,0.0000,0.0000,0.500000,0.500000,0.000000,0.0000,False,0.6000,0.4000,False,HOLD,NONE,SCORE_FLOOR,RF_NOISE_ZONE,LOW,False,"RF_NOISE_GATE: rf_prob=0.4811 in [0.42, 0.58]"
2026-05-07T12:56:08.713700+00:00,London,RF_NOISE,24.61,0.2746,0.000407,0.435701,0.5500,0.477489,0.4500,0.500000,0.041788,0.000000,0.0000,0.0000,0.500000,0.500000,0.000000,0.0000,False,0.6000,0.4000,False,HOLD,NONE,SCORE_FLOOR,RF_NOISE_ZONE,LOW,False,"RF_NOISE_GATE: rf_prob=0.4775 in [0.42, 0.58]"
2026-05-07T12:56:19.181241+00:00,London,RF_NOISE,24.61,0.2746,0.000407,0.435701,0.5500,0.473606,0.4500,0.500000,0.037905,0.000000,0.0000,0.0000,0.500000,0.500000,0.000000,0.0000,False,0.6000,0.4000,False,HOLD,NONE,SCORE_FLOOR,RF_NOISE_ZONE,LOW,False,"RF_NOISE_GATE: rf_prob=0.4736 in [0.42, 0.58]"
2026-05-07T12:56:29.618172+00:00,London,RF_NOISE,24.61,0.2746,0.000407,0.436540,0.5500,0.473160,0.4500,0.500000,0.036620,0.000000,0.0000,0.0000,0.500000,0.500000,0.000000,0.0000,False,0.6000,0.4000,False,HOLD,NONE,SCORE_FLOOR,RF_NOISE_ZONE,LOW,False,"RF_NOISE_GATE: rf_prob=0.4732 in [0.42, 0.58]"
2026-05-07T12:56:40.073383+00:00,London,RF_NOISE,24.61,0.2746,0.000407,0.435701,0.5500,0.476182,0.4500,0.500000,0.040481,0.000000,0.0000,0.0000,0.500000,0.500000,0.000000,0.0000,False,0.6000,0.4000,False,HOLD,NONE,SCORE_FLOOR,RF_NOISE_ZONE,LOW,False,"RF_NOISE_GATE: rf_prob=0.4762 in [0.42, 0.58]"
2026-05-07T12:56:50.478464+00:00,London,RF_NOISE,24.61,0.2746,0.000418,0.433611,0.5500,0.486639,0.4500,0.500000,0.053029,0.000000,0.0000,0.0000,0.500000,0.500000,0.000000,0.0000,False,0.6000,0.4000,False,HOLD,NONE,SCORE_FLOOR,RF_NOISE_ZONE,LOW,False,"RF_NOISE_GATE: rf_prob=0.4866 in [0.42, 0.58]"
2026-05-07T12:57:00.929229+00:00,London,TRENDING,43.34,0.8096,0.042960,0.797016,0.6310,0.535822,0.3690,0.700625,0.261194,0.078358,0.0200,-0.0051,0.597121,0.597121,0.122267,0.0100,False,0.5600,0.4400,False,BUY,BUY,EXECUTION_READY,VALID_SIGNAL,MEDIUM,False,
2026-05-07T12:57:11.586893+00:00,London,TRENDING,43.34,0.8096,0.043031,0.797016,0.6310,0.533761,0.3690,0.699865,0.263254,0.078976,0.0200,-0.0051,0.595755,0.595755,0.120889,0.0100,False,0.5600,0.4400,False,BUY,BUY,EXECUTION_READY,VALID_SIGNAL,MEDIUM,False,
2026-05-07T12:57:12.963446+00:00,London,TRENDING,38.65,0.6757,5.487658,0.724521,0.6176,0.477031,0.3824,0.629874,0.247490,0.074247,0.0200,0.0020,0.595627,0.595627,0.055627,0.0100,False,0.5600,0.4400,False,BUY,BUY,EXECUTION_READY,VALID_SIGNAL,MEDIUM,False,
2026-05-07T12:57:22.648181+00:00,London,RF_NOISE,24.61,0.2746,0.000425,0.433611,0.5500,0.489364,0.4500,0.500000,0.055753,0.000000,0.0000,0.0000,0.500000,0.500000,0.000000,0.0000,False,0.6000,0.4000,False,HOLD,NONE,SCORE_FLOOR,RF_NOISE_ZONE,LOW,False,"RF_NOISE_GATE: rf_prob=0.4894 in [0.42, 0.58]"
2026-05-07T12:57:33.053776+00:00,London,RF_NOISE,24.61,0.2746,0.000425,0.433611,0.5500,0.489047,0.4500,0.500000,0.055436,0.000000,0.0000,0.0000,0.500000,0.500000,0.000000,0.0000,False,0.6000,0.4000,False,HOLD,NONE,SCORE_FLOOR,RF_NOISE_ZONE,LOW,False,"RF_NOISE_GATE: rf_prob=0.4890 in [0.42, 0.58]"
2026-05-07T12:57:43.526271+00:00,London,RF_NOISE,24.61,0.2746,0.000425,0.433611,0.5500,0.490365,0.4500,0.500000,0.056754,0.000000,0.0000,0.0000,0.500000,0.500000,0.000000,0.0000,False,0.6000,0.4000,False,HOLD,NONE,SCORE_FLOOR,RF_NOISE_ZONE,LOW,False,"RF_NOISE_GATE: rf_prob=0.4904 in [0.42, 0.58]"
2026-05-07T12:58:04.337607+00:00,London,RF_NOISE,24.61,0.2746,0.000425,0.431847,0.5500,0.489047,0.4500,0.500000,0.057201,0.000000,0.0000,0.0000,0.500000,0.500000,0.000000,0.0000,False,0.6000,0.4000,False,HOLD,NONE,SCORE_FLOOR,RF_NOISE_ZONE,LOW,False,"RF_NOISE_GATE: rf_prob=0.4890 in [0.42, 0.58]"
2026-05-07T12:58:14.833719+00:00,London,RF_NOISE,24.61,0.2746,0.000425,0.431847,0.5500,0.489047,0.4500,0.500000,0.057201,0.000000,0.0000,0.0000,0.500000,0.500000,0.000000,0.0000,False,0.6000,0.4000,False,HOLD,NONE,SCORE_FLOOR,RF_NOISE_ZONE,LOW,False,"RF_NOISE_GATE: rf_prob=0.4890 in [0.42, 0.58]"
2026-05-07T12:58:25.259259+00:00,London,RF_NOISE,24.61,0.2746,0.000425,0.431847,0.5500,0.490237,0.4500,0.500000,0.058391,0.000000,0.0000,0.0000,0.500000,0.500000,0.000000,0.0000,False,0.6000,0.4000,False,HOLD,NONE,SCORE_FLOOR,RF_NOISE_ZONE,LOW,False,"RF_NOISE_GATE: rf_prob=0.4902 in [0.42, 0.58]"
2026-05-07T12:59:06.604402+00:00,London,TRENDING,43.34,0.8096,0.043317,0.797016,0.6310,0.538862,0.3690,0.701747,0.258153,0.077446,0.0200,-0.0051,0.599222,0.599222,0.124301,0.0100,False,0.5600,0.4400,False,BUY,BUY,EXECUTION_READY,VALID_SIGNAL,MEDIUM,False,
2026-05-07T12:59:16.867110+00:00,London,RF_NOISE,24.61,0.2746,0.000425,0.431847,0.5500,0.484292,0.4500,0.500000,0.052446,0.000000,0.0000,0.0000,0.500000,0.500000,0.000000,0.0000,False,0.6000,0.4000,False,HOLD,NONE,SCORE_FLOOR,RF_NOISE_ZONE,LOW,False,"RF_NOISE_GATE: rf_prob=0.4843 in [0.42, 0.58]"
2026-05-07T12:59:18.021828+00:00,London,TRENDING,38.65,0.6757,5.487658,0.721412,0.6176,0.469018,0.3824,0.624889,0.252393,0.075718,0.0200,0.0020,0.589171,0.589171,0.049171,0.0100,False,0.5600,0.4400,False,BUY,BUY,EXECUTION_READY,VALID_SIGNAL,MEDIUM,False,
2026-05-07T12:59:27.743909+00:00,London,RF_NOISE,24.61,0.2746,0.000425,0.431847,0.5500,0.487903,0.4500,0.500000,0.056056,0.000000,0.0000,0.0000,0.500000,0.500000,0.000000,0.0000,False,0.6000,0.4000,False,HOLD,NONE,SCORE_FLOOR,RF_NOISE_ZONE,LOW,False,"RF_NOISE_GATE: rf_prob=0.4879 in [0.42, 0.58]"
2026-05-07T12:59:38.163864+00:00,London,RF_NOISE,24.61,0.2746,0.000425,0.431847,0.5500,0.488905,0.4500,0.500000,0.057059,0.000000,0.0000,0.0000,0.500000,0.500000,0.000000,0.0000,False,0.6000,0.4000,False,HOLD,NONE,SCORE_FLOOR,RF_NOISE_ZONE,LOW,False,"RF_NOISE_GATE: rf_prob=0.4889 in [0.42, 0.58]"
2026-05-07T12:59:48.587961+00:00,London,TRENDING,43.34,0.8096,0.043317,0.797016,0.6310,0.536257,0.3690,0.700786,0.260759,0.078228,0.0200,-0.0051,0.597479,0.597479,0.122558,0.0100,False,0.5600,0.4400,False,BUY,BUY,EXECUTION_READY,VALID_SIGNAL,MEDIUM,False,
2026-05-07T12:59:50.045327+00:00,London,TRENDING,38.65,0.6757,5.589801,0.722761,0.6176,0.468037,0.3824,0.625347,0.254724,0.076417,0.0200,0.0026,0.588930,0.588930,0.048930,0.0100,False,0.5600,0.4400,False,BUY,BUY,EXECUTION_READY,VALID_SIGNAL,MEDIUM,False,
2026-05-07T12:59:58.649670+00:00,London,TRENDING,43.34,0.8096,0.043460,0.780837,0.6310,0.536174,0.3690,0.690547,0.244663,0.073399,0.0200,-0.0051,0.592095,0.592095,0.117148,0.0100,False,0.5600,0.4400,False,BUY,BUY,EXECUTION_READY,VALID_SIGNAL,MEDIUM,False,
2026-05-07T13:00:00.036230+00:00,London,TRENDING,38.65,0.6757,5.589801,0.720743,0.6176,0.470445,0.3824,0.625022,0.250298,0.075089,0.0200,0.0026,0.589933,0.589933,0.049933,0.0100,False,0.5600,0.4400,False,BUY,BUY,EXECUTION_READY,VALID_SIGNAL,MEDIUM,False,
2026-05-07T13:00:08.697818+00:00,London,TRANSITIONING,31.12,0.4607,0.000363,0.375285,0.5961,0.489238,0.4039,0.421314,0.113953,0.034186,0.0100,-0.0029,0.419060,0.419060,0.044500,0.0100,False,0.5600,0.4400,False,SELL,SELL,EXECUTION_READY,VALID_SIGNAL,MEDIUM,False,
2026-05-07T13:00:10.114428+00:00,London,TRANSITIONING,25.03,0.2866,0.000412,0.421736,0.5787,0.500399,0.4213,0.454880,0.078663,0.023599,-0.0100,-0.0021,0.440200,0.440200,0.021521,0.0100,False,0.5700,0.4300,False,HOLD,SELL,THRESHOLD_CHECK,BELOW_THRESHOLD,LOW,False,HOLD: Final 0.4402 between BUY>0.5700 and SELL<0.4300
2026-05-07T13:00:11.291273+00:00,London,TRENDING,42.82,0.7949,0.042065,0.797016,0.6295,0.539644,0.3705,0.701656,0.257372,0.077211,0.0200,-0.0053,0.589128,0.589128,0.124444,0.0100,False,0.5600,0.4400,False,BUY,BUY,EXECUTION_READY,VALID_SIGNAL,MEDIUM,False,
2026-05-07T13:00:12.666634+00:00,London,TRENDING,39.22,0.6921,5.611193,0.730024,0.6192,0.495742,0.3808,0.640811,0.234283,0.070285,0.0200,0.0028,0.610526,0.610526,0.070526,0.0100,False,0.5600,0.4400,False,BUY,BUY,EXECUTION_READY,VALID_SIGNAL,MEDIUM,False,
2026-05-07T13:00:19.308386+00:00,London,TRANSITIONING,31.12,0.4607,0.000365,0.375285,0.5961,0.494111,0.4039,0.423283,0.118827,0.035648,0.0100,-0.0028,0.426143,0.426143,0.041069,0.0100,False,0.5600,0.4400,False,SELL,SELL,EXECUTION_READY,VALID_SIGNAL,LOW,False,
2026-05-07T13:00:50.602993+00:00,London,TRENDING,39.22,0.6921,5.820478,0.765665,0.6192,0.515481,0.3808,0.670396,0.250184,0.075055,0.0200,0.0041,0.635341,0.635341,0.095341,0.0100,False,0.5600,0.4400,False,BUY,BUY,EXECUTION_READY,VALID_SIGNAL,MEDIUM,False,
2026-05-07T13:01:01.301589+00:00,London,TRENDING,39.22,0.6921,5.820478,0.753122,0.6192,0.508127,0.3808,0.659829,0.244995,0.073498,0.0200,0.0041,0.626331,0.626331,0.086331,0.0100,False,0.5600,0.4400,False,BUY,BUY,EXECUTION_READY,VALID_SIGNAL,MEDIUM,False,
2026-05-07T13:01:12.057654+00:00,London,TRENDING,39.22,0.6921,5.820478,0.764522,0.6192,0.520324,0.3808,0.671533,0.244198,0.073259,0.0200,0.0041,0.638273,0.638273,0.098273,0.0100,False,0.5600,0.4400,False,BUY,BUY,EXECUTION_READY,VALID_SIGNAL,MEDIUM,False,
2026-05-07T13:01:33.118036+00:00,London,TRENDING,42.82,0.7949,0.043636,0.780837,0.6295,0.530637,0.3705,0.688135,0.250200,0.075060,0.0200,-0.0050,0.578053,0.578053,0.113075,0.0100,False,0.5600,0.4400,False,BUY,BUY,EXECUTION_READY,VALID_SIGNAL,LOW,False,
2026-05-07T13:01:43.769534+00:00,London,TRENDING,39.22,0.6921,5.941193,0.767263,0.6192,0.515444,0.3808,0.671372,0.251819,0.075546,0.0200,0.0049,0.635826,0.635826,0.095826,0.0100,False,0.5600,0.4400,False,BUY,BUY,EXECUTION_READY,VALID_SIGNAL,MEDIUM,False,
2026-05-07T13:01:54.441357+00:00,London,TRENDING,39.22,0.6921,5.941193,0.765665,0.6192,0.516549,0.3808,0.670803,0.249116,0.074735,0.0200,0.0049,0.636068,0.636068,0.096068,0.0100,False,0.5600,0.4400,False,BUY,BUY,EXECUTION_READY,VALID_SIGNAL,MEDIUM,False,
2026-05-07T13:02:05.135720+00:00,London,TRENDING,39.22,0.6921,5.941193,0.766023,0.6192,0.521740,0.3808,0.673002,0.244283,0.073285,0.0200,0.0049,0.639717,0.639717,0.099717,0.0100,False,0.5600,0.4400,False,BUY,BUY,EXECUTION_READY,VALID_SIGNAL,MEDIUM,False,
2026-05-07T13:02:15.807918+00:00,London,TRENDING,39.22,0.6921,5.941193,0.764324,0.6192,0.518882,0.3808,0.670861,0.245442,0.073633,0.0200,0.0049,0.637228,0.637228,0.097228,0.0100,False,0.5600,0.4400,False,BUY,BUY,EXECUTION_READY,VALID_SIGNAL,MEDIUM,False,
2026-05-07T13:02:26.473920+00:00,London,TRENDING,39.22,0.6921,5.941193,0.767304,0.6192,0.518864,0.3808,0.672700,0.248440,0.074532,0.0200,0.0049,0.638168,0.638168,0.098168,0.0100,False,0.5600,0.4400,False,BUY,BUY,EXECUTION_READY,VALID_SIGNAL,MEDIUM,False,
2026-05-07T13:02:37.135997+00:00,London,TRENDING,39.22,0.6921,5.941193,0.765665,0.6192,0.517923,0.3808,0.671326,0.247742,0.074323,0.0200,0.0049,0.637003,0.637003,0.097003,0.0100,False,0.5600,0.4400,False,BUY,BUY,EXECUTION_READY,VALID_SIGNAL,MEDIUM,False,
2026-05-07T13:02:47.815793+00:00,London,TRANSITIONING,25.03,0.2866,0.000425,0.421205,0.5787,0.524619,0.4213,0.464777,0.103415,0.031024,0.0000,0.0000,0.495802,0.495802,0.004198,0.0100,False,0.6000,0.4000,False,HOLD,SELL,WEAK_ZONE,WEAK_ZONE (Normal),LOW,False,WEAK_ZONE (Normal): distance=0.0042
2026-05-07T13:02:48.959137+00:00,London,TRENDING,39.22,0.6921,5.941193,0.765929,0.6192,0.515017,0.3808,0.670383,0.250912,0.075274,0.0200,0.0049,0.635109,0.635109,0.095109,0.0100,False,0.5600,0.4400,False,BUY,BUY,EXECUTION_READY,VALID_SIGNAL,MEDIUM,False,
2026-05-07T13:02:58.620169+00:00,London,TRENDING,42.82,0.7949,0.043994,0.780837,0.6295,0.536459,0.3705,0.690292,0.244378,0.073314,0.0200,-0.0050,0.582024,0.582024,0.116978,0.0100,False,0.5600,0.4400,False,BUY,BUY,EXECUTION_READY,VALID_SIGNAL,MEDIUM,False,
2026-05-07T13:03:09.356018+00:00,London,TRANSITIONING,31.12,0.4607,0.000377,0.375285,0.5961,0.473115,0.4039,0.414802,0.097830,0.029349,0.0100,-0.0019,0.408618,0.408618,0.055849,0.0100,False,0.5600,0.4400,False,SELL,SELL,EXECUTION_READY,VALID_SIGNAL,MEDIUM,False,
2026-05-07T13:03:10.759489+00:00,London,TRENDING,39.22,0.6921,5.941193,0.766023,0.6192,0.517719,0.3808,0.671470,0.248305,0.074491,0.0200,0.0049,0.636979,0.636979,0.096979,0.0100,False,0.5600,0.4400,False,BUY,BUY,EXECUTION_READY,VALID_SIGNAL,MEDIUM,False,
2026-05-07T13:03:19.354171+00:00,London,TRENDING,39.22,0.6921,5.941193,0.765929,0.6192,0.516397,0.3808,0.670909,0.249531,0.074859,0.0200,0.0049,0.636049,0.636049,0.096049,0.0100,False,0.5600,0.4400,False,BUY,BUY,EXECUTION_READY,VALID_SIGNAL,MEDIUM,False,
2026-05-07T13:03:30.036198+00:00,London,TRENDING,39.22,0.6921,5.941193,0.767304,0.6192,0.516331,0.3808,0.671735,0.250973,0.075292,0.0200,0.0049,0.636443,0.636443,0.096443,0.0100,False,0.5600,0.4400,False,BUY,BUY,EXECUTION_READY,VALID_SIGNAL,MEDIUM,False,
2026-05-07T13:03:40.743311+00:00,London,TRENDING,39.22,0.6921,5.941193,0.765929,0.6192,0.517730,0.3808,0.671416,0.248199,0.074460,0.0200,0.0049,0.636956,0.636956,0.096956,0.0100,False,0.5600,0.4400,False,BUY,BUY,EXECUTION_READY,VALID_SIGNAL,MEDIUM,False,
2026-05-07T13:03:51.555568+00:00,London,TRENDING,42.82,0.7949,0.043994,0.780837,0.6295,0.526199,0.3705,0.686490,0.254638,0.076392,0.0200,-0.0050,0.575144,0.575144,0.110098,0.0100,False,0.5600,0.4400,False,BUY,BUY,EXECUTION_READY,VALID_SIGNAL,LOW,False,
2026-05-07T13:03:53.807568+00:00,London,TRENDING,39.22,0.6921,5.941193,0.765665,0.6192,0.518257,0.3808,0.671453,0.247408,0.074222,0.0200,0.0049,0.637231,0.637231,0.097231,0.0100,False,0.5600,0.4400,False,BUY,BUY,EXECUTION_READY,VALID_SIGNAL,MEDIUM,False,
2026-05-07T13:04:02.448244+00:00,London,TRENDING,39.22,0.6921,5.941193,0.766594,0.6192,0.517529,0.3808,0.671751,0.249065,0.074719,0.0200,0.0049,0.637032,0.637032,0.097032,0.0100,False,0.5600,0.4400,False,BUY,BUY,EXECUTION_READY,VALID_SIGNAL,MEDIUM,False,
2026-05-07T13:05:05.229577+00:00,London,TRANSITIONING,31.12,0.4607,0.000355,0.379346,0.5961,0.497764,0.4039,0.427179,0.118419,0.035526,0.0100,-0.0035,0.429196,0.429196,0.037296,0.0100,False,0.5600,0.4400,False,SELL,SELL,EXECUTION_READY,VALID_SIGNAL,LOW,False,
2026-05-07T13:05:06.851684+00:00,London,RF_NOISE,25.03,0.2866,0.000403,0.440834,0.5500,0.503043,0.4500,0.500000,0.062209,0.000000,0.0000,0.0000,0.500000,0.500000,0.000000,0.0000,False,0.6000,0.4000,False,HOLD,NONE,SCORE_FLOOR,RF_NOISE_ZONE,LOW,False,"RF_NOISE_GATE: rf_prob=0.5030 in [0.42, 0.58]"
2026-05-07T13:05:07.979701+00:00,London,TRENDING,42.82,0.7949,0.042249,0.797016,0.6295,0.531128,0.3705,0.698500,0.265888,0.079766,0.0200,-0.0053,0.583450,0.583450,0.118734,0.0100,False,0.5600,0.4400,False,BUY,BUY,EXECUTION_READY,VALID_SIGNAL,MEDIUM,False,
2026-05-07T13:05:09.461989+00:00,London,TRENDING,39.22,0.6921,5.687434,0.780776,0.6192,0.522594,0.3808,0.682462,0.258181,0.077454,0.0200,0.0033,0.645007,0.645007,0.105007,0.0100,False,0.5600,0.4400,False,BUY,BUY,EXECUTION_READY,VALID_SIGNAL,MEDIUM,False,
2026-05-07T13:06:07.775637+00:00,London,TRANSITIONING,31.12,0.4607,0.000369,0.375285,0.5961,0.505636,0.4039,0.427938,0.130352,0.039105,0.0100,-0.0025,0.434583,0.434583,0.032957,0.0100,False,0.5600,0.4400,False,SELL,SELL,EXECUTION_READY,VALID_SIGNAL,LOW,False,
2026-05-07T13:06:09.248773+00:00,London,TRANSITIONING,25.03,0.2866,0.000416,0.425226,0.5787,0.503573,0.4213,0.458237,0.078347,0.023504,-0.0100,-0.0019,0.443202,0.443202,0.018259,0.0100,False,0.5700,0.4300,False,HOLD,SELL,THRESHOLD_CHECK,BELOW_THRESHOLD,LOW,False,HOLD: Final 0.4432 between BUY>0.5700 and SELL<0.4300
2026-05-07T13:06:18.679511+00:00,London,TRANSITIONING,31.12,0.4607,0.000370,0.375285,0.5961,0.498351,0.4039,0.424995,0.123066,0.036920,0.0100,-0.0024,0.424962,0.424962,0.038085,0.0100,False,0.5600,0.4400,False,SELL,SELL,EXECUTION_READY,VALID_SIGNAL,LOW,False,
2026-05-07T13:06:50.000570+00:00,London,TRANSITIONING,25.03,0.2866,0.000419,0.427898,0.5787,0.499876,0.4213,0.458225,0.071978,0.021593,-0.0100,-0.0017,0.441433,0.441433,0.020181,0.0100,False,0.5700,0.4300,False,HOLD,SELL,THRESHOLD_CHECK,BELOW_THRESHOLD,LOW,False,HOLD: Final 0.4414 between BUY>0.5700 and SELL<0.4300
2026-05-07T13:07:00.399625+00:00,London,TRANSITIONING,31.12,0.4607,0.000371,0.375285,0.5961,0.505492,0.4039,0.427880,0.130207,0.039062,0.0100,-0.0023,0.434646,0.434646,0.033058,0.0100,False,0.5600,0.4400,False,SELL,SELL,EXECUTION_READY,VALID_SIGNAL,LOW,False,
2026-05-07T13:07:01.805857+00:00,London,TRANSITIONING,25.03,0.2866,0.000419,0.427898,0.5787,0.499074,0.4213,0.457887,0.071176,0.021353,-0.0100,-0.0017,0.440901,0.440901,0.020760,0.0100,False,0.5700,0.4300,False,HOLD,SELL,THRESHOLD_CHECK,BELOW_THRESHOLD,LOW,False,HOLD: Final 0.4409 between BUY>0.5700 and SELL<0.4300
2026-05-07T13:07:02.964656+00:00,London,TRENDING,39.22,0.6921,5.995291,0.957838,0.6192,0.518800,0.3808,0.790654,0.439038,0.131711,0.0200,0.0053,0.698943,0.698943,0.158943,0.0100,False,0.5600,0.4400,False,BUY,BUY,EXECUTION_READY,VALID_SIGNAL,HIGH,False,
2026-05-07T13:07:10.540037+00:00,London,TRANSITIONING,31.12,0.4607,0.000372,0.375285,0.5961,0.505506,0.4039,0.427885,0.130221,0.039066,0.0100,-0.0022,0.434766,0.434766,0.033049,0.0100,False,0.5600,0.4400,False,SELL,SELL,EXECUTION_READY,VALID_SIGNAL,LOW,False,
2026-05-07T13:07:21.270528+00:00,London,TRANSITIONING,31.12,0.4607,0.000372,0.375285,0.5961,0.507603,0.4039,0.428732,0.132318,0.039696,0.0100,-0.0022,0.436243,0.436243,0.031572,0.0100,False,0.5600,0.4400,False,SELL,SELL,EXECUTION_READY,VALID_SIGNAL,LOW,False,
2026-05-07T13:07:32.055372+00:00,London,TRANSITIONING,31.12,0.4607,0.000378,0.375285,0.5961,0.503760,0.4039,0.427180,0.128476,0.038543,0.0100,-0.0017,0.433979,0.433979,0.034277,0.0100,False,0.5600,0.4400,False,SELL,SELL,EXECUTION_READY,VALID_SIGNAL,LOW,False,
2026-05-07T13:07:33.431704+00:00,London,TRANSITIONING,25.03,0.2866,0.000424,0.429762,0.5787,0.487535,0.4213,0.454104,0.057772,0.017332,-0.0100,-0.0014,0.433721,0.433721,0.028564,0.0100,False,0.5700,0.4300,False,HOLD,SELL,THRESHOLD_CHECK,BELOW_THRESHOLD,LOW,False,HOLD: Final 0.4337 between BUY>0.5700 and SELL<0.4300
2026-05-07T13:07:42.822317+00:00,London,TRANSITIONING,31.12,0.4607,0.000380,0.375285,0.5961,0.498711,0.4039,0.425141,0.123426,0.037028,0.0100,-0.0016,0.430535,0.430535,0.037832,0.0100,False,0.5600,0.4400,False,SELL,SELL,EXECUTION_READY,VALID_SIGNAL,LOW,False,
2026-05-07T13:07:44.284654+00:00,London,RF_NOISE,25.03,0.2866,0.000425,0.433129,0.5500,0.486789,0.4500,0.500000,0.053660,0.000000,0.0000,0.0000,0.500000,0.500000,0.000000,0.0000,False,0.6000,0.4000,False,HOLD,NONE,SCORE_FLOOR,RF_NOISE_ZONE,LOW,False,"RF_NOISE_GATE: rf_prob=0.4868 in [0.42, 0.58]"
2026-05-07T13:07:45.431580+00:00,London,TRENDING,42.82,0.7949,0.044035,0.761884,0.6295,0.534046,0.3705,0.677467,0.227838,0.068351,0.0200,-0.0049,0.584167,0.584167,0.109115,0.0100,False,0.5600,0.4400,False,BUY,BUY,EXECUTION_READY,VALID_SIGNAL,MEDIUM,False,
2026-05-07T13:07:53.134875+00:00,London,TRANSITIONING,31.12,0.4607,0.000380,0.375285,0.5961,0.510263,0.4039,0.429807,0.134978,0.040493,0.0100,-0.0016,0.438667,0.438667,0.029700,0.0100,False,0.5600,0.4400,False,SELL,SELL,EXECUTION_READY,VALID_SIGNAL,LOW,False,
2026-05-07T13:07:54.539985+00:00,London,RF_NOISE,25.03,0.2866,0.000425,0.431336,0.5500,0.488577,0.4500,0.500000,0.057241,0.000000,0.0000,0.0000,0.500000,0.500000,0.000000,0.0000,False,0.6000,0.4000,False,HOLD,NONE,SCORE_FLOOR,RF_NOISE_ZONE,LOW,False,"RF_NOISE_GATE: rf_prob=0.4886 in [0.42, 0.58]"
2026-05-07T13:08:04.019741+00:00,London,TRANSITIONING,31.12,0.4607,0.000387,0.375285,0.5961,0.487604,0.4039,0.420654,0.112319,0.033696,0.0100,-0.0011,0.423268,0.423268,0.045650,0.0100,False,0.5600,0.4400,False,SELL,SELL,EXECUTION_READY,VALID_SIGNAL,LOW,False,
2026-05-07T13:08:05.727668+00:00,London,RF_NOISE,25.03,0.2866,0.000432,0.441579,0.5500,0.491484,0.4500,0.500000,0.049906,0.000000,0.0000,0.0000,0.500000,0.500000,0.000000,0.0000,False,0.6000,0.4000,False,HOLD,NONE,SCORE_FLOOR,RF_NOISE_ZONE,LOW,False,"RF_NOISE_GATE: rf_prob=0.4915 in [0.42, 0.58]"
2026-05-07T13:08:14.053246+00:00,London,TRENDING,42.82,0.7949,0.044035,0.761884,0.6295,0.538668,0.3705,0.679179,0.223216,0.066965,0.0200,-0.0049,0.587266,0.587266,0.112214,0.0100,False,0.5600,0.4400,False,BUY,BUY,EXECUTION_READY,VALID_SIGNAL,MEDIUM,False,
2026-05-07T13:08:24.730313+00:00,London,RF_NOISE,25.03,0.2866,0.000433,0.441579,0.5500,0.490931,0.4500,0.500000,0.049352,0.000000,0.0000,0.0000,0.500000,0.500000,0.000000,0.0000,False,0.6000,0.4000,False,HOLD,NONE,SCORE_FLOOR,RF_NOISE_ZONE,LOW,False,"RF_NOISE_GATE: rf_prob=0.4909 in [0.42, 0.58]"
2026-05-07T13:08:25.868386+00:00,London,TRENDING,42.82,0.7949,0.044035,0.761884,0.6295,0.534046,0.3705,0.677467,0.227838,0.068351,0.0200,-0.0049,0.584167,0.584167,0.109115,0.0100,False,0.5600,0.4400,False,BUY,BUY,EXECUTION_READY,VALID_SIGNAL,MEDIUM,False,
2026-05-07T13:08:35.542076+00:00,London,RF_NOISE,25.03,0.2866,0.000439,0.442311,0.5500,0.486004,0.4500,0.500000,0.043693,0.000000,0.0000,0.0000,0.500000,0.500000,0.000000,0.0000,False,0.6000,0.4000,False,HOLD,NONE,SCORE_FLOOR,RF_NOISE_ZONE,LOW,False,"RF_NOISE_GATE: rf_prob=0.4860 in [0.42, 0.58]"
2026-05-07T13:08:36.693084+00:00,London,TRENDING,42.82,0.7949,0.044606,0.761884,0.6295,0.530076,0.3705,0.675996,0.231808,0.069542,0.0200,-0.0048,0.571612,0.571612,0.106453,0.0100,False,0.5600,0.4400,False,BUY,BUY,EXECUTION_READY,VALID_SIGNAL,LOW,False,
2026-05-07T13:08:46.360725+00:00,London,TRANSITIONING,31.12,0.4607,0.000387,0.375285,0.5961,0.496192,0.4039,0.424123,0.120907,0.036272,0.0100,-0.0011,0.429313,0.429313,0.039605,0.0100,False,0.5600,0.4400,False,SELL,SELL,EXECUTION_READY,VALID_SIGNAL,LOW,False,
2026-05-07T13:08:57.088850+00:00,London,TRANSITIONING,31.12,0.4607,0.000387,0.375285,0.5961,0.497223,0.4039,0.424540,0.121939,0.036582,0.0100,-0.0011,0.430039,0.430039,0.038879,0.0100,False,0.5600,0.4400,False,SELL,SELL,EXECUTION_READY,VALID_SIGNAL,LOW,False,
2026-05-07T13:08:58.520588+00:00,London,TRANSITIONING,25.03,0.2866,0.000439,0.428999,0.5787,0.493417,0.4213,0.456141,0.064418,0.019325,-0.0100,-0.0004,0.437429,0.437429,0.024534,0.0100,False,0.5700,0.4300,False,HOLD,SELL,THRESHOLD_CHECK,BELOW_THRESHOLD,LOW,False,HOLD: Final 0.4374 between BUY>0.5700 and SELL<0.4300
2026-05-07T13:09:07.947125+00:00,London,TRANSITIONING,31.12,0.4607,0.000387,0.375285,0.5961,0.493393,0.4039,0.422992,0.118108,0.035432,0.0100,-0.0011,0.427343,0.427343,0.041575,0.0100,False,0.5600,0.4400,False,SELL,SELL,EXECUTION_READY,VALID_SIGNAL,LOW,False,
2026-05-07T13:09:18.604208+00:00,London,TRANSITIONING,31.12,0.4607,0.000387,0.375285,0.5961,0.502507,0.4039,0.426674,0.127222,0.038167,0.0100,-0.0011,0.433758,0.433758,0.035160,0.0100,False,0.5600,0.4400,False,SELL,SELL,EXECUTION_READY,VALID_SIGNAL,LOW,False,
2026-05-07T13:09:29.286495+00:00,London,TRANSITIONING,31.12,0.4607,0.000387,0.375285,0.5961,0.493393,0.4039,0.422992,0.118108,0.035432,0.0100,-0.0011,0.427343,0.427343,0.041575,0.0100,False,0.5600,0.4400,False,SELL,SELL,EXECUTION_READY,VALID_SIGNAL,LOW,False,
2026-05-07T13:09:30.713724+00:00,London,TRANSITIONING,25.03,0.2866,0.000439,0.428999,0.5787,0.492667,0.4213,0.455825,0.063667,0.019100,-0.0100,-0.0004,0.444542,0.444542,0.025075,0.0100,False,0.5700,0.4300,False,HOLD,SELL,THRESHOLD_CHECK,BELOW_THRESHOLD,LOW,False,HOLD: Final 0.4445 between BUY>0.5700 and SELL<0.4300
2026-05-07T13:09:40.085301+00:00,London,TRANSITIONING,31.12,0.4607,0.000387,0.375285,0.5961,0.509870,0.4039,0.429648,0.134585,0.040376,0.0100,-0.0011,0.438942,0.438942,0.029976,0.0100,False,0.5600,0.4400,False,SELL,SELL,EXECUTION_READY,VALID_SIGNAL,LOW,False,
2026-05-07T13:09:50.783856+00:00,London,TRANSITIONING,31.12,0.4607,0.000387,0.375285,0.5961,0.493393,0.4039,0.422992,0.118108,0.035432,0.0100,-0.0011,0.427343,0.427343,0.041575,0.0100,False,0.5600,0.4400,False,SELL,SELL,EXECUTION_READY,VALID_SIGNAL,LOW,False,
2026-05-07T13:09:52.239566+00:00,London,TRANSITIONING,25.03,0.2866,0.000439,0.428999,0.5787,0.489402,0.4213,0.454449,0.060403,0.018121,-0.0100,-0.0004,0.442187,0.442187,0.027430,0.0100,False,0.5700,0.4300,False,HOLD,SELL,THRESHOLD_CHECK,BELOW_THRESHOLD,LOW,False,HOLD: Final 0.4422 between BUY>0.5700 and SELL<0.4300
2026-05-07T13:10:01.682664+00:00,London,TRANSITIONING,31.12,0.4607,0.000387,0.375285,0.5961,0.504915,0.4039,0.427646,0.129630,0.038889,0.0100,-0.0011,0.435453,0.435453,0.033465,0.0100,False,0.5600,0.4400,False,SELL,SELL,EXECUTION_READY,VALID_SIGNAL,LOW,False,
2026-05-07T13:10:03.115668+00:00,London,RF_NOISE,25.03,0.2866,0.000409,0.457422,0.5500,0.486381,0.4500,0.500000,0.028959,0.000000,0.0000,0.0000,0.500000,0.500000,0.000000,0.0000,False,0.6000,0.4000,False,HOLD,NONE,SCORE_FLOOR,RF_NOISE_ZONE,LOW,False,"RF_NOISE_GATE: rf_prob=0.4864 in [0.42, 0.58]"
2026-05-07T13:10:04.259448+00:00,London,TRENDING,42.82,0.7949,0.041491,0.797016,0.6295,0.516237,0.3705,0.692983,0.280779,0.084234,0.0200,-0.0054,0.573321,0.573321,0.108749,0.0100,False,0.5600,0.4400,False,BUY,BUY,EXECUTION_READY,VALID_SIGNAL,LOW,False,
2026-05-07T13:10:05.659838+00:00,London,TRENDING,39.22,0.6921,5.668485,0.791190,0.6192,0.541165,0.3808,0.695982,0.250026,0.075008,0.0200,0.0031,0.660974,0.660974,0.120974,0.0100,False,0.5600,0.4400,False,BUY,BUY,EXECUTION_READY,VALID_SIGNAL,HIGH,False,
2026-05-07T13:10:12.291740+00:00,London,TRANSITIONING,31.12,0.4607,0.000363,0.379346,0.5961,0.512937,0.4039,0.433307,0.133592,0.040077,0.0100,-0.0029,0.440443,0.440443,0.026615,0.0100,False,0.5600,0.4400,False,HOLD,SELL,THRESHOLD_CHECK,BELOW_THRESHOLD,LOW,False,HOLD: Final 0.4404 between BUY>0.5600 and SELL<0.4400
2026-05-07T13:10:22.666572+00:00,London,RF_NOISE,25.03,0.2866,0.000427,0.446993,0.5500,0.509007,0.4500,0.500000,0.062014,0.000000,0.0000,0.0000,0.500000,0.500000,0.000000,0.0000,False,0.6000,0.4000,False,HOLD,NONE,SCORE_FLOOR,RF_NOISE_ZONE,LOW,False,"RF_NOISE_GATE: rf_prob=0.5090 in [0.42, 0.58]"
2026-05-07T13:11:14.508650+00:00,London,TRENDING,42.82,0.7949,0.043849,0.795969,0.6295,0.543215,0.3705,0.702320,0.252754,0.075826,0.0200,-0.0050,0.611508,0.611508,0.126494,0.0100,False,0.5600,0.4400,False,BUY,BUY,EXECUTION_READY,VALID_SIGNAL,MEDIUM,False,
2026-05-07T13:11:35.618844+00:00,London,TRENDING,42.82,0.7949,0.044134,0.795969,0.6295,0.542835,0.3705,0.702179,0.253135,0.075940,0.0200,-0.0049,0.611307,0.611307,0.126239,0.0100,False,0.5600,0.4400,False,BUY,BUY,EXECUTION_READY,VALID_SIGNAL,MEDIUM,False,
2026-05-07T13:11:46.332122+00:00,London,TRENDING,42.82,0.7949,0.044277,0.795969,0.6295,0.543885,0.3705,0.702569,0.252084,0.075625,0.0200,-0.0049,0.612038,0.612038,0.126943,0.0100,False,0.5600,0.4400,False,BUY,BUY,EXECUTION_READY,VALID_SIGNAL,MEDIUM,False,
2026-05-07T13:11:47.728626+00:00,London,TRENDING,39.22,0.6921,5.926342,0.967200,0.6192,0.573081,0.3808,0.817122,0.394119,0.118236,0.0200,0.0048,0.738886,0.738886,0.198886,0.0100,False,0.5600,0.4400,False,BUY,BUY,EXECUTION_READY,VALID_SIGNAL,HIGH,False,
2026-05-07T13:11:56.396284+00:00,London,TRENDING,42.82,0.7949,0.044634,0.795969,0.6295,0.536315,0.3705,0.699764,0.259654,0.077896,0.0200,-0.0048,0.607029,0.607029,0.121867,0.0100,False,0.5600,0.4400,False,BUY,BUY,EXECUTION_READY,VALID_SIGNAL,MEDIUM,False,
2026-05-07T13:11:57.799363+00:00,London,TRENDING,39.22,0.6921,5.926342,0.967200,0.6192,0.573793,0.3808,0.817393,0.393407,0.118022,0.0200,0.0048,0.739371,0.739371,0.199371,0.0100,False,0.5600,0.4400,False,BUY,BUY,EXECUTION_READY,VALID_SIGNAL,HIGH,False,
2026-05-07T13:12:06.461637+00:00,London,TRENDING,42.82,0.7949,0.044634,0.795969,0.6295,0.538284,0.3705,0.700493,0.257685,0.077306,0.0200,-0.0048,0.608349,0.608349,0.123188,0.0100,False,0.5600,0.4400,False,BUY,BUY,EXECUTION_READY,VALID_SIGNAL,MEDIUM,False,
2026-05-07T13:12:07.925850+00:00,London,TRENDING,39.22,0.6921,5.954913,0.967200,0.6192,0.571192,0.3808,0.816402,0.396007,0.118802,0.0200,0.0050,0.737600,0.737600,0.197600,0.0100,False,0.5600,0.4400,False,BUY,BUY,EXECUTION_READY,VALID_SIGNAL,HIGH,False,
2026-05-07T13:12:16.618324+00:00,London,TRENDING,42.82,0.7949,0.044634,0.795969,0.6295,0.536315,0.3705,0.699764,0.259654,0.077896,0.0200,-0.0048,0.607029,0.607029,0.121867,0.0100,False,0.5600,0.4400,False,BUY,BUY,EXECUTION_READY,VALID_SIGNAL,MEDIUM,False,
2026-05-07T13:12:27.447981+00:00,London,TRENDING,42.82,0.7949,0.044634,0.795969,0.6295,0.538284,0.3705,0.700493,0.257685,0.077306,0.0200,-0.0048,0.608349,0.608349,0.123188,0.0100,False,0.5600,0.4400,False,BUY,BUY,EXECUTION_READY,VALID_SIGNAL,MEDIUM,False,
2026-05-07T13:12:28.824923+00:00,London,TRENDING,39.22,0.6921,5.989199,0.967640,0.6192,0.571110,0.3808,0.816644,0.396530,0.118959,0.0200,0.0053,0.737685,0.737685,0.197685,0.0100,False,0.5600,0.4400,False,BUY,BUY,EXECUTION_READY,VALID_SIGNAL,HIGH,False,
2026-05-07T13:12:37.656654+00:00,London,TRENDING,42.82,0.7949,0.044634,0.795969,0.6295,0.536315,0.3705,0.699764,0.259654,0.077896,0.0200,-0.0048,0.607029,0.607029,0.121867,0.0100,False,0.5600,0.4400,False,BUY,BUY,EXECUTION_READY,VALID_SIGNAL,MEDIUM,False,
2026-05-07T17:05:21.460301+00:00,New York,TRANSITIONING,28.14,0.3754,0.000363,0.775060,0.5875,0.503482,0.4125,0.663045,0.271577,0.081473,0.0000,-0.0031,0.596314,0.596314,0.081572,0.0100,False,0.5600,0.4400,False,BUY,BUY,EXECUTION_READY,VALID_SIGNAL,MEDIUM,False,
2026-05-07T17:05:26.480060+00:00,New York,TRANSITIONING,22.24,0.2068,0.000473,0.846558,0.5707,0.491523,0.4293,0.694134,0.355035,0.106510,0.0000,0.0015,0.606965,0.606965,0.087623,0.0100,False,0.5800,0.4200,False,BUY,BUY,EXECUTION_READY,VALID_SIGNAL,MEDIUM,False,
2026-05-07T17:05:30.692264+00:00,New York,TRENDING,37.66,0.6475,0.044781,0.582031,0.6147,0.499357,0.3853,0.550181,0.082674,0.024802,0.0100,-0.0049,0.492631,0.492631,0.025379,0.0100,False,0.5600,0.4400,False,HOLD,BUY,THRESHOLD_CHECK,BELOW_THRESHOLD,LOW,False,HOLD: Final 0.4926 between BUY>0.5600 and SELL<0.4400
2026-05-07T17:05:34.345550+00:00,New York,TRANSITIONING,35.69,0.5911,6.452123,0.939443,0.6091,0.593876,0.3909,0.804365,0.345567,0.103670,0.0100,0.0078,0.740694,0.740694,0.200694,0.0100,False,0.5600,0.4400,False,BUY,BUY,EXECUTION_READY,VALID_SIGNAL,HIGH,False,
2026-05-07T17:05:38.348048+00:00,New York,TRANSITIONING,35.69,0.5911,6.452123,0.945086,0.6091,0.597722,0.3909,0.809305,0.347364,0.104209,0.0100,0.0078,0.745096,0.745096,0.205096,0.0100,False,0.5600,0.4400,False,BUY,BUY,EXECUTION_READY,VALID_SIGNAL,HIGH,False,
2026-05-07T17:05:48.816767+00:00,New York,TRANSITIONING,35.69,0.5911,6.561409,0.952335,0.6091,0.596288,0.3909,0.813160,0.356047,0.106814,0.0100,0.0085,0.746346,0.746346,0.206346,0.0100,False,0.5600,0.4400,False,BUY,BUY,EXECUTION_READY,VALID_SIGNAL,HIGH,False,
2026-05-07T17:05:59.337840+00:00,New York,TRANSITIONING,35.69,0.5911,6.561409,0.944814,0.6091,0.595384,0.3909,0.808226,0.349430,0.104829,0.0100,0.0085,0.743396,0.743396,0.203396,0.0100,False,0.5600,0.4400,False,BUY,BUY,EXECUTION_READY,VALID_SIGNAL,HIGH,False,
2026-05-07T17:06:10.036692+00:00,New York,TRANSITIONING,35.69,0.5911,6.561409,0.950632,0.6091,0.597221,0.3909,0.812488,0.353411,0.106023,0.0100,0.0085,0.746464,0.746464,0.206464,0.0100,False,0.5600,0.4400,False,BUY,BUY,EXECUTION_READY,VALID_SIGNAL,HIGH,False,
2026-05-07T17:06:21.086267+00:00,New York,TRANSITIONING,35.69,0.5911,6.561409,0.944655,0.6091,0.597116,0.3909,0.808806,0.347539,0.104262,0.0100,0.0085,0.744544,0.744544,0.204544,0.0100,False,0.5600,0.4400,False,BUY,BUY,EXECUTION_READY,VALID_SIGNAL,HIGH,False,
2026-05-07T17:06:31.946217+00:00,New York,TRANSITIONING,28.14,0.3754,0.000372,0.775060,0.5875,0.490084,0.4125,0.657519,0.284975,0.085493,0.0000,-0.0024,0.597431,0.597431,0.072026,0.0100,False,0.5600,0.4400,False,BUY,BUY,EXECUTION_READY,VALID_SIGNAL,MEDIUM,False,
2026-05-07T17:06:35.670358+00:00,New York,TRENDING,37.66,0.6475,0.045067,0.582031,0.6147,0.497183,0.3853,0.549343,0.084848,0.025455,0.0100,-0.0049,0.491195,0.491195,0.023889,0.0100,False,0.5600,0.4400,False,HOLD,BUY,THRESHOLD_CHECK,BELOW_THRESHOLD,LOW,False,HOLD: Final 0.4912 between BUY>0.5600 and SELL<0.4400
2026-05-07T17:06:38.985539+00:00,New York,TRANSITIONING,35.69,0.5911,6.561409,0.944814,0.6091,0.595969,0.3909,0.808454,0.348845,0.104653,0.0100,0.0085,0.743801,0.743801,0.203801,0.0100,False,0.5600,0.4400,False,BUY,BUY,EXECUTION_READY,VALID_SIGNAL,HIGH,False,
2026-05-07T17:06:42.999676+00:00,New York,TRANSITIONING,28.14,0.3754,0.000373,0.775060,0.5875,0.486229,0.4125,0.655929,0.288830,0.086649,0.0000,-0.0023,0.594795,0.594795,0.069279,0.0100,False,0.5600,0.4400,False,BUY,BUY,EXECUTION_READY,VALID_SIGNAL,MEDIUM,False,
2026-05-07T17:06:46.549850+00:00,New York,TRENDING,37.66,0.6475,0.045067,0.582031,0.6147,0.495650,0.3853,0.548753,0.086381,0.025914,0.0100,-0.0049,0.490145,0.490145,0.022838,0.0100,False,0.5600,0.4400,False,HOLD,BUY,THRESHOLD_CHECK,BELOW_THRESHOLD,LOW,False,HOLD: Final 0.4901 between BUY>0.5600 and SELL<0.4400
2026-05-07T17:06:50.087313+00:00,New York,TRANSITIONING,35.69,0.5911,6.561409,0.944814,0.6091,0.600360,0.3909,0.810171,0.344454,0.103336,0.0100,0.0085,0.746835,0.746835,0.206835,0.0100,False,0.5600,0.4400,False,BUY,BUY,EXECUTION_READY,VALID_SIGNAL,HIGH,False,
2026-05-07T17:06:54.098281+00:00,New York,TRANSITIONING,28.14,0.3754,0.000376,0.775060,0.5875,0.485999,0.4125,0.655834,0.289060,0.086718,0.0000,-0.0021,0.594852,0.594852,0.069116,0.0100,False,0.5600,0.4400,False,BUY,BUY,EXECUTION_READY,VALID_SIGNAL,MEDIUM,False,
2026-05-07T17:06:57.840922+00:00,New York,TRENDING,37.66,0.6475,0.045353,0.582031,0.6147,0.494118,0.3853,0.548162,0.087914,0.026374,0.0100,-0.0048,0.481788,0.481788,0.021788,0.0100,False,0.5600,0.4400,False,HOLD,BUY,THRESHOLD_CHECK,BELOW_THRESHOLD,LOW,False,HOLD: Final 0.4818 between BUY>0.5600 and SELL<0.4400
2026-05-07T17:07:01.392365+00:00,New York,TRANSITIONING,35.69,0.5911,6.561409,0.937604,0.6091,0.597673,0.3909,0.804729,0.339931,0.101979,0.0100,0.0085,0.742749,0.742749,0.202749,0.0100,False,0.5600,0.4400,False,BUY,BUY,EXECUTION_READY,VALID_SIGNAL,HIGH,False,
2026-05-07T17:07:05.484760+00:00,New York,TRANSITIONING,28.14,0.3754,0.000376,0.775060,0.5875,0.492905,0.4125,0.658682,0.282154,0.084646,0.0000,-0.0021,0.599772,0.599772,0.074036,0.0100,False,0.5600,0.4400,False,BUY,BUY,EXECUTION_READY,VALID_SIGNAL,MEDIUM,False,
2026-05-07T17:07:15.824986+00:00,New York,TRANSITIONING,28.14,0.3754,0.000376,0.769278,0.5875,0.490231,0.4125,0.654182,0.279047,0.083714,0.0000,-0.0021,0.596205,0.596205,0.070468,0.0100,False,0.5600,0.4400,False,BUY,BUY,EXECUTION_READY,VALID_SIGNAL,MEDIUM,False,
2026-05-07T17:07:20.809932+00:00,New York,TRANSITIONING,35.69,0.5911,6.588552,0.937190,0.6091,0.598150,0.3909,0.804663,0.339040,0.101712,0.0100,0.0087,0.742950,0.742950,0.202950,0.0100,False,0.5600,0.4400,False,BUY,BUY,EXECUTION_READY,VALID_SIGNAL,HIGH,False,
2026-05-07T17:07:27.352182+00:00,New York,TRANSITIONING,28.14,0.3754,0.000376,0.769278,0.5875,0.492905,0.4125,0.655285,0.276373,0.082912,0.0000,-0.0021,0.598110,0.598110,0.072373,0.0100,False,0.5600,0.4400,False,BUY,BUY,EXECUTION_READY,VALID_SIGNAL,MEDIUM,False,
2026-05-07T17:07:31.859937+00:00,New York,TRANSITIONING,35.69,0.5911,6.588552,0.937190,0.6091,0.596339,0.3909,0.803955,0.340851,0.102255,0.0100,0.0087,0.741700,0.741700,0.201700,0.0100,False,0.5600,0.4400,False,BUY,BUY,EXECUTION_READY,VALID_SIGNAL,HIGH,False,
2026-05-07T17:07:37.274076+00:00,New York,TRANSITIONING,28.14,0.3754,0.000376,0.769278,0.5875,0.486856,0.4125,0.652790,0.282422,0.084727,0.0000,-0.0021,0.593800,0.593800,0.068063,0.0100,False,0.5600,0.4400,False,BUY,BUY,EXECUTION_READY,VALID_SIGNAL,MEDIUM,False,
2026-05-07T17:07:42.420056+00:00,New York,TRANSITIONING,35.69,0.5911,6.588552,0.937190,0.6091,0.596733,0.3909,0.804109,0.340456,0.102137,0.0100,0.0087,0.741972,0.741972,0.201972,0.0100,False,0.5600,0.4400,False,BUY,BUY,EXECUTION_READY,VALID_SIGNAL,HIGH,False,
2026-05-07T17:07:47.885102+00:00,New York,TRANSITIONING,28.14,0.3754,0.000376,0.769278,0.5875,0.485999,0.4125,0.652437,0.283279,0.084984,0.0000,-0.0021,0.593190,0.593190,0.067453,0.0100,False,0.5600,0.4400,False,BUY,BUY,EXECUTION_READY,VALID_SIGNAL,MEDIUM,False,
2026-05-07T17:07:52.605142+00:00,New York,TRANSITIONING,35.69,0.5911,6.588552,0.937190,0.6091,0.596733,0.3909,0.804109,0.340456,0.102137,0.0100,0.0087,0.741972,0.741972,0.201972,0.0100,False,0.5600,0.4400,False,BUY,BUY,EXECUTION_READY,VALID_SIGNAL,HIGH,False,
2026-05-07T17:07:57.482602+00:00,New York,TRANSITIONING,28.14,0.3754,0.000376,0.769278,0.5875,0.486856,0.4125,0.652790,0.282422,0.084727,0.0000,-0.0021,0.593800,0.593800,0.068063,0.0100,False,0.5600,0.4400,False,BUY,BUY,EXECUTION_READY,VALID_SIGNAL,MEDIUM,False,
2026-05-07T17:08:09.121127+00:00,New York,TRANSITIONING,28.14,0.3754,0.000376,0.769278,0.5875,0.485999,0.4125,0.652437,0.283279,0.084984,0.0000,-0.0021,0.593190,0.593190,0.067453,0.0100,False,0.5600,0.4400,False,BUY,BUY,EXECUTION_READY,VALID_SIGNAL,MEDIUM,False,
2026-05-07T17:08:18.470718+00:00,New York,TRANSITIONING,28.14,0.3754,0.000376,0.769278,0.5875,0.486856,0.4125,0.652790,0.282422,0.084727,0.0000,-0.0021,0.593800,0.593800,0.068063,0.0100,False,0.5600,0.4400,False,BUY,BUY,EXECUTION_READY,VALID_SIGNAL,MEDIUM,False,
2026-05-07T17:08:28.971326+00:00,New York,TRANSITIONING,28.14,0.3754,0.000376,0.769278,0.5875,0.485706,0.4125,0.652316,0.283572,0.085072,0.0000,-0.0021,0.592981,0.592981,0.067245,0.0100,False,0.5600,0.4400,False,BUY,BUY,EXECUTION_READY,VALID_SIGNAL,MEDIUM,False,
2026-05-07T17:08:39.640338+00:00,New York,TRANSITIONING,28.14,0.3754,0.000376,0.769278,0.5875,0.485999,0.4125,0.652437,0.283279,0.084984,0.0000,-0.0021,0.593190,0.593190,0.067453,0.0100,False,0.5600,0.4400,False,BUY,BUY,EXECUTION_READY,VALID_SIGNAL,MEDIUM,False,
2026-05-07T17:09:53.318283+00:00,New York,TRANSITIONING,28.14,0.3754,0.000382,0.769278,0.5875,0.541805,0.4125,0.675454,0.227473,0.068242,0.0000,-0.0016,0.643446,0.643446,0.107212,0.0100,False,0.5600,0.4400,False,BUY,BUY,EXECUTION_READY,VALID_SIGNAL,MEDIUM,False,
2026-05-07T17:09:57.131980+00:00,New York,TRANSITIONING,22.24,0.2068,0.000502,0.664978,0.5707,0.503741,0.4293,0.595755,0.161236,0.048371,0.0000,0.0034,0.568558,0.568558,0.047384,0.0100,False,0.5800,0.4200,False,HOLD,BUY,THRESHOLD_CHECK,BELOW_THRESHOLD,LOW,False,HOLD: Final 0.5686 between BUY>0.5800 and SELL<0.4200
2026-05-07T17:10:00.481970+00:00,New York,TRANSITIONING,35.69,0.5911,6.673552,0.944814,0.6091,0.599878,0.3909,0.809982,0.344936,0.103481,0.0100,0.0092,0.746501,0.746501,0.206501,0.0100,False,0.5600,0.4400,False,BUY,BUY,EXECUTION_READY,VALID_SIGNAL,HIGH,False,
2026-05-07T17:10:04.440169+00:00,New York,TRANSITIONING,28.14,0.3754,0.000361,0.775060,0.5875,0.526153,0.4125,0.672396,0.248906,0.074672,0.0000,-0.0032,0.637724,0.637724,0.097724,0.0100,False,0.5600,0.4400,False,BUY,BUY,EXECUTION_READY,VALID_SIGNAL,MEDIUM,False,
2026-05-07T17:10:08.417648+00:00,New York,TRANSITIONING,22.24,0.2068,0.000468,0.862008,0.5707,0.497085,0.4293,0.705339,0.364923,0.109477,0.0000,0.0012,0.613913,0.613913,0.095862,0.0100,False,0.5800,0.4200,False,BUY,BUY,EXECUTION_READY,VALID_SIGNAL,MEDIUM,False,
2026-05-07T17:10:12.013070+00:00,New York,TRENDING,37.66,0.6475,0.043144,0.582031,0.6147,0.491481,0.3853,0.547146,0.090550,0.027165,0.0100,-0.0052,0.479981,0.479981,0.019981,0.0100,False,0.5600,0.4400,False,HOLD,BUY,THRESHOLD_CHECK,BELOW_THRESHOLD,LOW,False,HOLD: Final 0.4800 between BUY>0.5600 and SELL<0.4400
2026-05-07T17:10:15.289106+00:00,New York,TRANSITIONING,35.69,0.5911,6.272584,0.940668,0.6091,0.605948,0.3909,0.809830,0.334720,0.100416,0.0100,0.0066,0.749414,0.749414,0.209414,0.0100,False,0.5600,0.4400,False,BUY,BUY,EXECUTION_READY,VALID_SIGNAL,HIGH,False,
2026-05-07T17:10:19.039766+00:00,New York,TRANSITIONING,28.14,0.3754,0.000364,0.775060,0.5875,0.530326,0.4125,0.674117,0.244734,0.073420,0.0000,-0.0030,0.640697,0.640697,0.100697,0.0100,False,0.5600,0.4400,False,BUY,BUY,EXECUTION_READY,VALID_SIGNAL,MEDIUM,False,
2026-05-07T17:10:29.412890+00:00,New York,TRANSITIONING,28.14,0.3754,0.000366,0.775060,0.5875,0.519303,0.4125,0.669570,0.255756,0.076727,0.0000,-0.0028,0.632843,0.632843,0.092843,0.0100,False,0.5600,0.4400,False,BUY,BUY,EXECUTION_READY,VALID_SIGNAL,MEDIUM,False,
2026-05-07T17:10:33.265923+00:00,New York,TRANSITIONING,35.69,0.5911,6.374012,0.940522,0.6091,0.589823,0.3909,0.803437,0.350700,0.105210,0.0100,0.0072,0.738227,0.738227,0.198227,0.0100,False,0.5600,0.4400,False,BUY,BUY,EXECUTION_READY,VALID_SIGNAL,HIGH,False,
2026-05-07T17:10:40.550461+00:00,New York,TRANSITIONING,28.14,0.3754,0.000368,0.775060,0.5875,0.524510,0.4125,0.671718,0.250549,0.075165,0.0000,-0.0027,0.630688,0.630688,0.096553,0.0100,False,0.5600,0.4400,False,BUY,BUY,EXECUTION_READY,VALID_SIGNAL,MEDIUM,False,
2026-05-07T17:10:44.891774+00:00,New York,TRANSITIONING,35.69,0.5911,6.374012,0.947789,0.6091,0.598678,0.3909,0.811325,0.349111,0.104733,0.0100,0.0072,0.746591,0.746591,0.206591,0.0100,False,0.5600,0.4400,False,BUY,BUY,EXECUTION_READY,VALID_SIGNAL,HIGH,False,
2026-05-07T17:10:51.064965+00:00,New York,TRANSITIONING,28.14,0.3754,0.000369,0.775060,0.5875,0.528329,0.4125,0.673293,0.246731,0.074019,0.0000,-0.0026,0.633519,0.633519,0.099274,0.0100,False,0.5600,0.4400,False,BUY,BUY,EXECUTION_READY,VALID_SIGNAL,MEDIUM,False,
2026-05-07T17:10:54.847901+00:00,New York,TRANSITIONING,35.69,0.5911,6.374012,0.947730,0.6091,0.603391,0.3909,0.813132,0.344339,0.103302,0.0100,0.0072,0.749830,0.749830,0.209830,0.0100,False,0.5600,0.4400,False,BUY,BUY,EXECUTION_READY,VALID_SIGNAL,HIGH,False,
2026-05-07T17:11:02.188606+00:00,New York,TRANSITIONING,28.14,0.3754,0.000369,0.769278,0.5875,0.528329,0.4125,0.669896,0.240949,0.072285,0.0000,-0.0026,0.631857,0.631857,0.097611,0.0100,False,0.5600,0.4400,False,BUY,BUY,EXECUTION_READY,VALID_SIGNAL,MEDIUM,False,
2026-05-07T17:11:06.269584+00:00,New York,TRANSITIONING,35.69,0.5911,6.413298,0.948187,0.6091,0.598291,0.3909,0.811416,0.349896,0.104969,0.0100,0.0075,0.746447,0.746447,0.206447,0.0100,False,0.5600,0.4400,False,BUY,BUY,EXECUTION_READY,VALID_SIGNAL,HIGH,False,
2026-05-07T17:11:12.361313+00:00,New York,TRANSITIONING,28.14,0.3754,0.000369,0.769278,0.5875,0.530199,0.4125,0.670668,0.239079,0.071724,0.0000,-0.0026,0.633190,0.633190,0.098944,0.0100,False,0.5600,0.4400,False,BUY,BUY,EXECUTION_READY,VALID_SIGNAL,MEDIUM,False,
2026-05-07T17:11:16.538369+00:00,New York,TRANSITIONING,35.69,0.5911,6.420441,0.947903,0.6091,0.604411,0.3909,0.813635,0.343492,0.103048,0.0100,0.0076,0.750588,0.750588,0.210588,0.0100,False,0.5600,0.4400,False,BUY,BUY,EXECUTION_READY,VALID_SIGNAL,HIGH,False,
2026-05-07T17:11:22.562382+00:00,New York,TRANSITIONING,28.14,0.3754,0.000370,0.769278,0.5875,0.505475,0.4125,0.660470,0.263803,0.079141,0.0000,-0.0026,0.615630,0.615630,0.081329,0.0100,False,0.5600,0.4400,False,BUY,BUY,EXECUTION_READY,VALID_SIGNAL,MEDIUM,False,
2026-05-07T17:11:26.442241+00:00,New York,TRANSITIONING,35.69,0.5911,6.420441,0.948187,0.6091,0.599174,0.3909,0.811762,0.349013,0.104704,0.0100,0.0076,0.747058,0.747058,0.207058,0.0100,False,0.5600,0.4400,False,BUY,BUY,EXECUTION_READY,VALID_SIGNAL,HIGH,False,
2026-05-07T17:11:33.558872+00:00,New York,TRANSITIONING,28.14,0.3754,0.000370,0.769278,0.5875,0.504356,0.4125,0.660008,0.264922,0.079477,0.0000,-0.0026,0.614832,0.614832,0.080531,0.0100,False,0.5600,0.4400,False,BUY,BUY,EXECUTION_READY,VALID_SIGNAL,MEDIUM,False,
2026-05-07T17:11:43.982439+00:00,New York,TRANSITIONING,28.14,0.3754,0.000370,0.769278,0.5875,0.509208,0.4125,0.662009,0.260070,0.078021,0.0000,-0.0026,0.618289,0.618289,0.083988,0.0100,False,0.5600,0.4400,False,BUY,BUY,EXECUTION_READY,VALID_SIGNAL,MEDIUM,False,
2026-05-07T17:11:54.395138+00:00,New York,TRANSITIONING,28.14,0.3754,0.000371,0.769278,0.5875,0.504864,0.4125,0.660218,0.264414,0.079324,0.0000,-0.0024,0.615305,0.615305,0.080894,0.0100,False,0.5600,0.4400,False,BUY,BUY,EXECUTION_READY,VALID_SIGNAL,MEDIUM,False,
2026-05-07T17:12:04.451550+00:00,New York,TRANSITIONING,35.69,0.5911,6.500441,0.949254,0.6091,0.596701,0.3909,0.811445,0.352554,0.105766,0.0100,0.0081,0.745679,0.745679,0.205679,0.0100,False,0.5600,0.4400,False,BUY,BUY,EXECUTION_READY,VALID_SIGNAL,HIGH,False,
2026-05-07T17:12:15.217695+00:00,New York,TRANSITIONING,35.69,0.5911,6.500441,0.949254,0.6091,0.597425,0.3909,0.811728,0.351829,0.105549,0.0100,0.0081,0.746179,0.746179,0.206179,0.0100,False,0.5600,0.4400,False,BUY,BUY,EXECUTION_READY,VALID_SIGNAL,HIGH,False,
2026-05-07T17:12:37.319224+00:00,New York,TRANSITIONING,28.14,0.3754,0.000374,0.769278,0.5875,0.509001,0.4125,0.661924,0.260277,0.078083,0.0000,-0.0022,0.618473,0.618473,0.083841,0.0100,False,0.5600,0.4400,False,BUY,BUY,EXECUTION_READY,VALID_SIGNAL,MEDIUM,False,
2026-05-07T17:12:46.618926+00:00,New York,TRANSITIONING,28.14,0.3754,0.000374,0.769278,0.5875,0.508106,0.4125,0.661555,0.261172,0.078352,0.0000,-0.0022,0.617836,0.617836,0.083204,0.0100,False,0.5600,0.4400,False,BUY,BUY,EXECUTION_READY,VALID_SIGNAL,MEDIUM,False,
2026-05-07T17:12:57.271139+00:00,New York,TRANSITIONING,28.14,0.3754,0.000374,0.769278,0.5875,0.509873,0.4125,0.662284,0.259405,0.077822,0.0000,-0.0022,0.619094,0.619094,0.084462,0.0100,False,0.5600,0.4400,False,BUY,BUY,EXECUTION_READY,VALID_SIGNAL,MEDIUM,False,
2026-05-07T17:13:07.625777+00:00,New York,TRANSITIONING,28.14,0.3754,0.000374,0.769278,0.5875,0.513046,0.4125,0.663592,0.256232,0.076870,0.0000,-0.0022,0.621355,0.621355,0.086723,0.0100,False,0.5600,0.4400,False,BUY,BUY,EXECUTION_READY,VALID_SIGNAL,MEDIUM,False,
2026-05-07T17:13:11.162435+00:00,New York,TRANSITIONING,35.69,0.5911,6.662584,0.955159,0.6091,0.581453,0.3909,0.809081,0.373706,0.112112,0.0100,0.0091,0.732966,0.732966,0.196969,0.0100,False,0.5600,0.4400,False,BUY,BUY,EXECUTION_READY,VALID_SIGNAL,HIGH,False,
2026-05-07T17:13:18.133496+00:00,New York,TRANSITIONING,28.14,0.3754,0.000374,0.769278,0.5875,0.505231,0.4125,0.660369,0.264047,0.079214,0.0000,-0.0022,0.615787,0.615787,0.081155,0.0100,False,0.5600,0.4400,False,BUY,BUY,EXECUTION_READY,VALID_SIGNAL,MEDIUM,False,
2026-05-07T17:13:28.516479+00:00,New York,TRANSITIONING,28.14,0.3754,0.000374,0.769278,0.5875,0.508106,0.4125,0.661555,0.261172,0.078352,0.0000,-0.0022,0.617836,0.617836,0.083204,0.0100,False,0.5600,0.4400,False,BUY,BUY,EXECUTION_READY,VALID_SIGNAL,MEDIUM,False,
2026-05-07T17:14:53.883888+00:00,New York,TRANSITIONING,28.14,0.3754,0.000381,0.769278,0.5875,0.474954,0.4125,0.647881,0.294324,0.088297,0.0000,-0.0017,0.584714,0.584714,0.059584,0.0100,False,0.5600,0.4400,False,BUY,BUY,EXECUTION_READY,VALID_SIGNAL,MEDIUM,False,
2026-05-07T17:15:03.793010+00:00,New York,TRANSITIONING,28.14,0.3754,0.000356,0.775060,0.5875,0.484199,0.4125,0.655091,0.290860,0.087258,0.0000,-0.0037,0.581816,0.581816,0.067833,0.0100,False,0.5600,0.4400,False,BUY,BUY,EXECUTION_READY,VALID_SIGNAL,MEDIUM,False,
2026-05-07T17:15:06.931030+00:00,New York,TRANSITIONING,22.24,0.2068,0.000454,0.861564,0.5707,0.503053,0.4293,0.707647,0.358512,0.107554,0.0000,0.0003,0.618050,0.618050,0.100094,0.0100,False,0.5800,0.4200,False,BUY,BUY,EXECUTION_READY,VALID_SIGNAL,MEDIUM,False,
2026-05-07T17:15:10.113812+00:00,New York,TRENDING,37.66,0.6475,0.041629,0.582031,0.6147,0.480874,0.3853,0.543060,0.101157,0.030347,0.0100,-0.0055,0.472713,0.472713,0.012713,0.0100,True,0.5600,0.4400,False,HOLD,BUY,THRESHOLD_CHECK,BELOW_THRESHOLD,LOW,False,HOLD: Final 0.4727 between BUY>0.5600 and SELL<0.4400
2026-05-07T17:15:12.130103+00:00,New York,TRANSITIONING,35.69,0.5911,6.268777,0.949331,0.6091,0.586698,0.3909,0.807581,0.362633,0.108790,0.0100,0.0065,0.732980,0.732980,0.198792,0.0100,False,0.5600,0.4400,False,BUY,BUY,EXECUTION_READY,VALID_SIGNAL,HIGH,False,
2026-05-07T17:15:15.423552+00:00,New York,TRANSITIONING,28.14,0.3754,0.000363,0.775060,0.5875,0.505517,0.4125,0.663884,0.269543,0.080863,0.0000,-0.0031,0.617611,0.617611,0.083021,0.0100,False,0.5600,0.4400,False,BUY,BUY,EXECUTION_READY,VALID_SIGNAL,MEDIUM,False,
2026-05-07T17:15:18.318607+00:00,New York,TRANSITIONING,22.30,0.2085,0.000463,0.865505,0.5708,0.507985,0.4292,0.712075,0.357521,0.107256,0.0000,0.0009,0.623371,0.623371,0.104819,0.0100,False,0.5800,0.4200,False,BUY,BUY,EXECUTION_READY,VALID_SIGNAL,MEDIUM,False,
2026-05-07T17:15:25.552700+00:00,New York,TRANSITIONING,28.14,0.3754,0.000364,0.775060,0.5875,0.509092,0.4125,0.665358,0.265968,0.079790,0.0000,-0.0030,0.620214,0.620214,0.085568,0.0100,False,0.5600,0.4400,False,BUY,BUY,EXECUTION_READY,VALID_SIGNAL,MEDIUM,False,
2026-05-07T17:15:46.856020+00:00,New York,TRANSITIONING,35.69,0.5911,6.390920,0.941284,0.6091,0.591540,0.3909,0.804572,0.349744,0.104923,0.0100,0.0073,0.739649,0.739649,0.199649,0.0100,False,0.5600,0.4400,False,BUY,BUY,EXECUTION_READY,VALID_SIGNAL,HIGH,False,
2026-05-07T17:15:57.256484+00:00,New York,TRANSITIONING,35.69,0.5911,6.394491,0.941284,0.6091,0.592142,0.3909,0.804808,0.349142,0.104743,0.0100,0.0074,0.740065,0.740065,0.200065,0.0100,False,0.5600,0.4400,False,BUY,BUY,EXECUTION_READY,VALID_SIGNAL,HIGH,False,
2026-05-07T17:16:51.590577+00:00,New York,TRANSITIONING,35.69,0.5911,6.394491,0.943329,0.6091,0.593623,0.3909,0.806633,0.349706,0.104912,0.0100,0.0074,0.741721,0.741721,0.201721,0.0100,False,0.5600,0.4400,False,BUY,BUY,EXECUTION_READY,VALID_SIGNAL,HIGH,False,
2026-05-07T17:18:19.226903+00:00,New York,TRANSITIONING,28.14,0.3754,0.000366,0.775060,0.5875,0.506796,0.4125,0.664412,0.268263,0.080479,0.0000,-0.0029,0.618689,0.618689,0.083933,0.0100,False,0.5600,0.4400,False,BUY,BUY,EXECUTION_READY,VALID_SIGNAL,MEDIUM,False,
2026-05-07T17:18:22.116458+00:00,New York,TRANSITIONING,22.34,0.2097,0.000467,0.865143,0.5710,0.512430,0.4290,0.713819,0.352713,0.105814,0.0000,0.0011,0.626786,0.626786,0.108005,0.0100,False,0.5800,0.4200,False,BUY,BUY,EXECUTION_READY,VALID_SIGNAL,MEDIUM,False,
2026-05-07T17:18:24.365236+00:00,New York,TRANSITIONING,35.69,0.5911,6.531634,0.955729,0.6091,0.586136,0.3909,0.811259,0.369593,0.110878,0.0100,0.0083,0.736300,0.736300,0.200381,0.0100,False,0.5600,0.4400,False,BUY,BUY,EXECUTION_READY,VALID_SIGNAL,HIGH,False,
2026-05-07T17:18:29.027728+00:00,New York,TRANSITIONING,28.14,0.3754,0.000366,0.775060,0.5875,0.506658,0.4125,0.664355,0.268402,0.080521,0.0000,-0.0029,0.618590,0.618590,0.083834,0.0100,False,0.5600,0.4400,False,BUY,BUY,EXECUTION_READY,VALID_SIGNAL,MEDIUM,False,
2026-05-07T17:18:39.311678+00:00,New York,TRANSITIONING,28.14,0.3754,0.000366,0.775060,0.5875,0.506658,0.4125,0.664355,0.268402,0.080521,0.0000,-0.0029,0.618590,0.618590,0.083834,0.0100,False,0.5600,0.4400,False,BUY,BUY,EXECUTION_READY,VALID_SIGNAL,MEDIUM,False,
2026-05-07T17:18:49.374036+00:00,New York,TRANSITIONING,28.14,0.3754,0.000366,0.775060,0.5875,0.506658,0.4125,0.664355,0.268402,0.080521,0.0000,-0.0029,0.618590,0.618590,0.083834,0.0100,False,0.5600,0.4400,False,BUY,BUY,EXECUTION_READY,VALID_SIGNAL,MEDIUM,False,
2026-05-07T17:18:52.120609+00:00,New York,TRANSITIONING,22.36,0.2102,0.000468,0.865896,0.5710,0.512778,0.4290,0.714415,0.353117,0.105935,0.0000,0.0012,0.627352,0.627352,0.108480,0.0100,False,0.5800,0.4200,False,BUY,BUY,EXECUTION_READY,VALID_SIGNAL,MEDIUM,False,
2026-05-07T17:19:00.645660+00:00,New York,TRANSITIONING,28.14,0.3754,0.000373,0.775060,0.5875,0.531073,0.4125,0.674425,0.243987,0.073196,0.0000,-0.0023,0.636538,0.636538,0.101229,0.0100,False,0.5600,0.4400,False,BUY,BUY,EXECUTION_READY,VALID_SIGNAL,MEDIUM,False,
2026-05-07T17:19:03.678013+00:00,New York,TRANSITIONING,22.50,0.2144,0.000481,0.875220,0.5714,0.514531,0.4286,0.720643,0.360689,0.108207,0.0000,0.0021,0.632133,0.632133,0.112436,0.0100,False,0.5800,0.4200,False,BUY,BUY,EXECUTION_READY,VALID_SIGNAL,MEDIUM,False,
2026-05-07T17:19:06.175373+00:00,New York,TRENDING,37.46,0.6416,0.045200,0.087362,0.6142,0.482124,0.3858,0.239678,0.394762,0.118429,0.0100,-0.0049,0.380892,0.380892,0.141893,0.0100,False,0.5600,0.4400,False,SELL,SELL,EXECUTION_READY,VALID_SIGNAL,MEDIUM,False,
2026-05-07T17:19:08.935660+00:00,New York,TRANSITIONING,35.69,0.5911,6.760205,0.957444,0.6091,0.571291,0.3909,0.806500,0.386153,0.115846,0.0100,0.0098,0.728077,0.728077,0.190654,0.0100,False,0.5600,0.4400,False,BUY,BUY,EXECUTION_READY,VALID_SIGNAL,HIGH,False,
2026-05-07T17:19:11.799805+00:00,New York,TRANSITIONING,28.02,0.3720,0.000384,0.934751,0.5872,0.538715,0.4128,0.771269,0.396035,0.118811,0.0000,-0.0015,0.688651,0.688651,0.152458,0.0100,False,0.5600,0.4400,False,BUY,BUY,EXECUTION_READY,VALID_SIGNAL,HIGH,False,
2026-05-07T17:19:15.059996+00:00,New York,TRANSITIONING,35.69,0.5911,6.789491,0.957948,0.6091,0.573561,0.3909,0.807695,0.384387,0.115316,0.0100,0.0100,0.729994,0.729994,0.192379,0.0100,False,0.5600,0.4400,False,BUY,BUY,EXECUTION_READY,VALID_SIGNAL,HIGH,False,
2026-05-07T17:19:22.285972+00:00,New York,TRANSITIONING,28.02,0.3720,0.000384,0.934751,0.5872,0.537884,0.4128,0.770925,0.396867,0.119060,0.0000,-0.0015,0.688058,0.688058,0.151865,0.0100,False,0.5600,0.4400,False,BUY,BUY,EXECUTION_READY,VALID_SIGNAL,HIGH,False,
2026-05-07T17:19:24.886442+00:00,New York,TRANSITIONING,35.69,0.5911,6.845205,0.957561,0.6091,0.566462,0.3909,0.804685,0.391099,0.117330,0.0100,0.0103,0.725337,0.725337,0.187355,0.0100,False,0.5600,0.4400,False,BUY,BUY,EXECUTION_READY,VALID_SIGNAL,HIGH,False,
2026-05-07T17:19:33.292749+00:00,New York,TRANSITIONING,28.02,0.3720,0.000384,0.934751,0.5872,0.538763,0.4128,0.771288,0.395988,0.118796,0.0000,-0.0015,0.688685,0.688685,0.152492,0.0100,False,0.5600,0.4400,False,BUY,BUY,EXECUTION_READY,VALID_SIGNAL,HIGH,False,
2026-05-07T17:19:35.795745+00:00,New York,TRANSITIONING,35.69,0.5911,6.907348,0.962160,0.6091,0.569598,0.3909,0.808712,0.392562,0.117769,0.0100,0.0107,0.729334,0.729334,0.190943,0.0100,False,0.5600,0.4400,False,BUY,BUY,EXECUTION_READY,VALID_SIGNAL,HIGH,False,
2026-05-07T17:19:43.719556+00:00,New York,TRANSITIONING,28.02,0.3720,0.000384,0.934751,0.5872,0.538763,0.4128,0.771288,0.395988,0.118796,0.0000,-0.0015,0.688685,0.688685,0.152492,0.0100,False,0.5600,0.4400,False,BUY,BUY,EXECUTION_READY,VALID_SIGNAL,HIGH,False,
2026-05-07T17:19:53.781366+00:00,New York,TRANSITIONING,28.02,0.3720,0.000384,0.934751,0.5872,0.534415,0.4128,0.769493,0.400336,0.120101,0.0000,-0.0015,0.685586,0.685586,0.149393,0.0100,False,0.5600,0.4400,False,BUY,BUY,EXECUTION_READY,VALID_SIGNAL,HIGH,False,
2026-05-07T17:19:56.193757+00:00,New York,TRANSITIONING,22.54,0.2155,0.000485,0.866919,0.5716,0.511553,0.4284,0.714663,0.355366,0.106610,0.0000,0.0023,0.627979,0.627979,0.108053,0.0100,False,0.5800,0.4200,False,BUY,BUY,EXECUTION_READY,VALID_SIGNAL,MEDIUM,False,
2026-05-07T17:20:04.658325+00:00,New York,TRANSITIONING,28.02,0.3720,0.000357,0.775060,0.5872,0.535046,0.4128,0.675983,0.240013,0.072004,0.0000,-0.0035,0.643979,0.643979,0.103979,0.0100,False,0.5600,0.4400,False,BUY,BUY,EXECUTION_READY,VALID_SIGNAL,MEDIUM,False,
2026-05-07T17:20:07.912739+00:00,New York,TRANSITIONING,22.56,0.2160,0.000452,0.874299,0.5716,0.504530,0.4284,0.715889,0.369769,0.110931,0.0000,0.0002,0.640799,0.640799,0.104958,0.0100,False,0.5800,0.4200,False,BUY,BUY,EXECUTION_READY,VALID_SIGNAL,MEDIUM,False,
2026-05-07T17:20:10.425276+00:00,New York,TRENDING,37.46,0.6416,0.042471,0.584942,0.6142,0.482972,0.3858,0.545598,0.101970,0.030591,0.0100,-0.0054,0.475007,0.475007,0.015007,0.0100,False,0.5600,0.4400,False,HOLD,BUY,THRESHOLD_CHECK,BELOW_THRESHOLD,LOW,False,HOLD: Final 0.4750 between BUY>0.5600 and SELL<0.4400
2026-05-07T17:20:12.711875+00:00,New York,TRANSITIONING,35.69,0.5911,6.493609,0.951978,0.6091,0.568099,0.3909,0.801924,0.383879,0.115164,0.0100,0.0080,0.726760,0.726760,0.186760,0.0100,False,0.5600,0.4400,False,BUY,BUY,EXECUTION_READY,VALID_SIGNAL,HIGH,False,
2026-05-07T17:20:15.060972+00:00,New York,TRANSITIONING,28.02,0.3720,0.000360,0.775060,0.5872,0.516957,0.4128,0.668516,0.258102,0.077431,0.0000,-0.0033,0.631085,0.631085,0.091085,0.0100,False,0.5600,0.4400,False,BUY,BUY,EXECUTION_READY,VALID_SIGNAL,MEDIUM,False,
2026-05-07T17:20:17.638021+00:00,New York,TRANSITIONING,35.69,0.5911,6.501466,0.957705,0.6091,0.571225,0.3909,0.806634,0.386481,0.115944,0.0100,0.0081,0.724403,0.724403,0.190690,0.0100,False,0.5600,0.4400,False,BUY,BUY,EXECUTION_READY,VALID_SIGNAL,HIGH,False,
2026-05-07T17:20:25.866375+00:00,New York,TRANSITIONING,28.02,0.3720,0.000363,0.775060,0.5872,0.517906,0.4128,0.668907,0.257154,0.077146,0.0000,-0.0031,0.624331,0.624331,0.091761,0.0100,False,0.5600,0.4400,False,BUY,BUY,EXECUTION_READY,VALID_SIGNAL,MEDIUM,False,
2026-05-07T17:20:28.948843+00:00,New York,TRENDING,37.46,0.6416,0.042971,0.583867,0.6142,0.484446,0.3858,0.545506,0.099421,0.029826,0.0100,-0.0053,0.484745,0.484745,0.015680,0.0100,False,0.5600,0.4400,False,HOLD,BUY,THRESHOLD_CHECK,BELOW_THRESHOLD,LOW,False,HOLD: Final 0.4847 between BUY>0.5600 and SELL<0.4400
2026-05-07T17:20:36.686825+00:00,New York,TRANSITIONING,28.02,0.3720,0.000365,0.775060,0.5872,0.516738,0.4128,0.668425,0.258321,0.077496,0.0000,-0.0030,0.623609,0.623609,0.090929,0.0100,False,0.5600,0.4400,False,BUY,BUY,EXECUTION_READY,VALID_SIGNAL,MEDIUM,False,
2026-05-07T17:20:39.571559+00:00,New York,TRENDING,37.46,0.6416,0.043257,0.583867,0.6142,0.486383,0.3858,0.546254,0.097484,0.029245,0.0100,-0.0052,0.477008,0.477008,0.017008,0.0100,False,0.5600,0.4400,False,HOLD,BUY,THRESHOLD_CHECK,BELOW_THRESHOLD,LOW,False,HOLD: Final 0.4770 between BUY>0.5600 and SELL<0.4400
2026-05-07T17:20:47.664176+00:00,New York,TRANSITIONING,28.02,0.3720,0.000367,0.775060,0.5872,0.492020,0.4128,0.658222,0.283039,0.084912,0.0000,-0.0028,0.606156,0.606156,0.073310,0.0100,False,0.5600,0.4400,False,BUY,BUY,EXECUTION_READY,VALID_SIGNAL,MEDIUM,False,
2026-05-07T17:20:57.543975+00:00,New York,TRANSITIONING,28.02,0.3720,0.000367,0.764297,0.5872,0.502236,0.4128,0.656119,0.262061,0.078618,0.0000,-0.0028,0.610347,0.610347,0.077501,0.0100,False,0.5600,0.4400,False,BUY,BUY,EXECUTION_READY,VALID_SIGNAL,MEDIUM,False,
2026-05-07T17:21:08.107872+00:00,New York,TRANSITIONING,28.02,0.3720,0.000372,0.764297,0.5872,0.510949,0.4128,0.659716,0.253347,0.076004,0.0000,-0.0024,0.616944,0.616944,0.083711,0.0100,False,0.5600,0.4400,False,BUY,BUY,EXECUTION_READY,VALID_SIGNAL,MEDIUM,False,
2026-05-07T17:21:18.202435+00:00,New York,TRANSITIONING,28.02,0.3720,0.000372,0.764297,0.5872,0.522219,0.4128,0.664368,0.242078,0.072623,0.0000,-0.0024,0.624977,0.624977,0.091744,0.0100,False,0.5600,0.4400,False,BUY,BUY,EXECUTION_READY,VALID_SIGNAL,MEDIUM,False,
2026-05-07T17:21:21.079148+00:00,New York,TRANSITIONING,22.59,0.2169,0.000459,0.873889,0.5717,0.512694,0.4283,0.719184,0.361194,0.108358,0.0000,0.0006,0.627079,0.627079,0.110826,0.0100,False,0.5800,0.4200,False,BUY,BUY,EXECUTION_READY,VALID_SIGNAL,MEDIUM,False,
2026-05-07T17:21:28.703398+00:00,New York,TRANSITIONING,28.02,0.3720,0.000372,0.764297,0.5872,0.534062,0.4128,0.669256,0.230235,0.069070,0.0000,-0.0024,0.633419,0.633419,0.100186,0.0100,False,0.5600,0.4400,False,BUY,BUY,EXECUTION_READY,VALID_SIGNAL,MEDIUM,False,
2026-05-07T17:21:31.203016+00:00,New York,TRENDING,37.46,0.6416,0.043257,0.598935,0.6142,0.485743,0.3858,0.555260,0.113192,0.033958,0.0100,-0.0052,0.490422,0.490422,0.021303,0.0100,False,0.5600,0.4400,False,HOLD,BUY,THRESHOLD_CHECK,BELOW_THRESHOLD,LOW,False,HOLD: Final 0.4904 between BUY>0.5600 and SELL<0.4400
2026-05-07T17:21:33.094399+00:00,New York,TRANSITIONING,35.69,0.5911,6.682895,0.949411,0.6091,0.568894,0.3909,0.800670,0.380517,0.114155,0.0100,0.0093,0.721423,0.721423,0.186515,0.0100,False,0.5600,0.4400,False,BUY,BUY,EXECUTION_READY,VALID_SIGNAL,HIGH,False,
2026-05-07T17:21:40.181767+00:00,New York,TRANSITIONING,28.02,0.3720,0.000372,0.764297,0.5872,0.514794,0.4128,0.661303,0.249503,0.074851,0.0000,-0.0024,0.619685,0.619685,0.086452,0.0100,False,0.5600,0.4400,False,BUY,BUY,EXECUTION_READY,VALID_SIGNAL,MEDIUM,False,
2026-05-07T17:21:50.481264+00:00,New York,TRANSITIONING,28.02,0.3720,0.000372,0.764297,0.5872,0.540401,0.4128,0.671873,0.223895,0.067169,0.0000,-0.0024,0.637938,0.637938,0.104705,0.0100,False,0.5600,0.4400,False,BUY,BUY,EXECUTION_READY,VALID_SIGNAL,MEDIUM,False,
2026-05-07T17:22:00.385880+00:00,New York,TRANSITIONING,28.02,0.3720,0.000372,0.764297,0.5872,0.527856,0.4128,0.666694,0.236441,0.070932,0.0000,-0.0024,0.628995,0.628995,0.095762,0.0100,False,0.5600,0.4400,False,BUY,BUY,EXECUTION_READY,VALID_SIGNAL,MEDIUM,False,
2026-05-07T17:22:03.647625+00:00,New York,TRENDING,37.46,0.6416,0.043257,0.585971,0.6142,0.486060,0.3858,0.547421,0.099911,0.029973,0.0100,-0.0052,0.486566,0.486566,0.017448,0.0100,False,0.5600,0.4400,False,HOLD,BUY,THRESHOLD_CHECK,BELOW_THRESHOLD,LOW,False,HOLD: Final 0.4866 between BUY>0.5600 and SELL<0.4400
2026-05-07T17:22:11.569099+00:00,New York,TRANSITIONING,28.02,0.3720,0.000372,0.764297,0.5872,0.513182,0.4128,0.660637,0.251115,0.075334,0.0000,-0.0024,0.618536,0.618536,0.085303,0.0100,False,0.5600,0.4400,False,BUY,BUY,EXECUTION_READY,VALID_SIGNAL,MEDIUM,False,
2026-05-07T17:22:13.986415+00:00,New York,TRENDING,37.46,0.6416,0.043329,0.599498,0.6142,0.485514,0.3858,0.555518,0.113984,0.034195,0.0100,-0.0052,0.490455,0.490455,0.021323,0.0100,False,0.5600,0.4400,False,HOLD,BUY,THRESHOLD_CHECK,BELOW_THRESHOLD,LOW,False,HOLD: Final 0.4905 between BUY>0.5600 and SELL<0.4400
2026-05-07T17:22:21.763777+00:00,New York,TRANSITIONING,28.02,0.3720,0.000372,0.764297,0.5872,0.522219,0.4128,0.664368,0.242078,0.072623,0.0000,-0.0024,0.624977,0.624977,0.091744,0.0100,False,0.5600,0.4400,False,BUY,BUY,EXECUTION_READY,VALID_SIGNAL,MEDIUM,False,
2026-05-07T17:22:24.179204+00:00,New York,TRENDING,37.46,0.6416,0.043329,0.599498,0.6142,0.485514,0.3858,0.555518,0.113984,0.034195,0.0100,-0.0052,0.490455,0.490455,0.021323,0.0100,False,0.5600,0.4400,False,HOLD,BUY,THRESHOLD_CHECK,BELOW_THRESHOLD,LOW,False,HOLD: Final 0.4905 between BUY>0.5600 and SELL<0.4400
2026-05-07T17:22:32.045010+00:00,New York,TRANSITIONING,28.02,0.3720,0.000372,0.764297,0.5872,0.534062,0.4128,0.669256,0.230235,0.069070,0.0000,-0.0024,0.633419,0.633419,0.100186,0.0100,False,0.5600,0.4400,False,BUY,BUY,EXECUTION_READY,VALID_SIGNAL,MEDIUM,False,
2026-05-07T17:22:34.726703+00:00,New York,TRENDING,37.46,0.6416,0.043329,0.599498,0.6142,0.485514,0.3858,0.555518,0.113984,0.034195,0.0100,-0.0052,0.490455,0.490455,0.021323,0.0100,False,0.5600,0.4400,False,HOLD,BUY,THRESHOLD_CHECK,BELOW_THRESHOLD,LOW,False,HOLD: Final 0.4905 between BUY>0.5600 and SELL<0.4400
2026-05-07T17:22:42.804769+00:00,New York,TRANSITIONING,28.02,0.3720,0.000372,0.764297,0.5872,0.514794,0.4128,0.661303,0.249503,0.074851,0.0000,-0.0024,0.619685,0.619685,0.086452,0.0100,False,0.5600,0.4400,False,BUY,BUY,EXECUTION_READY,VALID_SIGNAL,MEDIUM,False,
2026-05-07T17:22:45.767842+00:00,New York,TRENDING,37.46,0.6416,0.043614,0.603940,0.6142,0.491806,0.3858,0.560674,0.112134,0.033640,0.0100,-0.0052,0.496220,0.496220,0.027034,0.0100,False,0.5600,0.4400,False,HOLD,BUY,THRESHOLD_CHECK,BELOW_THRESHOLD,LOW,False,HOLD: Final 0.4962 between BUY>0.5600 and SELL<0.4400
2026-05-07T17:22:53.403424+00:00,New York,TRANSITIONING,28.02,0.3720,0.000372,0.764297,0.5872,0.510949,0.4128,0.659716,0.253347,0.076004,0.0000,-0.0024,0.616944,0.616944,0.083711,0.0100,False,0.5600,0.4400,False,BUY,BUY,EXECUTION_READY,VALID_SIGNAL,MEDIUM,False,
2026-05-07T17:22:56.347801+00:00,New York,TRENDING,37.46,0.6416,0.044043,0.591001,0.6142,0.493367,0.3858,0.553330,0.097634,0.029290,0.0100,-0.0051,0.484040,0.484040,0.024040,0.0100,False,0.5600,0.4400,False,HOLD,BUY,THRESHOLD_CHECK,BELOW_THRESHOLD,LOW,False,HOLD: Final 0.4840 between BUY>0.5600 and SELL<0.4400
2026-05-07T17:23:04.537019+00:00,New York,TRANSITIONING,28.02,0.3720,0.000372,0.764297,0.5872,0.496577,0.4128,0.653783,0.267720,0.080316,0.0000,-0.0024,0.606700,0.606700,0.073467,0.0100,False,0.5600,0.4400,False,BUY,BUY,EXECUTION_READY,VALID_SIGNAL,MEDIUM,False,
2026-05-07T17:23:07.293649+00:00,New York,TRANSITIONING,22.59,0.2169,0.000472,0.867997,0.5717,0.487794,0.4283,0.705151,0.380203,0.114061,0.0000,0.0014,0.608168,0.608168,0.091090,0.0100,False,0.5800,0.4200,False,BUY,BUY,EXECUTION_READY,VALID_SIGNAL,MEDIUM,False,
2026-05-07T17:23:10.217823+00:00,New York,TRANSITIONING,35.69,0.5911,6.975752,0.950600,0.6091,0.573340,0.3909,0.803133,0.377260,0.113178,0.0100,0.0112,0.726791,0.726791,0.189955,0.0100,False,0.5600,0.4400,False,BUY,BUY,EXECUTION_READY,VALID_SIGNAL,HIGH,False,
2026-05-07T17:23:15.258784+00:00,New York,TRANSITIONING,22.59,0.2169,0.000483,0.856301,0.5717,0.486920,0.4283,0.698090,0.369381,0.110814,0.0000,0.0022,0.605086,0.605086,0.087276,0.0100,False,0.5800,0.4200,False,BUY,BUY,EXECUTION_READY,VALID_SIGNAL,MEDIUM,False,
2026-05-07T17:23:25.501972+00:00,New York,TRANSITIONING,28.02,0.3720,0.000385,0.764297,0.5872,0.481208,0.4128,0.647438,0.283089,0.084927,0.0000,-0.0014,0.596740,0.596740,0.062512,0.0100,False,0.5600,0.4400,False,BUY,BUY,EXECUTION_READY,VALID_SIGNAL,MEDIUM,False,
2026-05-07T17:23:35.788965+00:00,New York,TRANSITIONING,28.02,0.3720,0.000385,0.764297,0.5872,0.495218,0.4128,0.653222,0.269078,0.080723,0.0000,-0.0014,0.606726,0.606726,0.072498,0.0100,False,0.5600,0.4400,False,BUY,BUY,EXECUTION_READY,VALID_SIGNAL,MEDIUM,False,
2026-05-07T17:23:45.789169+00:00,New York,TRANSITIONING,28.02,0.3720,0.000385,0.764297,0.5872,0.492044,0.4128,0.651912,0.272253,0.081676,0.0000,-0.0014,0.604464,0.604464,0.070236,0.0100,False,0.5600,0.4400,False,BUY,BUY,EXECUTION_READY,VALID_SIGNAL,MEDIUM,False,
2026-05-07T17:23:56.237358+00:00,New York,TRANSITIONING,28.02,0.3720,0.000385,0.764297,0.5872,0.510285,0.4128,0.659442,0.254011,0.076203,0.0000,-0.0014,0.617466,0.617466,0.083238,0.0100,False,0.5600,0.4400,False,BUY,BUY,EXECUTION_READY,VALID_SIGNAL,MEDIUM,False,
2026-05-07T17:24:06.996682+00:00,New York,TRANSITIONING,28.02,0.3720,0.000385,0.764297,0.5872,0.506416,0.4128,0.657844,0.257881,0.077364,0.0000,-0.0014,0.614708,0.614708,0.080480,0.0100,False,0.5600,0.4400,False,BUY,BUY,EXECUTION_READY,VALID_SIGNAL,MEDIUM,False,
2026-05-07T17:24:09.915895+00:00,New York,TRANSITIONING,35.69,0.5911,7.177181,0.943602,0.6091,0.554849,0.3909,0.791643,0.388753,0.116626,0.0100,0.0125,0.715017,0.715017,0.175017,0.0100,False,0.5600,0.4400,False,BUY,BUY,EXECUTION_READY,VALID_SIGNAL,HIGH,False,
2026-05-07T17:24:17.408347+00:00,New York,TRANSITIONING,28.02,0.3720,0.000385,0.764297,0.5872,0.511499,0.4128,0.659942,0.252798,0.075839,0.0000,-0.0014,0.618331,0.618331,0.084103,0.0100,False,0.5600,0.4400,False,BUY,BUY,EXECUTION_READY,VALID_SIGNAL,MEDIUM,False,
2026-05-07T17:24:20.115128+00:00,New York,TRANSITIONING,35.69,0.5911,7.177181,0.943386,0.6091,0.549489,0.3909,0.789416,0.393897,0.118169,0.0100,0.0125,0.711247,0.711247,0.171247,0.0100,False,0.5600,0.4400,False,BUY,BUY,EXECUTION_READY,VALID_SIGNAL,HIGH,False,
2026-05-07T17:24:26.876085+00:00,New York,TRANSITIONING,28.02,0.3720,0.000385,0.764297,0.5872,0.511458,0.4128,0.659926,0.252838,0.075852,0.0000,-0.0014,0.618302,0.618302,0.084074,0.0100,False,0.5600,0.4400,False,BUY,BUY,EXECUTION_READY,VALID_SIGNAL,MEDIUM,False,
2026-05-07T17:24:38.043600+00:00,New York,TRANSITIONING,28.02,0.3720,0.000385,0.764297,0.5872,0.481208,0.4128,0.647438,0.283089,0.084927,0.0000,-0.0014,0.596740,0.596740,0.062512,0.0100,False,0.5600,0.4400,False,BUY,BUY,EXECUTION_READY,VALID_SIGNAL,MEDIUM,False,
2026-05-07T17:24:40.555239+00:00,New York,TRANSITIONING,35.69,0.5911,7.177181,0.943602,0.6091,0.548402,0.3909,0.789123,0.395200,0.118560,0.0100,0.0125,0.710563,0.710563,0.170563,0.0100,False,0.5600,0.4400,False,BUY,BUY,EXECUTION_READY,VALID_SIGNAL,HIGH,False,
2026-05-07T17:24:48.661910+00:00,New York,TRANSITIONING,28.02,0.3720,0.000385,0.764297,0.5872,0.510285,0.4128,0.659442,0.254011,0.076203,0.0000,-0.0014,0.617466,0.617466,0.083238,0.0100,False,0.5600,0.4400,False,BUY,BUY,EXECUTION_READY,VALID_SIGNAL,MEDIUM,False,
2026-05-07T17:24:51.227888+00:00,New York,TRANSITIONING,35.69,0.5911,7.209323,0.943386,0.6091,0.546760,0.3909,0.788349,0.396626,0.118988,0.0100,0.0127,0.709361,0.709361,0.169361,0.0100,False,0.5600,0.4400,False,BUY,BUY,EXECUTION_READY,VALID_SIGNAL,HIGH,False,
2026-05-07T17:24:59.600521+00:00,New York,TRANSITIONING,28.02,0.3720,0.000385,0.764297,0.5872,0.500938,0.4128,0.655583,0.263359,0.079008,0.0000,-0.0014,0.610803,0.610803,0.076575,0.0100,False,0.5600,0.4400,False,BUY,BUY,EXECUTION_READY,VALID_SIGNAL,MEDIUM,False,
2026-05-07T17:25:02.114792+00:00,New York,TRANSITIONING,35.69,0.5911,7.209323,0.945499,0.6091,0.544555,0.3909,0.788774,0.400944,0.120283,0.0100,0.0127,0.708491,0.708491,0.168491,0.0100,False,0.5600,0.4400,False,BUY,BUY,EXECUTION_READY,VALID_SIGNAL,HIGH,False,
2026-05-07T17:25:10.171879+00:00,New York,TRANSITIONING,28.02,0.3720,0.000360,0.775060,0.5872,0.502509,0.4128,0.662551,0.272551,0.081765,0.0000,-0.0033,0.614164,0.614164,0.080786,0.0100,False,0.5600,0.4400,False,BUY,BUY,EXECUTION_READY,VALID_SIGNAL,MEDIUM,False,
2026-05-07T17:25:12.831931+00:00,New York,TRANSITIONING,22.59,0.2169,0.000453,0.855422,0.5717,0.484979,0.4283,0.696757,0.370443,0.111133,0.0000,0.0003,0.602596,0.602596,0.085624,0.0100,False,0.5800,0.4200,False,BUY,BUY,EXECUTION_READY,VALID_SIGNAL,MEDIUM,False,
2026-05-07T17:25:15.616888+00:00,New York,TRENDING,37.46,0.6416,0.041780,0.598428,0.6142,0.487015,0.3858,0.555440,0.111413,0.033424,0.0100,-0.0055,0.482016,0.482016,0.022016,0.0100,False,0.5600,0.4400,False,HOLD,BUY,THRESHOLD_CHECK,BELOW_THRESHOLD,LOW,False,HOLD: Final 0.4820 between BUY>0.5600 and SELL<0.4400
2026-05-07T17:25:17.597476+00:00,New York,TRANSITIONING,35.69,0.5911,6.772229,0.946675,0.6091,0.558727,0.3909,0.795030,0.387948,0.116384,0.0100,0.0098,0.718645,0.718645,0.178645,0.0100,False,0.5600,0.4400,False,BUY,BUY,EXECUTION_READY,VALID_SIGNAL,HIGH,False,
2026-05-07T17:25:20.546309+00:00,New York,TRANSITIONING,28.02,0.3720,0.000368,0.775060,0.5872,0.490587,0.4128,0.657630,0.284473,0.085342,0.0000,-0.0027,0.606274,0.606274,0.072288,0.0100,False,0.5600,0.4400,False,BUY,BUY,EXECUTION_READY,VALID_SIGNAL,MEDIUM,False,
2026-05-07T17:25:23.178563+00:00,New York,TRANSITIONING,35.69,0.5911,6.807943,0.946498,0.6091,0.561727,0.3909,0.796095,0.384771,0.115431,0.0100,0.0101,0.720663,0.720663,0.180663,0.0100,False,0.5600,0.4400,False,BUY,BUY,EXECUTION_READY,VALID_SIGNAL,HIGH,False,
2026-05-07T17:25:31.446517+00:00,New York,TRANSITIONING,28.02,0.3720,0.000369,0.775060,0.5872,0.484587,0.4128,0.655153,0.290472,0.087142,0.0000,-0.0026,0.602108,0.602108,0.068012,0.0100,False,0.5600,0.4400,False,BUY,BUY,EXECUTION_READY,VALID_SIGNAL,MEDIUM,False,
2026-05-07T17:25:34.632506+00:00,New York,TRANSITIONING,35.69,0.5911,6.807943,0.953575,0.6091,0.558606,0.3909,0.799185,0.394969,0.118491,0.0100,0.0101,0.720695,0.720695,0.180695,0.0100,False,0.5600,0.4400,False,BUY,BUY,EXECUTION_READY,VALID_SIGNAL,HIGH,False,
2026-05-07T17:25:41.826708+00:00,New York,TRANSITIONING,28.02,0.3720,0.000378,0.764297,0.5872,0.482721,0.4128,0.648063,0.281576,0.084473,0.0000,-0.0019,0.598405,0.598405,0.063590,0.0100,False,0.5600,0.4400,False,BUY,BUY,EXECUTION_READY,VALID_SIGNAL,MEDIUM,False,
2026-05-07T17:25:45.025272+00:00,New York,TRANSITIONING,35.69,0.5911,6.981515,0.953587,0.6091,0.558085,0.3909,0.798989,0.395501,0.118650,0.0100,0.0112,0.720339,0.720339,0.180339,0.0100,False,0.5600,0.4400,False,BUY,BUY,EXECUTION_READY,VALID_SIGNAL,HIGH,False,
2026-05-07T17:25:52.588849+00:00,New York,TRANSITIONING,28.02,0.3720,0.000385,0.764297,0.5872,0.535171,0.4128,0.669714,0.229126,0.068738,0.0000,-0.0014,0.636289,0.636289,0.100977,0.0100,False,0.5600,0.4400,False,BUY,BUY,EXECUTION_READY,VALID_SIGNAL,MEDIUM,False,
2026-05-07T17:25:55.456855+00:00,New York,TRANSITIONING,22.63,0.2180,0.000494,0.829391,0.5718,0.499134,0.4282,0.687974,0.330257,0.099077,0.0000,0.0029,0.608480,0.608480,0.088897,0.0100,False,0.5800,0.4200,False,BUY,BUY,EXECUTION_READY,VALID_SIGNAL,MEDIUM,False,
2026-05-07T17:25:58.037309+00:00,New York,RF_NOISE,37.46,0.6416,0.046494,0.569636,0.5500,0.500131,0.4500,0.500000,0.069505,0.000000,0.0000,0.0000,0.500000,0.500000,0.000000,0.0000,False,0.6000,0.4000,False,HOLD,NONE,SCORE_FLOOR,RF_NOISE_ZONE,LOW,False,"RF_NOISE_GATE: rf_prob=0.5001 in [0.42, 0.58]"
2026-05-07T17:26:00.186900+00:00,New York,TRANSITIONING,35.54,0.5867,7.936515,0.991304,0.6087,0.545467,0.3913,0.816836,0.445837,0.133751,0.0100,0.0175,0.723085,0.723085,0.183085,0.0100,False,0.5600,0.4400,False,BUY,BUY,EXECUTION_READY,VALID_SIGNAL,HIGH,False,
2026-05-07T17:26:03.095703+00:00,New York,TRANSITIONING,27.78,0.3652,0.000398,0.767925,0.5865,0.542819,0.4135,0.674848,0.225105,0.067532,0.0000,-0.0003,0.647316,0.647316,0.107316,0.0100,False,0.5600,0.4400,False,BUY,BUY,EXECUTION_READY,VALID_SIGNAL,MEDIUM,False,
2026-05-07T17:26:05.814667+00:00,New York,TRANSITIONING,22.84,0.2241,0.000515,0.687374,0.5724,0.516691,0.4276,0.614392,0.170683,0.051205,0.0000,0.0042,0.584099,0.584099,0.063187,0.0100,False,0.5800,0.4200,False,BUY,BUY,EXECUTION_READY,VALID_SIGNAL,MEDIUM,False,
2026-05-07T17:26:47.380572+00:00,New York,TRANSITIONING,27.50,0.3573,0.000413,0.933486,0.5857,0.561452,0.4143,0.779363,0.372034,0.111610,0.0000,0.0008,0.685276,0.685276,0.167752,0.0100,False,0.5600,0.4400,False,BUY,BUY,EXECUTION_READY,VALID_SIGNAL,HIGH,False,
2026-05-07T17:26:50.008896+00:00,New York,TRANSITIONING,23.06,0.2302,0.000537,0.668365,0.5730,0.518283,0.4270,0.604283,0.150082,0.045025,0.0000,0.0056,0.581590,0.581590,0.059258,0.0100,False,0.5800,0.4200,False,BUY,BUY,EXECUTION_READY,VALID_SIGNAL,MEDIUM,False,
2026-05-07T17:26:52.404588+00:00,New York,TRENDING,37.33,0.6381,0.048851,0.087362,0.6138,0.488588,0.3862,0.242314,0.401226,0.120368,0.0100,-0.0042,0.385213,0.385213,0.137319,0.0100,False,0.5600,0.4400,False,SELL,SELL,EXECUTION_READY,VALID_SIGNAL,MEDIUM,False,
2026-05-07T17:27:14.424400+00:00,New York,TRANSITIONING,35.29,0.5796,8.231515,0.993430,0.6080,0.554908,0.3920,0.821512,0.438522,0.131556,0.0100,0.0194,0.729955,0.729955,0.189955,0.0100,False,0.5600,0.4400,False,BUY,BUY,EXECUTION_READY,VALID_SIGNAL,HIGH,False,
2026-05-07T17:27:24.927076+00:00,New York,TRANSITIONING,27.45,0.3558,0.000416,0.933486,0.5856,0.559514,0.4144,0.778506,0.373972,0.112191,0.0000,0.0010,0.684059,0.684059,0.166314,0.0100,False,0.5600,0.4400,False,BUY,BUY,EXECUTION_READY,VALID_SIGNAL,HIGH,False,
2026-05-17T20:37:21.084396+00:00,London,TRANSITIONING,25.00,0.2857,0.001000,0.700000,0.5786,0.500000,0.4214,0.615714,0.200000,0.060000,-0.0100,-0.0098,0.535882,0.535882,0.055714,0.0100,False,0.6300,0.3700,False,HOLD,BUY,THRESHOLD_CHECK,BELOW_THRESHOLD,LOW,False,HOLD: Final 0.5359 between BUY>0.6300 and SELL<0.3700
2026-05-17T20:37:21.088634+00:00,London,TRANSITIONING,25.00,0.2857,0.001000,0.285714,0.5786,0.500000,0.4214,0.376020,0.214286,0.064286,-0.0100,-0.0098,0.420474,0.420474,0.059694,0.0100,False,0.6300,0.3700,False,HOLD,SELL,THRESHOLD_CHECK,BELOW_THRESHOLD,LOW,False,HOLD: Final 0.4205 between BUY>0.6300 and SELL<0.3700
2026-05-17T20:37:21.088634+00:00,London,RF_NOISE,25.00,0.2857,0.001000,0.439716,0.5500,0.500000,0.4500,0.500000,0.060284,0.000000,0.0000,0.0000,0.500000,0.500000,0.000000,0.0000,False,0.6000,0.4000,False,HOLD,NONE,SCORE_FLOOR,RF_NOISE_ZONE,LOW,False,"RF_NOISE_GATE: rf_prob=0.5000 in [0.4, 0.6]"
2026-05-17T20:37:21.088634+00:00,London,RF_NOISE,25.00,0.2857,0.001000,0.473684,0.5500,0.500000,0.4500,0.500000,0.026316,0.000000,0.0000,0.0000,0.500000,0.500000,0.000000,0.0000,False,0.6000,0.4000,False,HOLD,NONE,SCORE_FLOOR,RF_NOISE_ZONE,LOW,False,"RF_NOISE_GATE: rf_prob=0.5000 in [0.4, 0.6]"
2026-05-17T20:37:21.103198+00:00,London,RF_NOISE,25.00,0.2857,0.001000,0.439716,0.5500,0.500000,0.4500,0.500000,0.060284,0.000000,0.0000,0.0000,0.500000,0.500000,0.000000,0.0000,False,0.6000,0.4000,False,HOLD,NONE,SCORE_FLOOR,RF_NOISE_ZONE,LOW,False,"RF_NOISE_GATE: rf_prob=0.5000 in [0.4, 0.6]"
2026-05-17T20:37:21.104233+00:00,London,RF_NOISE,25.00,0.2857,0.001000,0.435294,0.5500,0.500000,0.4500,0.500000,0.064706,0.000000,0.0000,0.0000,0.500000,0.500000,0.000000,0.0000,False,0.6000,0.4000,False,HOLD,NONE,SCORE_FLOOR,RF_NOISE_ZONE,LOW,False,"RF_NOISE_GATE: rf_prob=0.5000 in [0.4, 0.6]"
2026-05-17T20:37:21.106234+00:00,London,RF_NOISE,25.00,0.2857,0.001000,0.435294,0.5500,0.500000,0.4500,0.500000,0.064706,0.000000,0.0000,0.0000,0.500000,0.500000,0.000000,0.0000,False,0.6000,0.4000,False,HOLD,NONE,SCORE_FLOOR,RF_NOISE_ZONE,LOW,False,"RF_NOISE_GATE: rf_prob=0.5000 in [0.4, 0.6]"
2026-05-17T20:37:21.107428+00:00,London,RF_NOISE,25.00,0.2857,0.001000,0.439716,0.5500,0.500000,0.4500,0.500000,0.060284,0.000000,0.0000,0.0000,0.500000,0.500000,0.000000,0.0000,False,0.6000,0.4000,False,HOLD,NONE,SCORE_FLOOR,RF_NOISE_ZONE,LOW,False,"RF_NOISE_GATE: rf_prob=0.5000 in [0.4, 0.6]"
2026-05-17T20:37:21.107428+00:00,London,RF_NOISE,25.00,0.2857,0.001000,0.439716,0.5500,0.500000,0.4500,0.500000,0.060284,0.000000,0.0000,0.0000,0.500000,0.500000,0.000000,0.0000,False,0.6000,0.4000,False,HOLD,NONE,SCORE_FLOOR,RF_NOISE_ZONE,LOW,False,"RF_NOISE_GATE: rf_prob=0.5000 in [0.4, 0.6]"
2026-05-17T20:37:21.107428+00:00,London,RF_NOISE,25.00,0.2857,0.001000,0.439716,0.5500,0.500000,0.4500,0.500000,0.060284,0.000000,0.0000,0.0000,0.500000,0.500000,0.000000,0.0000,False,0.6000,0.4000,False,HOLD,NONE,SCORE_FLOOR,RF_NOISE_ZONE,LOW,False,"RF_NOISE_GATE: rf_prob=0.5000 in [0.4, 0.6]"
2026-05-17T20:37:21.107428+00:00,London,RF_NOISE,25.00,0.2857,0.001000,0.473684,0.5500,0.500000,0.4500,0.500000,0.026316,0.000000,0.0000,0.0000,0.500000,0.500000,0.000000,0.0000,False,0.6000,0.4000,False,HOLD,NONE,SCORE_FLOOR,RF_NOISE_ZONE,LOW,False,"RF_NOISE_GATE: rf_prob=0.5000 in [0.4, 0.6]"
2026-05-17T20:37:21.107428+00:00,London,RF_NOISE,25.00,0.2857,0.001000,0.439716,0.5500,0.500000,0.4500,0.500000,0.060284,0.000000,0.0000,0.0000,0.500000,0.500000,0.000000,0.0000,False,0.6000,0.4000,False,HOLD,NONE,SCORE_FLOOR,RF_NOISE_ZONE,LOW,False,"RF_NOISE_GATE: rf_prob=0.5000 in [0.4, 0.6]"
2026-05-17T20:37:21.107428+00:00,London,RF_NOISE,25.00,0.2857,0.001000,0.439716,0.5500,0.500000,0.4500,0.500000,0.060284,0.000000,0.0000,0.0000,0.500000,0.500000,0.000000,0.0000,False,0.6000,0.4000,False,HOLD,NONE,SCORE_FLOOR,RF_NOISE_ZONE,LOW,False,"RF_NOISE_GATE: rf_prob=0.5000 in [0.4, 0.6]"
2026-05-17T20:37:21.114788+00:00,London,RF_NOISE,25.00,0.2857,0.001000,0.439716,0.5500,0.500000,0.4500,0.500000,0.060284,0.000000,0.0000,0.0000,0.500000,0.500000,0.000000,0.0000,False,0.6000,0.4000,False,HOLD,NONE,SCORE_FLOOR,RF_NOISE_ZONE,LOW,False,"RF_NOISE_GATE: rf_prob=0.5000 in [0.4, 0.6]"
2026-05-17T20:37:21.115518+00:00,London,RF_NOISE,25.00,0.2857,0.001000,0.439716,0.5500,0.500000,0.4500,0.500000,0.060284,0.000000,0.0000,0.0000,0.500000,0.500000,0.000000,0.0000,False,0.6000,0.4000,False,HOLD,NONE,SCORE_FLOOR,RF_NOISE_ZONE,LOW,False,"RF_NOISE_GATE: rf_prob=0.5000 in [0.4, 0.6]"
2026-05-17T20:37:21.116941+00:00,London,RF_NOISE,25.00,0.2857,0.001000,0.435294,0.5500,0.500000,0.4500,0.500000,0.064706,0.000000,0.0000,0.0000,0.500000,0.500000,0.000000,0.0000,False,0.6000,0.4000,False,HOLD,NONE,SCORE_FLOOR,RF_NOISE_ZONE,LOW,False,"RF_NOISE_GATE: rf_prob=0.5000 in [0.4, 0.6]"
2026-05-17T20:37:21.118917+00:00,London,RF_NOISE,25.00,0.2857,0.001000,0.473684,0.5500,0.500000,0.4500,0.500000,0.026316,0.000000,0.0000,0.0000,0.500000,0.500000,0.000000,0.0000,False,0.6000,0.4000,False,HOLD,NONE,SCORE_FLOOR,RF_NOISE_ZONE,LOW,False,"RF_NOISE_GATE: rf_prob=0.5000 in [0.4, 0.6]"
2026-05-17T20:37:21.120682+00:00,London,RF_NOISE,25.00,0.2857,0.001000,0.439716,0.5500,0.500000,0.4500,0.500000,0.060284,0.000000,0.0000,0.0000,0.500000,0.500000,0.000000,0.0000,False,0.6000,0.4000,False,HOLD,NONE,SCORE_FLOOR,RF_NOISE_ZONE,LOW,False,"RF_NOISE_GATE: rf_prob=0.5000 in [0.4, 0.6]"
2026-05-17T20:37:21.123383+00:00,London,TRANSITIONING,25.00,0.2857,0.001000,0.285714,0.5786,0.500000,0.4214,0.376020,0.214286,0.064286,-0.0100,-0.0098,0.420474,0.420474,0.059694,0.0100,False,0.6300,0.3700,False,HOLD,SELL,THRESHOLD_CHECK,BELOW_THRESHOLD,LOW,False,HOLD: Final 0.4205 between BUY>0.6300 and SELL<0.3700
2026-05-17T20:37:21.123383+00:00,London,RF_NOISE,25.00,0.2857,0.001000,0.439716,0.5500,0.500000,0.4500,0.500000,0.060284,0.000000,0.0000,0.0000,0.500000,0.500000,0.000000,0.0000,False,0.6000,0.4000,False,HOLD,NONE,SCORE_FLOOR,RF_NOISE_ZONE,LOW,False,"RF_NOISE_GATE: rf_prob=0.5000 in [0.4, 0.6]"
2026-05-17T20:37:21.123383+00:00,London,RF_NOISE,25.00,0.2857,0.001000,0.439716,0.5500,0.500000,0.4500,0.500000,0.060284,0.000000,0.0000,0.0000,0.500000,0.500000,0.000000,0.0000,False,0.6000,0.4000,False,HOLD,NONE,SCORE_FLOOR,RF_NOISE_ZONE,LOW,False,"RF_NOISE_GATE: rf_prob=0.5000 in [0.4, 0.6]"
2026-05-17T20:37:21.127839+00:00,London,RF_NOISE,25.00,0.2857,0.001000,0.439716,0.5500,0.500000,0.4500,0.500000,0.060284,0.000000,0.0000,0.0000,0.500000,0.500000,0.000000,0.0000,False,0.6000,0.4000,False,HOLD,NONE,SCORE_FLOOR,RF_NOISE_ZONE,LOW,False,"RF_NOISE_GATE: rf_prob=0.5000 in [0.4, 0.6]"
2026-05-17T20:37:21.129548+00:00,London,RF_NOISE,25.00,0.2857,0.001000,0.473684,0.5500,0.500000,0.4500,0.500000,0.026316,0.000000,0.0000,0.0000,0.500000,0.500000,0.000000,0.0000,False,0.6000,0.4000,False,HOLD,NONE,SCORE_FLOOR,RF_NOISE_ZONE,LOW,False,"RF_NOISE_GATE: rf_prob=0.5000 in [0.4, 0.6]"
2026-05-17T20:37:21.139568+00:00,London,TRANSITIONING,25.00,0.2857,0.001000,0.285714,0.5786,0.500000,0.4214,0.376020,0.214286,0.064286,-0.0100,-0.0098,0.420474,0.420474,0.059694,0.0100,False,0.6300,0.3700,False,HOLD,SELL,THRESHOLD_CHECK,BELOW_THRESHOLD,LOW,False,HOLD: Final 0.4205 between BUY>0.6300 and SELL<0.3700
2026-05-17T20:37:21.139568+00:00,London,RF_NOISE,25.00,0.2857,0.001000,0.439716,0.5500,0.500000,0.4500,0.500000,0.060284,0.000000,0.0000,0.0000,0.500000,0.500000,0.000000,0.0000,False,0.6000,0.4000,False,HOLD,NONE,SCORE_FLOOR,RF_NOISE_ZONE,LOW,False,"RF_NOISE_GATE: rf_prob=0.5000 in [0.4, 0.6]"
2026-05-17T20:37:21.148115+00:00,London,RF_NOISE,25.00,0.2857,0.001000,0.473684,0.5500,0.500000,0.4500,0.500000,0.026316,0.000000,0.0000,0.0000,0.500000,0.500000,0.000000,0.0000,False,0.6000,0.4000,False,HOLD,NONE,SCORE_FLOOR,RF_NOISE_ZONE,LOW,False,"RF_NOISE_GATE: rf_prob=0.5000 in [0.4, 0.6]"
2026-05-17T20:37:21.149253+00:00,London,RF_NOISE,25.00,0.2857,0.001000,0.439716,0.5500,0.500000,0.4500,0.500000,0.060284,0.000000,0.0000,0.0000,0.500000,0.500000,0.000000,0.0000,False,0.6000,0.4000,False,HOLD,NONE,SCORE_FLOOR,RF_NOISE_ZONE,LOW,False,"RF_NOISE_GATE: rf_prob=0.5000 in [0.4, 0.6]"
2026-05-17T20:37:21.151260+00:00,London,RF_NOISE,25.00,0.2857,0.001000,0.439716,0.5500,0.500000,0.4500,0.500000,0.060284,0.000000,0.0000,0.0000,0.500000,0.500000,0.000000,0.0000,False,0.6000,0.4000,False,HOLD,NONE,SCORE_FLOOR,RF_NOISE_ZONE,LOW,False,"RF_NOISE_GATE: rf_prob=0.5000 in [0.4, 0.6]"
2026-05-17T20:41:22.077404+00:00,London,TRANSITIONING,25.00,0.2857,0.001000,0.700000,0.5786,0.500000,0.4214,0.615714,0.200000,0.060000,-0.0100,-0.0098,0.535882,0.535882,0.055714,0.0100,False,0.6300,0.3700,False,HOLD,BUY,THRESHOLD_CHECK,BELOW_THRESHOLD,LOW,False,HOLD: Final 0.5359 between BUY>0.6300 and SELL<0.3700
2026-05-17T20:41:22.080615+00:00,London,TRANSITIONING,25.00,0.2857,0.001000,0.285714,0.5786,0.500000,0.4214,0.376020,0.214286,0.064286,-0.0100,-0.0098,0.420474,0.420474,0.059694,0.0100,False,0.6300,0.3700,False,HOLD,SELL,THRESHOLD_CHECK,BELOW_THRESHOLD,LOW,False,HOLD: Final 0.4205 between BUY>0.6300 and SELL<0.3700
2026-05-17T20:41:22.080615+00:00,London,RF_NOISE,25.00,0.2857,0.001000,0.439716,0.5500,0.500000,0.4500,0.500000,0.060284,0.000000,0.0000,0.0000,0.500000,0.500000,0.000000,0.0000,False,0.6000,0.4000,False,HOLD,NONE,SCORE_FLOOR,RF_NOISE_ZONE,LOW,False,"RF_NOISE_GATE: rf_prob=0.5000 in [0.4, 0.6]"
2026-05-17T20:41:22.093801+00:00,London,RF_NOISE,25.00,0.2857,0.001000,0.473684,0.5500,0.500000,0.4500,0.500000,0.026316,0.000000,0.0000,0.0000,0.500000,0.500000,0.000000,0.0000,False,0.6000,0.4000,False,HOLD,NONE,SCORE_FLOOR,RF_NOISE_ZONE,LOW,False,"RF_NOISE_GATE: rf_prob=0.5000 in [0.4, 0.6]"
2026-05-17T20:41:22.093801+00:00,London,RF_NOISE,25.00,0.2857,0.001000,0.439716,0.5500,0.500000,0.4500,0.500000,0.060284,0.000000,0.0000,0.0000,0.500000,0.500000,0.000000,0.0000,False,0.6000,0.4000,False,HOLD,NONE,SCORE_FLOOR,RF_NOISE_ZONE,LOW,False,"RF_NOISE_GATE: rf_prob=0.5000 in [0.4, 0.6]"
2026-05-17T20:41:22.093801+00:00,London,RF_NOISE,25.00,0.2857,0.001000,0.435294,0.5500,0.500000,0.4500,0.500000,0.064706,0.000000,0.0000,0.0000,0.500000,0.500000,0.000000,0.0000,False,0.6000,0.4000,False,HOLD,NONE,SCORE_FLOOR,RF_NOISE_ZONE,LOW,False,"RF_NOISE_GATE: rf_prob=0.5000 in [0.4, 0.6]"
2026-05-17T20:41:22.093801+00:00,London,RF_NOISE,25.00,0.2857,0.001000,0.435294,0.5500,0.500000,0.4500,0.500000,0.064706,0.000000,0.0000,0.0000,0.500000,0.500000,0.000000,0.0000,False,0.6000,0.4000,False,HOLD,NONE,SCORE_FLOOR,RF_NOISE_ZONE,LOW,False,"RF_NOISE_GATE: rf_prob=0.5000 in [0.4, 0.6]"
2026-05-17T20:41:22.093801+00:00,London,RF_NOISE,25.00,0.2857,0.001000,0.439716,0.5500,0.500000,0.4500,0.500000,0.060284,0.000000,0.0000,0.0000,0.500000,0.500000,0.000000,0.0000,False,0.6000,0.4000,False,HOLD,NONE,SCORE_FLOOR,RF_NOISE_ZONE,LOW,False,"RF_NOISE_GATE: rf_prob=0.5000 in [0.4, 0.6]"
2026-05-17T20:41:22.093801+00:00,London,RF_NOISE,25.00,0.2857,0.001000,0.439716,0.5500,0.500000,0.4500,0.500000,0.060284,0.000000,0.0000,0.0000,0.500000,0.500000,0.000000,0.0000,False,0.6000,0.4000,False,HOLD,NONE,SCORE_FLOOR,RF_NOISE_ZONE,LOW,False,"RF_NOISE_GATE: rf_prob=0.5000 in [0.4, 0.6]"
2026-05-17T20:41:22.093801+00:00,London,RF_NOISE,25.00,0.2857,0.001000,0.439716,0.5500,0.500000,0.4500,0.500000,0.060284,0.000000,0.0000,0.0000,0.500000,0.500000,0.000000,0.0000,False,0.6000,0.4000,False,HOLD,NONE,SCORE_FLOOR,RF_NOISE_ZONE,LOW,False,"RF_NOISE_GATE: rf_prob=0.5000 in [0.4, 0.6]"
2026-05-17T20:41:22.093801+00:00,London,RF_NOISE,25.00,0.2857,0.001000,0.473684,0.5500,0.500000,0.4500,0.500000,0.026316,0.000000,0.0000,0.0000,0.500000,0.500000,0.000000,0.0000,False,0.6000,0.4000,False,HOLD,NONE,SCORE_FLOOR,RF_NOISE_ZONE,LOW,False,"RF_NOISE_GATE: rf_prob=0.5000 in [0.4, 0.6]"
2026-05-17T20:41:22.093801+00:00,London,RF_NOISE,25.00,0.2857,0.001000,0.439716,0.5500,0.500000,0.4500,0.500000,0.060284,0.000000,0.0000,0.0000,0.500000,0.500000,0.000000,0.0000,False,0.6000,0.4000,False,HOLD,NONE,SCORE_FLOOR,RF_NOISE_ZONE,LOW,False,"RF_NOISE_GATE: rf_prob=0.5000 in [0.4, 0.6]"
2026-05-17T20:41:22.093801+00:00,London,RF_NOISE,25.00,0.2857,0.001000,0.439716,0.5500,0.500000,0.4500,0.500000,0.060284,0.000000,0.0000,0.0000,0.500000,0.500000,0.000000,0.0000,False,0.6000,0.4000,False,HOLD,NONE,SCORE_FLOOR,RF_NOISE_ZONE,LOW,False,"RF_NOISE_GATE: rf_prob=0.5000 in [0.4, 0.6]"
2026-05-17T20:41:22.108932+00:00,London,RF_NOISE,25.00,0.2857,0.001000,0.439716,0.5500,0.500000,0.4500,0.500000,0.060284,0.000000,0.0000,0.0000,0.500000,0.500000,0.000000,0.0000,False,0.6000,0.4000,False,HOLD,NONE,SCORE_FLOOR,RF_NOISE_ZONE,LOW,False,"RF_NOISE_GATE: rf_prob=0.5000 in [0.4, 0.6]"
2026-05-17T20:41:22.110488+00:00,London,RF_NOISE,25.00,0.2857,0.001000,0.439716,0.5500,0.500000,0.4500,0.500000,0.060284,0.000000,0.0000,0.0000,0.500000,0.500000,0.000000,0.0000,False,0.6000,0.4000,False,HOLD,NONE,SCORE_FLOOR,RF_NOISE_ZONE,LOW,False,"RF_NOISE_GATE: rf_prob=0.5000 in [0.4, 0.6]"
2026-05-17T20:41:22.110488+00:00,London,RF_NOISE,25.00,0.2857,0.001000,0.435294,0.5500,0.500000,0.4500,0.500000,0.064706,0.000000,0.0000,0.0000,0.500000,0.500000,0.000000,0.0000,False,0.6000,0.4000,False,HOLD,NONE,SCORE_FLOOR,RF_NOISE_ZONE,LOW,False,"RF_NOISE_GATE: rf_prob=0.5000 in [0.4, 0.6]"
2026-05-17T20:41:22.110488+00:00,London,RF_NOISE,25.00,0.2857,0.001000,0.473684,0.5500,0.500000,0.4500,0.500000,0.026316,0.000000,0.0000,0.0000,0.500000,0.500000,0.000000,0.0000,False,0.6000,0.4000,False,HOLD,NONE,SCORE_FLOOR,RF_NOISE_ZONE,LOW,False,"RF_NOISE_GATE: rf_prob=0.5000 in [0.4, 0.6]"
2026-05-17T20:41:22.110488+00:00,London,RF_NOISE,25.00,0.2857,0.001000,0.439716,0.5500,0.500000,0.4500,0.500000,0.060284,0.000000,0.0000,0.0000,0.500000,0.500000,0.000000,0.0000,False,0.6000,0.4000,False,HOLD,NONE,SCORE_FLOOR,RF_NOISE_ZONE,LOW,False,"RF_NOISE_GATE: rf_prob=0.5000 in [0.4, 0.6]"
2026-05-17T20:41:22.110488+00:00,London,TRANSITIONING,25.00,0.2857,0.001000,0.285714,0.5786,0.500000,0.4214,0.376020,0.214286,0.064286,-0.0100,-0.0098,0.420474,0.420474,0.059694,0.0100,False,0.6300,0.3700,False,HOLD,SELL,THRESHOLD_CHECK,BELOW_THRESHOLD,LOW,False,HOLD: Final 0.4205 between BUY>0.6300 and SELL<0.3700
2026-05-17T20:41:22.110488+00:00,London,RF_NOISE,25.00,0.2857,0.001000,0.439716,0.5500,0.500000,0.4500,0.500000,0.060284,0.000000,0.0000,0.0000,0.500000,0.500000,0.000000,0.0000,False,0.6000,0.4000,False,HOLD,NONE,SCORE_FLOOR,RF_NOISE_ZONE,LOW,False,"RF_NOISE_GATE: rf_prob=0.5000 in [0.4, 0.6]"
2026-05-17T20:41:22.110488+00:00,London,RF_NOISE,25.00,0.2857,0.001000,0.439716,0.5500,0.500000,0.4500,0.500000,0.060284,0.000000,0.0000,0.0000,0.500000,0.500000,0.000000,0.0000,False,0.6000,0.4000,False,HOLD,NONE,SCORE_FLOOR,RF_NOISE_ZONE,LOW,False,"RF_NOISE_GATE: rf_prob=0.5000 in [0.4, 0.6]"
2026-05-17T20:41:22.110488+00:00,London,RF_NOISE,25.00,0.2857,0.001000,0.439716,0.5500,0.500000,0.4500,0.500000,0.060284,0.000000,0.0000,0.0000,0.500000,0.500000,0.000000,0.0000,False,0.6000,0.4000,False,HOLD,NONE,SCORE_FLOOR,RF_NOISE_ZONE,LOW,False,"RF_NOISE_GATE: rf_prob=0.5000 in [0.4, 0.6]"
2026-05-17T20:41:22.110488+00:00,London,RF_NOISE,25.00,0.2857,0.001000,0.473684,0.5500,0.500000,0.4500,0.500000,0.026316,0.000000,0.0000,0.0000,0.500000,0.500000,0.000000,0.0000,False,0.6000,0.4000,False,HOLD,NONE,SCORE_FLOOR,RF_NOISE_ZONE,LOW,False,"RF_NOISE_GATE: rf_prob=0.5000 in [0.4, 0.6]"
2026-05-17T20:41:22.127445+00:00,London,TRANSITIONING,25.00,0.2857,0.001000,0.285714,0.5786,0.500000,0.4214,0.376020,0.214286,0.064286,-0.0100,-0.0098,0.420474,0.420474,0.059694,0.0100,False,0.6300,0.3700,False,HOLD,SELL,THRESHOLD_CHECK,BELOW_THRESHOLD,LOW,False,HOLD: Final 0.4205 between BUY>0.6300 and SELL<0.3700
2026-05-17T20:41:22.127445+00:00,London,RF_NOISE,25.00,0.2857,0.001000,0.439716,0.5500,0.500000,0.4500,0.500000,0.060284,0.000000,0.0000,0.0000,0.500000,0.500000,0.000000,0.0000,False,0.6000,0.4000,False,HOLD,NONE,SCORE_FLOOR,RF_NOISE_ZONE,LOW,False,"RF_NOISE_GATE: rf_prob=0.5000 in [0.4, 0.6]"
2026-05-17T20:41:22.127445+00:00,London,RF_NOISE,25.00,0.2857,0.001000,0.473684,0.5500,0.500000,0.4500,0.500000,0.026316,0.000000,0.0000,0.0000,0.500000,0.500000,0.000000,0.0000,False,0.6000,0.4000,False,HOLD,NONE,SCORE_FLOOR,RF_NOISE_ZONE,LOW,False,"RF_NOISE_GATE: rf_prob=0.5000 in [0.4, 0.6]"
2026-05-17T20:41:22.127445+00:00,London,RF_NOISE,25.00,0.2857,0.001000,0.439716,0.5500,0.500000,0.4500,0.500000,0.060284,0.000000,0.0000,0.0000,0.500000,0.500000,0.000000,0.0000,False,0.6000,0.4000,False,HOLD,NONE,SCORE_FLOOR,RF_NOISE_ZONE,LOW,False,"RF_NOISE_GATE: rf_prob=0.5000 in [0.4, 0.6]"
2026-05-17T20:41:22.142486+00:00,London,RF_NOISE,25.00,0.2857,0.001000,0.439716,0.5500,0.500000,0.4500,0.500000,0.060284,0.000000,0.0000,0.0000,0.500000,0.500000,0.000000,0.0000,False,0.6000,0.4000,False,HOLD,NONE,SCORE_FLOOR,RF_NOISE_ZONE,LOW,False,"RF_NOISE_GATE: rf_prob=0.5000 in [0.4, 0.6]"
2026-05-17T20:46:32.107896+00:00,London,TRANSITIONING,25.00,0.2857,0.001000,0.700000,0.5786,0.500000,0.4214,0.615714,0.200000,0.060000,-0.0100,-0.0098,0.535882,0.535882,0.055714,0.0100,False,0.6300,0.3700,False,HOLD,BUY,THRESHOLD_CHECK,BELOW_THRESHOLD,LOW,False,HOLD: Final 0.5359 between BUY>0.6300 and SELL<0.3700
2026-05-17T20:46:32.111917+00:00,London,TRANSITIONING,25.00,0.2857,0.001000,0.285714,0.5786,0.500000,0.4214,0.376020,0.214286,0.064286,-0.0100,-0.0098,0.420474,0.420474,0.059694,0.0100,False,0.6300,0.3700,False,HOLD,SELL,THRESHOLD_CHECK,BELOW_THRESHOLD,LOW,False,HOLD: Final 0.4205 between BUY>0.6300 and SELL<0.3700
2026-05-17T20:46:32.114726+00:00,London,RF_NOISE,25.00,0.2857,0.001000,0.439716,0.5500,0.500000,0.4500,0.500000,0.060284,0.000000,0.0000,0.0000,0.500000,0.500000,0.000000,0.0000,False,0.6000,0.4000,False,HOLD,NONE,SCORE_FLOOR,RF_NOISE_ZONE,LOW,False,"RF_NOISE_GATE: rf_prob=0.5000 in [0.4, 0.6]"
2026-05-17T20:46:32.126327+00:00,London,RF_NOISE,25.00,0.2857,0.001000,0.473684,0.5500,0.500000,0.4500,0.500000,0.026316,0.000000,0.0000,0.0000,0.500000,0.500000,0.000000,0.0000,False,0.6000,0.4000,False,HOLD,NONE,SCORE_FLOOR,RF_NOISE_ZONE,LOW,False,"RF_NOISE_GATE: rf_prob=0.5000 in [0.4, 0.6]"
2026-05-17T20:46:32.127435+00:00,London,RF_NOISE,25.00,0.2857,0.001000,0.439716,0.5500,0.500000,0.4500,0.500000,0.060284,0.000000,0.0000,0.0000,0.500000,0.500000,0.000000,0.0000,False,0.6000,0.4000,False,HOLD,NONE,SCORE_FLOOR,RF_NOISE_ZONE,LOW,False,"RF_NOISE_GATE: rf_prob=0.5000 in [0.4, 0.6]"
2026-05-17T20:46:32.128433+00:00,London,RF_NOISE,25.00,0.2857,0.001000,0.435294,0.5500,0.500000,0.4500,0.500000,0.064706,0.000000,0.0000,0.0000,0.500000,0.500000,0.000000,0.0000,False,0.6000,0.4000,False,HOLD,NONE,SCORE_FLOOR,RF_NOISE_ZONE,LOW,False,"RF_NOISE_GATE: rf_prob=0.5000 in [0.4, 0.6]"
2026-05-17T20:46:32.129922+00:00,London,RF_NOISE,25.00,0.2857,0.001000,0.435294,0.5500,0.500000,0.4500,0.500000,0.064706,0.000000,0.0000,0.0000,0.500000,0.500000,0.000000,0.0000,False,0.6000,0.4000,False,HOLD,NONE,SCORE_FLOOR,RF_NOISE_ZONE,LOW,False,"RF_NOISE_GATE: rf_prob=0.5000 in [0.4, 0.6]"
2026-05-17T20:46:32.130920+00:00,London,RF_NOISE,25.00,0.2857,0.001000,0.439716,0.5500,0.500000,0.4500,0.500000,0.060284,0.000000,0.0000,0.0000,0.500000,0.500000,0.000000,0.0000,False,0.6000,0.4000,False,HOLD,NONE,SCORE_FLOOR,RF_NOISE_ZONE,LOW,False,"RF_NOISE_GATE: rf_prob=0.5000 in [0.4, 0.6]"
2026-05-17T20:46:32.131946+00:00,London,RF_NOISE,25.00,0.2857,0.001000,0.439716,0.5500,0.500000,0.4500,0.500000,0.060284,0.000000,0.0000,0.0000,0.500000,0.500000,0.000000,0.0000,False,0.6000,0.4000,False,HOLD,NONE,SCORE_FLOOR,RF_NOISE_ZONE,LOW,False,"RF_NOISE_GATE: rf_prob=0.5000 in [0.4, 0.6]"
2026-05-17T20:46:32.134225+00:00,London,RF_NOISE,25.00,0.2857,0.001000,0.439716,0.5500,0.500000,0.4500,0.500000,0.060284,0.000000,0.0000,0.0000,0.500000,0.500000,0.000000,0.0000,False,0.6000,0.4000,False,HOLD,NONE,SCORE_FLOOR,RF_NOISE_ZONE,LOW,False,"RF_NOISE_GATE: rf_prob=0.5000 in [0.4, 0.6]"
2026-05-17T20:46:32.165715+00:00,London,RF_NOISE,25.00,0.2857,0.001000,0.473684,0.5500,0.500000,0.4500,0.500000,0.026316,0.000000,0.0000,0.0000,0.500000,0.500000,0.000000,0.0000,False,0.6000,0.4000,False,HOLD,NONE,SCORE_FLOOR,RF_NOISE_ZONE,LOW,False,"RF_NOISE_GATE: rf_prob=0.5000 in [0.4, 0.6]"
2026-05-17T20:46:32.168752+00:00,London,RF_NOISE,25.00,0.2857,0.001000,0.439716,0.5500,0.500000,0.4500,0.500000,0.060284,0.000000,0.0000,0.0000,0.500000,0.500000,0.000000,0.0000,False,0.6000,0.4000,False,HOLD,NONE,SCORE_FLOOR,RF_NOISE_ZONE,LOW,False,"RF_NOISE_GATE: rf_prob=0.5000 in [0.4, 0.6]"
2026-05-17T20:46:32.171327+00:00,London,RF_NOISE,25.00,0.2857,0.001000,0.439716,0.5500,0.500000,0.4500,0.500000,0.060284,0.000000,0.0000,0.0000,0.500000,0.500000,0.000000,0.0000,False,0.6000,0.4000,False,HOLD,NONE,SCORE_FLOOR,RF_NOISE_ZONE,LOW,False,"RF_NOISE_GATE: rf_prob=0.5000 in [0.4, 0.6]"
2026-05-17T20:46:32.172323+00:00,London,RF_NOISE,25.00,0.2857,0.001000,0.439716,0.5500,0.500000,0.4500,0.500000,0.060284,0.000000,0.0000,0.0000,0.500000,0.500000,0.000000,0.0000,False,0.6000,0.4000,False,HOLD,NONE,SCORE_FLOOR,RF_NOISE_ZONE,LOW,False,"RF_NOISE_GATE: rf_prob=0.5000 in [0.4, 0.6]"
2026-05-17T20:46:32.173454+00:00,London,RF_NOISE,25.00,0.2857,0.001000,0.439716,0.5500,0.500000,0.4500,0.500000,0.060284,0.000000,0.0000,0.0000,0.500000,0.500000,0.000000,0.0000,False,0.6000,0.4000,False,HOLD,NONE,SCORE_FLOOR,RF_NOISE_ZONE,LOW,False,"RF_NOISE_GATE: rf_prob=0.5000 in [0.4, 0.6]"
2026-05-17T20:46:32.174452+00:00,London,RF_NOISE,25.00,0.2857,0.001000,0.435294,0.5500,0.500000,0.4500,0.500000,0.064706,0.000000,0.0000,0.0000,0.500000,0.500000,0.000000,0.0000,False,0.6000,0.4000,False,HOLD,NONE,SCORE_FLOOR,RF_NOISE_ZONE,LOW,False,"RF_NOISE_GATE: rf_prob=0.5000 in [0.4, 0.6]"
2026-05-17T20:46:32.175281+00:00,London,RF_NOISE,25.00,0.2857,0.001000,0.473684,0.5500,0.500000,0.4500,0.500000,0.026316,0.000000,0.0000,0.0000,0.500000,0.500000,0.000000,0.0000,False,0.6000,0.4000,False,HOLD,NONE,SCORE_FLOOR,RF_NOISE_ZONE,LOW,False,"RF_NOISE_GATE: rf_prob=0.5000 in [0.4, 0.6]"
2026-05-17T20:46:32.177275+00:00,London,RF_NOISE,25.00,0.2857,0.001000,0.439716,0.5500,0.500000,0.4500,0.500000,0.060284,0.000000,0.0000,0.0000,0.500000,0.500000,0.000000,0.0000,False,0.6000,0.4000,False,HOLD,NONE,SCORE_FLOOR,RF_NOISE_ZONE,LOW,False,"RF_NOISE_GATE: rf_prob=0.5000 in [0.4, 0.6]"
2026-05-17T20:46:32.177275+00:00,London,TRANSITIONING,25.00,0.2857,0.001000,0.285714,0.5786,0.500000,0.4214,0.376020,0.214286,0.064286,-0.0100,-0.0098,0.420474,0.420474,0.059694,0.0100,False,0.6300,0.3700,False,HOLD,SELL,THRESHOLD_CHECK,BELOW_THRESHOLD,LOW,False,HOLD: Final 0.4205 between BUY>0.6300 and SELL<0.3700
2026-05-17T20:46:32.180498+00:00,London,RF_NOISE,25.00,0.2857,0.001000,0.439716,0.5500,0.500000,0.4500,0.500000,0.060284,0.000000,0.0000,0.0000,0.500000,0.500000,0.000000,0.0000,False,0.6000,0.4000,False,HOLD,NONE,SCORE_FLOOR,RF_NOISE_ZONE,LOW,False,"RF_NOISE_GATE: rf_prob=0.5000 in [0.4, 0.6]"
2026-05-17T20:46:32.181646+00:00,London,RF_NOISE,25.00,0.2857,0.001000,0.439716,0.5500,0.500000,0.4500,0.500000,0.060284,0.000000,0.0000,0.0000,0.500000,0.500000,0.000000,0.0000,False,0.6000,0.4000,False,HOLD,NONE,SCORE_FLOOR,RF_NOISE_ZONE,LOW,False,"RF_NOISE_GATE: rf_prob=0.5000 in [0.4, 0.6]"
2026-05-17T20:46:32.183066+00:00,London,RF_NOISE,25.00,0.2857,0.001000,0.439716,0.5500,0.500000,0.4500,0.500000,0.060284,0.000000,0.0000,0.0000,0.500000,0.500000,0.000000,0.0000,False,0.6000,0.4000,False,HOLD,NONE,SCORE_FLOOR,RF_NOISE_ZONE,LOW,False,"RF_NOISE_GATE: rf_prob=0.5000 in [0.4, 0.6]"
2026-05-17T20:46:32.184084+00:00,London,RF_NOISE,25.00,0.2857,0.001000,0.473684,0.5500,0.500000,0.4500,0.500000,0.026316,0.000000,0.0000,0.0000,0.500000,0.500000,0.000000,0.0000,False,0.6000,0.4000,False,HOLD,NONE,SCORE_FLOOR,RF_NOISE_ZONE,LOW,False,"RF_NOISE_GATE: rf_prob=0.5000 in [0.4, 0.6]"
2026-05-17T20:46:32.191815+00:00,London,TRANSITIONING,25.00,0.2857,0.001000,0.285714,0.5786,0.500000,0.4214,0.376020,0.214286,0.064286,-0.0100,-0.0098,0.420474,0.420474,0.059694,0.0100,False,0.6300,0.3700,False,HOLD,SELL,THRESHOLD_CHECK,BELOW_THRESHOLD,LOW,False,HOLD: Final 0.4205 between BUY>0.6300 and SELL<0.3700
2026-05-17T20:46:32.191815+00:00,London,RF_NOISE,25.00,0.2857,0.001000,0.439716,0.5500,0.500000,0.4500,0.500000,0.060284,0.000000,0.0000,0.0000,0.500000,0.500000,0.000000,0.0000,False,0.6000,0.4000,False,HOLD,NONE,SCORE_FLOOR,RF_NOISE_ZONE,LOW,False,"RF_NOISE_GATE: rf_prob=0.5000 in [0.4, 0.6]"
2026-05-17T20:46:32.203689+00:00,London,RF_NOISE,25.00,0.2857,0.001000,0.473684,0.5500,0.500000,0.4500,0.500000,0.026316,0.000000,0.0000,0.0000,0.500000,0.500000,0.000000,0.0000,False,0.6000,0.4000,False,HOLD,NONE,SCORE_FLOOR,RF_NOISE_ZONE,LOW,False,"RF_NOISE_GATE: rf_prob=0.5000 in [0.4, 0.6]"
2026-05-17T20:46:32.203689+00:00,London,RF_NOISE,25.00,0.2857,0.001000,0.439716,0.5500,0.500000,0.4500,0.500000,0.060284,0.000000,0.0000,0.0000,0.500000,0.500000,0.000000,0.0000,False,0.6000,0.4000,False,HOLD,NONE,SCORE_FLOOR,RF_NOISE_ZONE,LOW,False,"RF_NOISE_GATE: rf_prob=0.5000 in [0.4, 0.6]"
2026-05-17T20:46:32.203689+00:00,London,RF_NOISE,25.00,0.2857,0.001000,0.439716,0.5500,0.500000,0.4500,0.500000,0.060284,0.000000,0.0000,0.0000,0.500000,0.500000,0.000000,0.0000,False,0.6000,0.4000,False,HOLD,NONE,SCORE_FLOOR,RF_NOISE_ZONE,LOW,False,"RF_NOISE_GATE: rf_prob=0.5000 in [0.4, 0.6]"
2026-05-17T20:56:30.659467+00:00,London,TRANSITIONING,25.00,0.2857,0.001000,0.700000,0.5786,0.500000,0.4214,0.615714,0.200000,0.060000,-0.0100,-0.0098,0.535882,0.535882,0.055714,0.0100,False,0.6300,0.3700,False,HOLD,BUY,THRESHOLD_CHECK,BELOW_THRESHOLD,LOW,False,HOLD: Final 0.5359 between BUY>0.6300 and SELL<0.3700
2026-05-17T20:56:30.662459+00:00,London,TRANSITIONING,25.00,0.2857,0.001000,0.285714,0.5786,0.500000,0.4214,0.376020,0.214286,0.064286,-0.0100,-0.0098,0.420474,0.420474,0.059694,0.0100,False,0.6300,0.3700,False,HOLD,SELL,THRESHOLD_CHECK,BELOW_THRESHOLD,LOW,False,HOLD: Final 0.4205 between BUY>0.6300 and SELL<0.3700
2026-05-17T20:56:30.664454+00:00,London,RF_NOISE,25.00,0.2857,0.001000,0.439716,0.5500,0.500000,0.4500,0.500000,0.060284,0.000000,0.0000,0.0000,0.500000,0.500000,0.000000,0.0000,False,0.6000,0.4000,False,HOLD,NONE,SCORE_FLOOR,RF_NOISE_ZONE,LOW,False,"RF_NOISE_GATE: rf_prob=0.5000 in [0.4, 0.6]"
2026-05-17T20:56:30.674428+00:00,London,RF_NOISE,25.00,0.2857,0.001000,0.473684,0.5500,0.500000,0.4500,0.500000,0.026316,0.000000,0.0000,0.0000,0.500000,0.500000,0.000000,0.0000,False,0.6000,0.4000,False,HOLD,NONE,SCORE_FLOOR,RF_NOISE_ZONE,LOW,False,"RF_NOISE_GATE: rf_prob=0.5000 in [0.4, 0.6]"
2026-05-17T20:56:30.676449+00:00,London,RF_NOISE,25.00,0.2857,0.001000,0.439716,0.5500,0.500000,0.4500,0.500000,0.060284,0.000000,0.0000,0.0000,0.500000,0.500000,0.000000,0.0000,False,0.6000,0.4000,False,HOLD,NONE,SCORE_FLOOR,RF_NOISE_ZONE,LOW,False,"RF_NOISE_GATE: rf_prob=0.5000 in [0.4, 0.6]"
2026-05-17T20:56:30.676449+00:00,London,RF_NOISE,25.00,0.2857,0.001000,0.435294,0.5500,0.500000,0.4500,0.500000,0.064706,0.000000,0.0000,0.0000,0.500000,0.500000,0.000000,0.0000,False,0.6000,0.4000,False,HOLD,NONE,SCORE_FLOOR,RF_NOISE_ZONE,LOW,False,"RF_NOISE_GATE: rf_prob=0.5000 in [0.4, 0.6]"
2026-05-17T20:56:30.676449+00:00,London,RF_NOISE,25.00,0.2857,0.001000,0.435294,0.5500,0.500000,0.4500,0.500000,0.064706,0.000000,0.0000,0.0000,0.500000,0.500000,0.000000,0.0000,False,0.6000,0.4000,False,HOLD,NONE,SCORE_FLOOR,RF_NOISE_ZONE,LOW,False,"RF_NOISE_GATE: rf_prob=0.5000 in [0.4, 0.6]"
2026-05-17T20:56:30.676449+00:00,London,RF_NOISE,25.00,0.2857,0.001000,0.439716,0.5500,0.500000,0.4500,0.500000,0.060284,0.000000,0.0000,0.0000,0.500000,0.500000,0.000000,0.0000,False,0.6000,0.4000,False,HOLD,NONE,SCORE_FLOOR,RF_NOISE_ZONE,LOW,False,"RF_NOISE_GATE: rf_prob=0.5000 in [0.4, 0.6]"
2026-05-17T20:56:30.676449+00:00,London,RF_NOISE,25.00,0.2857,0.001000,0.439716,0.5500,0.500000,0.4500,0.500000,0.060284,0.000000,0.0000,0.0000,0.500000,0.500000,0.000000,0.0000,False,0.6000,0.4000,False,HOLD,NONE,SCORE_FLOOR,RF_NOISE_ZONE,LOW,False,"RF_NOISE_GATE: rf_prob=0.5000 in [0.4, 0.6]"
2026-05-17T20:56:30.681468+00:00,London,RF_NOISE,25.00,0.2857,0.001000,0.439716,0.5500,0.500000,0.4500,0.500000,0.060284,0.000000,0.0000,0.0000,0.500000,0.500000,0.000000,0.0000,False,0.6000,0.4000,False,HOLD,NONE,SCORE_FLOOR,RF_NOISE_ZONE,LOW,False,"RF_NOISE_GATE: rf_prob=0.5000 in [0.4, 0.6]"
2026-05-17T20:56:30.681468+00:00,London,RF_NOISE,25.00,0.2857,0.001000,0.473684,0.5500,0.500000,0.4500,0.500000,0.026316,0.000000,0.0000,0.0000,0.500000,0.500000,0.000000,0.0000,False,0.6000,0.4000,False,HOLD,NONE,SCORE_FLOOR,RF_NOISE_ZONE,LOW,False,"RF_NOISE_GATE: rf_prob=0.5000 in [0.4, 0.6]"
2026-05-17T20:56:30.683524+00:00,London,RF_NOISE,25.00,0.2857,0.001000,0.439716,0.5500,0.500000,0.4500,0.500000,0.060284,0.000000,0.0000,0.0000,0.500000,0.500000,0.000000,0.0000,False,0.6000,0.4000,False,HOLD,NONE,SCORE_FLOOR,RF_NOISE_ZONE,LOW,False,"RF_NOISE_GATE: rf_prob=0.5000 in [0.4, 0.6]"
2026-05-17T20:56:30.683524+00:00,London,RF_NOISE,25.00,0.2857,0.001000,0.439716,0.5500,0.500000,0.4500,0.500000,0.060284,0.000000,0.0000,0.0000,0.500000,0.500000,0.000000,0.0000,False,0.6000,0.4000,False,HOLD,NONE,SCORE_FLOOR,RF_NOISE_ZONE,LOW,False,"RF_NOISE_GATE: rf_prob=0.5000 in [0.4, 0.6]"
2026-05-17T20:56:30.683524+00:00,London,RF_NOISE,25.00,0.2857,0.001000,0.439716,0.5500,0.500000,0.4500,0.500000,0.060284,0.000000,0.0000,0.0000,0.500000,0.500000,0.000000,0.0000,False,0.6000,0.4000,False,HOLD,NONE,SCORE_FLOOR,RF_NOISE_ZONE,LOW,False,"RF_NOISE_GATE: rf_prob=0.5000 in [0.4, 0.6]"
2026-05-17T20:56:30.686642+00:00,London,RF_NOISE,25.00,0.2857,0.001000,0.439716,0.5500,0.500000,0.4500,0.500000,0.060284,0.000000,0.0000,0.0000,0.500000,0.500000,0.000000,0.0000,False,0.6000,0.4000,False,HOLD,NONE,SCORE_FLOOR,RF_NOISE_ZONE,LOW,False,"RF_NOISE_GATE: rf_prob=0.5000 in [0.4, 0.6]"
2026-05-17T20:56:30.686642+00:00,London,RF_NOISE,25.00,0.2857,0.001000,0.435294,0.5500,0.500000,0.4500,0.500000,0.064706,0.000000,0.0000,0.0000,0.500000,0.500000,0.000000,0.0000,False,0.6000,0.4000,False,HOLD,NONE,SCORE_FLOOR,RF_NOISE_ZONE,LOW,False,"RF_NOISE_GATE: rf_prob=0.5000 in [0.4, 0.6]"
2026-05-17T20:56:30.686642+00:00,London,RF_NOISE,25.00,0.2857,0.001000,0.473684,0.5500,0.500000,0.4500,0.500000,0.026316,0.000000,0.0000,0.0000,0.500000,0.500000,0.000000,0.0000,False,0.6000,0.4000,False,HOLD,NONE,SCORE_FLOOR,RF_NOISE_ZONE,LOW,False,"RF_NOISE_GATE: rf_prob=0.5000 in [0.4, 0.6]"
2026-05-17T20:56:30.686642+00:00,London,RF_NOISE,25.00,0.2857,0.001000,0.439716,0.5500,0.500000,0.4500,0.500000,0.060284,0.000000,0.0000,0.0000,0.500000,0.500000,0.000000,0.0000,False,0.6000,0.4000,False,HOLD,NONE,SCORE_FLOOR,RF_NOISE_ZONE,LOW,False,"RF_NOISE_GATE: rf_prob=0.5000 in [0.4, 0.6]"
2026-05-17T20:56:30.691667+00:00,London,TRANSITIONING,25.00,0.2857,0.001000,0.285714,0.5786,0.500000,0.4214,0.376020,0.214286,0.064286,-0.0100,-0.0098,0.420474,0.420474,0.059694,0.0100,False,0.6300,0.3700,False,HOLD,SELL,THRESHOLD_CHECK,BELOW_THRESHOLD,LOW,False,HOLD: Final 0.4205 between BUY>0.6300 and SELL<0.3700
2026-05-17T20:56:30.693685+00:00,London,RF_NOISE,25.00,0.2857,0.001000,0.439716,0.5500,0.500000,0.4500,0.500000,0.060284,0.000000,0.0000,0.0000,0.500000,0.500000,0.000000,0.0000,False,0.6000,0.4000,False,HOLD,NONE,SCORE_FLOOR,RF_NOISE_ZONE,LOW,False,"RF_NOISE_GATE: rf_prob=0.5000 in [0.4, 0.6]"
2026-05-17T20:56:30.693685+00:00,London,RF_NOISE,25.00,0.2857,0.001000,0.439716,0.5500,0.500000,0.4500,0.500000,0.060284,0.000000,0.0000,0.0000,0.500000,0.500000,0.000000,0.0000,False,0.6000,0.4000,False,HOLD,NONE,SCORE_FLOOR,RF_NOISE_ZONE,LOW,False,"RF_NOISE_GATE: rf_prob=0.5000 in [0.4, 0.6]"
2026-05-17T20:56:30.693685+00:00,London,RF_NOISE,25.00,0.2857,0.001000,0.439716,0.5500,0.500000,0.4500,0.500000,0.060284,0.000000,0.0000,0.0000,0.500000,0.500000,0.000000,0.0000,False,0.6000,0.4000,False,HOLD,NONE,SCORE_FLOOR,RF_NOISE_ZONE,LOW,False,"RF_NOISE_GATE: rf_prob=0.5000 in [0.4, 0.6]"
2026-05-17T20:56:30.696701+00:00,London,RF_NOISE,25.00,0.2857,0.001000,0.473684,0.5500,0.500000,0.4500,0.500000,0.026316,0.000000,0.0000,0.0000,0.500000,0.500000,0.000000,0.0000,False,0.6000,0.4000,False,HOLD,NONE,SCORE_FLOOR,RF_NOISE_ZONE,LOW,False,"RF_NOISE_GATE: rf_prob=0.5000 in [0.4, 0.6]"
2026-05-17T20:56:30.706818+00:00,London,TRANSITIONING,25.00,0.2857,0.001000,0.285714,0.5786,0.500000,0.4214,0.376020,0.214286,0.064286,-0.0100,-0.0098,0.420474,0.420474,0.059694,0.0100,False,0.6300,0.3700,False,HOLD,SELL,THRESHOLD_CHECK,BELOW_THRESHOLD,LOW,False,HOLD: Final 0.4205 between BUY>0.6300 and SELL<0.3700
2026-05-17T20:56:30.706818+00:00,London,RF_NOISE,25.00,0.2857,0.001000,0.439716,0.5500,0.500000,0.4500,0.500000,0.060284,0.000000,0.0000,0.0000,0.500000,0.500000,0.000000,0.0000,False,0.6000,0.4000,False,HOLD,NONE,SCORE_FLOOR,RF_NOISE_ZONE,LOW,False,"RF_NOISE_GATE: rf_prob=0.5000 in [0.4, 0.6]"
2026-05-17T20:56:30.706818+00:00,London,RF_NOISE,25.00,0.2857,0.001000,0.473684,0.5500,0.500000,0.4500,0.500000,0.026316,0.000000,0.0000,0.0000,0.500000,0.500000,0.000000,0.0000,False,0.6000,0.4000,False,HOLD,NONE,SCORE_FLOOR,RF_NOISE_ZONE,LOW,False,"RF_NOISE_GATE: rf_prob=0.5000 in [0.4, 0.6]"
2026-05-17T20:56:30.711839+00:00,London,RF_NOISE,25.00,0.2857,0.001000,0.439716,0.5500,0.500000,0.4500,0.500000,0.060284,0.000000,0.0000,0.0000,0.500000,0.500000,0.000000,0.0000,False,0.6000,0.4000,False,HOLD,NONE,SCORE_FLOOR,RF_NOISE_ZONE,LOW,False,"RF_NOISE_GATE: rf_prob=0.5000 in [0.4, 0.6]"
2026-05-17T20:56:30.711839+00:00,London,RF_NOISE,25.00,0.2857,0.001000,0.439716,0.5500,0.500000,0.4500,0.500000,0.060284,0.000000,0.0000,0.0000,0.500000,0.500000,0.000000,0.0000,False,0.6000,0.4000,False,HOLD,NONE,SCORE_FLOOR,RF_NOISE_ZONE,LOW,False,"RF_NOISE_GATE: rf_prob=0.5000 in [0.4, 0.6]"
2026-05-17T20:57:32.038451+00:00,London,TRANSITIONING,25.00,0.2857,0.001000,0.700000,0.5786,0.500000,0.4214,0.615714,0.200000,0.060000,-0.0100,-0.0098,0.535882,0.535882,0.055714,0.0100,False,0.6300,0.3700,False,HOLD,BUY,THRESHOLD_CHECK,BELOW_THRESHOLD,LOW,False,HOLD: Final 0.5359 between BUY>0.6300 and SELL<0.3700
2026-05-17T20:57:32.038451+00:00,London,TRANSITIONING,25.00,0.2857,0.001000,0.285714,0.5786,0.500000,0.4214,0.376020,0.214286,0.064286,-0.0100,-0.0098,0.420474,0.420474,0.059694,0.0100,False,0.6300,0.3700,False,HOLD,SELL,THRESHOLD_CHECK,BELOW_THRESHOLD,LOW,False,HOLD: Final 0.4205 between BUY>0.6300 and SELL<0.3700
2026-05-17T20:57:32.038451+00:00,London,RF_NOISE,25.00,0.2857,0.001000,0.439716,0.5500,0.500000,0.4500,0.500000,0.060284,0.000000,0.0000,0.0000,0.500000,0.500000,0.000000,0.0000,False,0.6000,0.4000,False,HOLD,NONE,SCORE_FLOOR,RF_NOISE_ZONE,LOW,False,"RF_NOISE_GATE: rf_prob=0.5000 in [0.4, 0.6]"
2026-05-17T20:57:32.038451+00:00,London,RF_NOISE,25.00,0.2857,0.001000,0.473684,0.5500,0.500000,0.4500,0.500000,0.026316,0.000000,0.0000,0.0000,0.500000,0.500000,0.000000,0.0000,False,0.6000,0.4000,False,HOLD,NONE,SCORE_FLOOR,RF_NOISE_ZONE,LOW,False,"RF_NOISE_GATE: rf_prob=0.5000 in [0.4, 0.6]"
2026-05-17T20:57:32.053451+00:00,London,RF_NOISE,25.00,0.2857,0.001000,0.439716,0.5500,0.500000,0.4500,0.500000,0.060284,0.000000,0.0000,0.0000,0.500000,0.500000,0.000000,0.0000,False,0.6000,0.4000,False,HOLD,NONE,SCORE_FLOOR,RF_NOISE_ZONE,LOW,False,"RF_NOISE_GATE: rf_prob=0.5000 in [0.4, 0.6]"
2026-05-17T20:57:32.055091+00:00,London,RF_NOISE,25.00,0.2857,0.001000,0.435294,0.5500,0.500000,0.4500,0.500000,0.064706,0.000000,0.0000,0.0000,0.500000,0.500000,0.000000,0.0000,False,0.6000,0.4000,False,HOLD,NONE,SCORE_FLOOR,RF_NOISE_ZONE,LOW,False,"RF_NOISE_GATE: rf_prob=0.5000 in [0.4, 0.6]"
2026-05-17T20:57:32.055115+00:00,London,RF_NOISE,25.00,0.2857,0.001000,0.435294,0.5500,0.500000,0.4500,0.500000,0.064706,0.000000,0.0000,0.0000,0.500000,0.500000,0.000000,0.0000,False,0.6000,0.4000,False,HOLD,NONE,SCORE_FLOOR,RF_NOISE_ZONE,LOW,False,"RF_NOISE_GATE: rf_prob=0.5000 in [0.4, 0.6]"
2026-05-17T20:57:32.055115+00:00,London,RF_NOISE,25.00,0.2857,0.001000,0.439716,0.5500,0.500000,0.4500,0.500000,0.060284,0.000000,0.0000,0.0000,0.500000,0.500000,0.000000,0.0000,False,0.6000,0.4000,False,HOLD,NONE,SCORE_FLOOR,RF_NOISE_ZONE,LOW,False,"RF_NOISE_GATE: rf_prob=0.5000 in [0.4, 0.6]"
2026-05-17T20:57:32.055115+00:00,London,RF_NOISE,25.00,0.2857,0.001000,0.439716,0.5500,0.500000,0.4500,0.500000,0.060284,0.000000,0.0000,0.0000,0.500000,0.500000,0.000000,0.0000,False,0.6000,0.4000,False,HOLD,NONE,SCORE_FLOOR,RF_NOISE_ZONE,LOW,False,"RF_NOISE_GATE: rf_prob=0.5000 in [0.4, 0.6]"
2026-05-17T20:57:32.055115+00:00,London,RF_NOISE,25.00,0.2857,0.001000,0.439716,0.5500,0.500000,0.4500,0.500000,0.060284,0.000000,0.0000,0.0000,0.500000,0.500000,0.000000,0.0000,False,0.6000,0.4000,False,HOLD,NONE,SCORE_FLOOR,RF_NOISE_ZONE,LOW,False,"RF_NOISE_GATE: rf_prob=0.5000 in [0.4, 0.6]"
2026-05-17T20:57:32.055115+00:00,London,RF_NOISE,25.00,0.2857,0.001000,0.473684,0.5500,0.500000,0.4500,0.500000,0.026316,0.000000,0.0000,0.0000,0.500000,0.500000,0.000000,0.0000,False,0.6000,0.4000,False,HOLD,NONE,SCORE_FLOOR,RF_NOISE_ZONE,LOW,False,"RF_NOISE_GATE: rf_prob=0.5000 in [0.4, 0.6]"
2026-05-17T20:57:32.055115+00:00,London,RF_NOISE,25.00,0.2857,0.001000,0.439716,0.5500,0.500000,0.4500,0.500000,0.060284,0.000000,0.0000,0.0000,0.500000,0.500000,0.000000,0.0000,False,0.6000,0.4000,False,HOLD,NONE,SCORE_FLOOR,RF_NOISE_ZONE,LOW,False,"RF_NOISE_GATE: rf_prob=0.5000 in [0.4, 0.6]"
2026-05-17T20:57:32.055115+00:00,London,RF_NOISE,25.00,0.2857,0.001000,0.439716,0.5500,0.500000,0.4500,0.500000,0.060284,0.000000,0.0000,0.0000,0.500000,0.500000,0.000000,0.0000,False,0.6000,0.4000,False,HOLD,NONE,SCORE_FLOOR,RF_NOISE_ZONE,LOW,False,"RF_NOISE_GATE: rf_prob=0.5000 in [0.4, 0.6]"
2026-05-17T20:57:32.055115+00:00,London,RF_NOISE,25.00,0.2857,0.001000,0.439716,0.5500,0.500000,0.4500,0.500000,0.060284,0.000000,0.0000,0.0000,0.500000,0.500000,0.000000,0.0000,False,0.6000,0.4000,False,HOLD,NONE,SCORE_FLOOR,RF_NOISE_ZONE,LOW,False,"RF_NOISE_GATE: rf_prob=0.5000 in [0.4, 0.6]"
2026-05-17T20:57:32.055115+00:00,London,RF_NOISE,25.00,0.2857,0.001000,0.439716,0.5500,0.500000,0.4500,0.500000,0.060284,0.000000,0.0000,0.0000,0.500000,0.500000,0.000000,0.0000,False,0.6000,0.4000,False,HOLD,NONE,SCORE_FLOOR,RF_NOISE_ZONE,LOW,False,"RF_NOISE_GATE: rf_prob=0.5000 in [0.4, 0.6]"
2026-05-17T20:57:32.055115+00:00,London,RF_NOISE,25.00,0.2857,0.001000,0.435294,0.5500,0.500000,0.4500,0.500000,0.064706,0.000000,0.0000,0.0000,0.500000,0.500000,0.000000,0.0000,False,0.6000,0.4000,False,HOLD,NONE,SCORE_FLOOR,RF_NOISE_ZONE,LOW,False,"RF_NOISE_GATE: rf_prob=0.5000 in [0.4, 0.6]"
2026-05-17T20:57:32.055115+00:00,London,RF_NOISE,25.00,0.2857,0.001000,0.473684,0.5500,0.500000,0.4500,0.500000,0.026316,0.000000,0.0000,0.0000,0.500000,0.500000,0.000000,0.0000,False,0.6000,0.4000,False,HOLD,NONE,SCORE_FLOOR,RF_NOISE_ZONE,LOW,False,"RF_NOISE_GATE: rf_prob=0.5000 in [0.4, 0.6]"
2026-05-17T20:57:32.055115+00:00,London,RF_NOISE,25.00,0.2857,0.001000,0.439716,0.5500,0.500000,0.4500,0.500000,0.060284,0.000000,0.0000,0.0000,0.500000,0.500000,0.000000,0.0000,False,0.6000,0.4000,False,HOLD,NONE,SCORE_FLOOR,RF_NOISE_ZONE,LOW,False,"RF_NOISE_GATE: rf_prob=0.5000 in [0.4, 0.6]"
2026-05-17T20:57:32.055115+00:00,London,TRANSITIONING,25.00,0.2857,0.001000,0.285714,0.5786,0.500000,0.4214,0.376020,0.214286,0.064286,-0.0100,-0.0098,0.420474,0.420474,0.059694,0.0100,False,0.6300,0.3700,False,HOLD,SELL,THRESHOLD_CHECK,BELOW_THRESHOLD,LOW,False,HOLD: Final 0.4205 between BUY>0.6300 and SELL<0.3700
2026-05-17T20:57:32.070109+00:00,London,RF_NOISE,25.00,0.2857,0.001000,0.439716,0.5500,0.500000,0.4500,0.500000,0.060284,0.000000,0.0000,0.0000,0.500000,0.500000,0.000000,0.0000,False,0.6000,0.4000,False,HOLD,NONE,SCORE_FLOOR,RF_NOISE_ZONE,LOW,False,"RF_NOISE_GATE: rf_prob=0.5000 in [0.4, 0.6]"
2026-05-17T20:57:32.071773+00:00,London,RF_NOISE,25.00,0.2857,0.001000,0.439716,0.5500,0.500000,0.4500,0.500000,0.060284,0.000000,0.0000,0.0000,0.500000,0.500000,0.000000,0.0000,False,0.6000,0.4000,False,HOLD,NONE,SCORE_FLOOR,RF_NOISE_ZONE,LOW,False,"RF_NOISE_GATE: rf_prob=0.5000 in [0.4, 0.6]"
2026-05-17T20:57:32.071773+00:00,London,RF_NOISE,25.00,0.2857,0.001000,0.439716,0.5500,0.500000,0.4500,0.500000,0.060284,0.000000,0.0000,0.0000,0.500000,0.500000,0.000000,0.0000,False,0.6000,0.4000,False,HOLD,NONE,SCORE_FLOOR,RF_NOISE_ZONE,LOW,False,"RF_NOISE_GATE: rf_prob=0.5000 in [0.4, 0.6]"
2026-05-17T20:57:32.071773+00:00,London,RF_NOISE,25.00,0.2857,0.001000,0.473684,0.5500,0.500000,0.4500,0.500000,0.026316,0.000000,0.0000,0.0000,0.500000,0.500000,0.000000,0.0000,False,0.6000,0.4000,False,HOLD,NONE,SCORE_FLOOR,RF_NOISE_ZONE,LOW,False,"RF_NOISE_GATE: rf_prob=0.5000 in [0.4, 0.6]"
2026-05-17T20:57:32.071773+00:00,London,TRANSITIONING,25.00,0.2857,0.001000,0.285714,0.5786,0.500000,0.4214,0.376020,0.214286,0.064286,-0.0100,-0.0098,0.420474,0.420474,0.059694,0.0100,False,0.6300,0.3700,False,HOLD,SELL,THRESHOLD_CHECK,BELOW_THRESHOLD,LOW,False,HOLD: Final 0.4205 between BUY>0.6300 and SELL<0.3700
2026-05-17T20:57:32.071773+00:00,London,RF_NOISE,25.00,0.2857,0.001000,0.439716,0.5500,0.500000,0.4500,0.500000,0.060284,0.000000,0.0000,0.0000,0.500000,0.500000,0.000000,0.0000,False,0.6000,0.4000,False,HOLD,NONE,SCORE_FLOOR,RF_NOISE_ZONE,LOW,False,"RF_NOISE_GATE: rf_prob=0.5000 in [0.4, 0.6]"
2026-05-17T20:57:32.086766+00:00,London,RF_NOISE,25.00,0.2857,0.001000,0.473684,0.5500,0.500000,0.4500,0.500000,0.026316,0.000000,0.0000,0.0000,0.500000,0.500000,0.000000,0.0000,False,0.6000,0.4000,False,HOLD,NONE,SCORE_FLOOR,RF_NOISE_ZONE,LOW,False,"RF_NOISE_GATE: rf_prob=0.5000 in [0.4, 0.6]"
2026-05-17T20:57:32.086766+00:00,London,RF_NOISE,25.00,0.2857,0.001000,0.439716,0.5500,0.500000,0.4500,0.500000,0.060284,0.000000,0.0000,0.0000,0.500000,0.500000,0.000000,0.0000,False,0.6000,0.4000,False,HOLD,NONE,SCORE_FLOOR,RF_NOISE_ZONE,LOW,False,"RF_NOISE_GATE: rf_prob=0.5000 in [0.4, 0.6]"
2026-05-17T20:57:32.088437+00:00,London,RF_NOISE,25.00,0.2857,0.001000,0.439716,0.5500,0.500000,0.4500,0.500000,0.060284,0.000000,0.0000,0.0000,0.500000,0.500000,0.000000,0.0000,False,0.6000,0.4000,False,HOLD,NONE,SCORE_FLOOR,RF_NOISE_ZONE,LOW,False,"RF_NOISE_GATE: rf_prob=0.5000 in [0.4, 0.6]"
2026-05-17T20:58:37.255510+00:00,London,TRANSITIONING,25.00,0.2857,0.001000,0.700000,0.5786,0.500000,0.4214,0.615714,0.200000,0.060000,-0.0100,-0.0098,0.535882,0.535882,0.055714,0.0100,False,0.6300,0.3700,False,HOLD,BUY,THRESHOLD_CHECK,BELOW_THRESHOLD,LOW,False,HOLD: Final 0.5359 between BUY>0.6300 and SELL<0.3700
2026-05-17T20:58:37.272189+00:00,London,TRANSITIONING,25.00,0.2857,0.001000,0.285714,0.5786,0.500000,0.4214,0.376020,0.214286,0.064286,-0.0100,-0.0098,0.420474,0.420474,0.059694,0.0100,False,0.6300,0.3700,False,HOLD,SELL,THRESHOLD_CHECK,BELOW_THRESHOLD,LOW,False,HOLD: Final 0.4205 between BUY>0.6300 and SELL<0.3700
2026-05-17T20:58:37.272189+00:00,London,RF_NOISE,25.00,0.2857,0.001000,0.439716,0.5500,0.500000,0.4500,0.500000,0.060284,0.000000,0.0000,0.0000,0.500000,0.500000,0.000000,0.0000,False,0.6000,0.4000,False,HOLD,NONE,SCORE_FLOOR,RF_NOISE_ZONE,LOW,False,"RF_NOISE_GATE: rf_prob=0.5000 in [0.4, 0.6]"
2026-05-17T20:58:37.272189+00:00,London,RF_NOISE,25.00,0.2857,0.001000,0.473684,0.5500,0.500000,0.4500,0.500000,0.026316,0.000000,0.0000,0.0000,0.500000,0.500000,0.000000,0.0000,False,0.6000,0.4000,False,HOLD,NONE,SCORE_FLOOR,RF_NOISE_ZONE,LOW,False,"RF_NOISE_GATE: rf_prob=0.5000 in [0.4, 0.6]"
2026-05-17T20:58:37.272189+00:00,London,RF_NOISE,25.00,0.2857,0.001000,0.439716,0.5500,0.500000,0.4500,0.500000,0.060284,0.000000,0.0000,0.0000,0.500000,0.500000,0.000000,0.0000,False,0.6000,0.4000,False,HOLD,NONE,SCORE_FLOOR,RF_NOISE_ZONE,LOW,False,"RF_NOISE_GATE: rf_prob=0.5000 in [0.4, 0.6]"
2026-05-17T20:58:37.272189+00:00,London,RF_NOISE,25.00,0.2857,0.001000,0.435294,0.5500,0.500000,0.4500,0.500000,0.064706,0.000000,0.0000,0.0000,0.500000,0.500000,0.000000,0.0000,False,0.6000,0.4000,False,HOLD,NONE,SCORE_FLOOR,RF_NOISE_ZONE,LOW,False,"RF_NOISE_GATE: rf_prob=0.5000 in [0.4, 0.6]"
2026-05-17T20:58:37.287189+00:00,London,RF_NOISE,25.00,0.2857,0.001000,0.435294,0.5500,0.500000,0.4500,0.500000,0.064706,0.000000,0.0000,0.0000,0.500000,0.500000,0.000000,0.0000,False,0.6000,0.4000,False,HOLD,NONE,SCORE_FLOOR,RF_NOISE_ZONE,LOW,False,"RF_NOISE_GATE: rf_prob=0.5000 in [0.4, 0.6]"
2026-05-17T20:58:37.288346+00:00,London,RF_NOISE,25.00,0.2857,0.001000,0.439716,0.5500,0.500000,0.4500,0.500000,0.060284,0.000000,0.0000,0.0000,0.500000,0.500000,0.000000,0.0000,False,0.6000,0.4000,False,HOLD,NONE,SCORE_FLOOR,RF_NOISE_ZONE,LOW,False,"RF_NOISE_GATE: rf_prob=0.5000 in [0.4, 0.6]"
2026-05-17T20:58:37.288833+00:00,London,RF_NOISE,25.00,0.2857,0.001000,0.439716,0.5500,0.500000,0.4500,0.500000,0.060284,0.000000,0.0000,0.0000,0.500000,0.500000,0.000000,0.0000,False,0.6000,0.4000,False,HOLD,NONE,SCORE_FLOOR,RF_NOISE_ZONE,LOW,False,"RF_NOISE_GATE: rf_prob=0.5000 in [0.4, 0.6]"
2026-05-17T20:58:37.288833+00:00,London,RF_NOISE,25.00,0.2857,0.001000,0.439716,0.5500,0.500000,0.4500,0.500000,0.060284,0.000000,0.0000,0.0000,0.500000,0.500000,0.000000,0.0000,False,0.6000,0.4000,False,HOLD,NONE,SCORE_FLOOR,RF_NOISE_ZONE,LOW,False,"RF_NOISE_GATE: rf_prob=0.5000 in [0.4, 0.6]"
2026-05-17T20:58:37.288833+00:00,London,RF_NOISE,25.00,0.2857,0.001000,0.473684,0.5500,0.500000,0.4500,0.500000,0.026316,0.000000,0.0000,0.0000,0.500000,0.500000,0.000000,0.0000,False,0.6000,0.4000,False,HOLD,NONE,SCORE_FLOOR,RF_NOISE_ZONE,LOW,False,"RF_NOISE_GATE: rf_prob=0.5000 in [0.4, 0.6]"
2026-05-17T20:58:37.288833+00:00,London,RF_NOISE,25.00,0.2857,0.001000,0.439716,0.5500,0.500000,0.4500,0.500000,0.060284,0.000000,0.0000,0.0000,0.500000,0.500000,0.000000,0.0000,False,0.6000,0.4000,False,HOLD,NONE,SCORE_FLOOR,RF_NOISE_ZONE,LOW,False,"RF_NOISE_GATE: rf_prob=0.5000 in [0.4, 0.6]"
2026-05-17T20:58:37.288833+00:00,London,RF_NOISE,25.00,0.2857,0.001000,0.439716,0.5500,0.500000,0.4500,0.500000,0.060284,0.000000,0.0000,0.0000,0.500000,0.500000,0.000000,0.0000,False,0.6000,0.4000,False,HOLD,NONE,SCORE_FLOOR,RF_NOISE_ZONE,LOW,False,"RF_NOISE_GATE: rf_prob=0.5000 in [0.4, 0.6]"
2026-05-17T20:58:37.288833+00:00,London,RF_NOISE,25.00,0.2857,0.001000,0.439716,0.5500,0.500000,0.4500,0.500000,0.060284,0.000000,0.0000,0.0000,0.500000,0.500000,0.000000,0.0000,False,0.6000,0.4000,False,HOLD,NONE,SCORE_FLOOR,RF_NOISE_ZONE,LOW,False,"RF_NOISE_GATE: rf_prob=0.5000 in [0.4, 0.6]"
2026-05-17T20:58:37.288833+00:00,London,RF_NOISE,25.00,0.2857,0.001000,0.439716,0.5500,0.500000,0.4500,0.500000,0.060284,0.000000,0.0000,0.0000,0.500000,0.500000,0.000000,0.0000,False,0.6000,0.4000,False,HOLD,NONE,SCORE_FLOOR,RF_NOISE_ZONE,LOW,False,"RF_NOISE_GATE: rf_prob=0.5000 in [0.4, 0.6]"
2026-05-17T20:58:37.288833+00:00,London,RF_NOISE,25.00,0.2857,0.001000,0.435294,0.5500,0.500000,0.4500,0.500000,0.064706,0.000000,0.0000,0.0000,0.500000,0.500000,0.000000,0.0000,False,0.6000,0.4000,False,HOLD,NONE,SCORE_FLOOR,RF_NOISE_ZONE,LOW,False,"RF_NOISE_GATE: rf_prob=0.5000 in [0.4, 0.6]"
2026-05-17T20:58:37.288833+00:00,London,RF_NOISE,25.00,0.2857,0.001000,0.473684,0.5500,0.500000,0.4500,0.500000,0.026316,0.000000,0.0000,0.0000,0.500000,0.500000,0.000000,0.0000,False,0.6000,0.4000,False,HOLD,NONE,SCORE_FLOOR,RF_NOISE_ZONE,LOW,False,"RF_NOISE_GATE: rf_prob=0.5000 in [0.4, 0.6]"
2026-05-17T20:58:37.288833+00:00,London,RF_NOISE,25.00,0.2857,0.001000,0.439716,0.5500,0.500000,0.4500,0.500000,0.060284,0.000000,0.0000,0.0000,0.500000,0.500000,0.000000,0.0000,False,0.6000,0.4000,False,HOLD,NONE,SCORE_FLOOR,RF_NOISE_ZONE,LOW,False,"RF_NOISE_GATE: rf_prob=0.5000 in [0.4, 0.6]"
2026-05-17T20:58:37.288833+00:00,London,TRANSITIONING,25.00,0.2857,0.001000,0.285714,0.5786,0.500000,0.4214,0.376020,0.214286,0.064286,-0.0100,-0.0098,0.420474,0.420474,0.059694,0.0100,False,0.6300,0.3700,False,HOLD,SELL,THRESHOLD_CHECK,BELOW_THRESHOLD,LOW,False,HOLD: Final 0.4205 between BUY>0.6300 and SELL<0.3700
2026-05-17T20:58:37.288833+00:00,London,RF_NOISE,25.00,0.2857,0.001000,0.439716,0.5500,0.500000,0.4500,0.500000,0.060284,0.000000,0.0000,0.0000,0.500000,0.500000,0.000000,0.0000,False,0.6000,0.4000,False,HOLD,NONE,SCORE_FLOOR,RF_NOISE_ZONE,LOW,False,"RF_NOISE_GATE: rf_prob=0.5000 in [0.4, 0.6]"
2026-05-17T20:58:37.288833+00:00,London,RF_NOISE,25.00,0.2857,0.001000,0.439716,0.5500,0.500000,0.4500,0.500000,0.060284,0.000000,0.0000,0.0000,0.500000,0.500000,0.000000,0.0000,False,0.6000,0.4000,False,HOLD,NONE,SCORE_FLOOR,RF_NOISE_ZONE,LOW,False,"RF_NOISE_GATE: rf_prob=0.5000 in [0.4, 0.6]"
2026-05-17T20:58:37.303831+00:00,London,RF_NOISE,25.00,0.2857,0.001000,0.439716,0.5500,0.500000,0.4500,0.500000,0.060284,0.000000,0.0000,0.0000,0.500000,0.500000,0.000000,0.0000,False,0.6000,0.4000,False,HOLD,NONE,SCORE_FLOOR,RF_NOISE_ZONE,LOW,False,"RF_NOISE_GATE: rf_prob=0.5000 in [0.4, 0.6]"
2026-05-17T20:58:37.305406+00:00,London,RF_NOISE,25.00,0.2857,0.001000,0.473684,0.5500,0.500000,0.4500,0.500000,0.026316,0.000000,0.0000,0.0000,0.500000,0.500000,0.000000,0.0000,False,0.6000,0.4000,False,HOLD,NONE,SCORE_FLOOR,RF_NOISE_ZONE,LOW,False,"RF_NOISE_GATE: rf_prob=0.5000 in [0.4, 0.6]"
2026-05-17T20:58:37.305406+00:00,London,TRANSITIONING,25.00,0.2857,0.001000,0.285714,0.5786,0.500000,0.4214,0.376020,0.214286,0.064286,-0.0100,-0.0098,0.420474,0.420474,0.059694,0.0100,False,0.6300,0.3700,False,HOLD,SELL,THRESHOLD_CHECK,BELOW_THRESHOLD,LOW,False,HOLD: Final 0.4205 between BUY>0.6300 and SELL<0.3700
2026-05-17T20:58:37.305406+00:00,London,RF_NOISE,25.00,0.2857,0.001000,0.439716,0.5500,0.500000,0.4500,0.500000,0.060284,0.000000,0.0000,0.0000,0.500000,0.500000,0.000000,0.0000,False,0.6000,0.4000,False,HOLD,NONE,SCORE_FLOOR,RF_NOISE_ZONE,LOW,False,"RF_NOISE_GATE: rf_prob=0.5000 in [0.4, 0.6]"
2026-05-17T20:58:37.305406+00:00,London,RF_NOISE,25.00,0.2857,0.001000,0.473684,0.5500,0.500000,0.4500,0.500000,0.026316,0.000000,0.0000,0.0000,0.500000,0.500000,0.000000,0.0000,False,0.6000,0.4000,False,HOLD,NONE,SCORE_FLOOR,RF_NOISE_ZONE,LOW,False,"RF_NOISE_GATE: rf_prob=0.5000 in [0.4, 0.6]"
2026-05-17T20:58:37.305406+00:00,London,RF_NOISE,25.00,0.2857,0.001000,0.439716,0.5500,0.500000,0.4500,0.500000,0.060284,0.000000,0.0000,0.0000,0.500000,0.500000,0.000000,0.0000,False,0.6000,0.4000,False,HOLD,NONE,SCORE_FLOOR,RF_NOISE_ZONE,LOW,False,"RF_NOISE_GATE: rf_prob=0.5000 in [0.4, 0.6]"
2026-05-17T20:58:37.305406+00:00,London,RF_NOISE,25.00,0.2857,0.001000,0.439716,0.5500,0.500000,0.4500,0.500000,0.060284,0.000000,0.0000,0.0000,0.500000,0.500000,0.000000,0.0000,False,0.6000,0.4000,False,HOLD,NONE,SCORE_FLOOR,RF_NOISE_ZONE,LOW,False,"RF_NOISE_GATE: rf_prob=0.5000 in [0.4, 0.6]"
2026-05-17T20:59:50.872533+00:00,London,TRANSITIONING,25.00,0.2857,0.001000,0.700000,0.5786,0.500000,0.4214,0.615714,0.200000,0.060000,-0.0100,-0.0098,0.535882,0.535882,0.055714,0.0100,False,0.6300,0.3700,False,HOLD,BUY,THRESHOLD_CHECK,BELOW_THRESHOLD,LOW,False,HOLD: Final 0.5359 between BUY>0.6300 and SELL<0.3700
2026-05-17T20:59:50.875525+00:00,London,TRANSITIONING,25.00,0.2857,0.001000,0.285714,0.5786,0.500000,0.4214,0.376020,0.214286,0.064286,-0.0100,-0.0098,0.420474,0.420474,0.059694,0.0100,False,0.6300,0.3700,False,HOLD,SELL,THRESHOLD_CHECK,BELOW_THRESHOLD,LOW,False,HOLD: Final 0.4205 between BUY>0.6300 and SELL<0.3700
2026-05-17T20:59:50.877520+00:00,London,RF_NOISE,25.00,0.2857,0.001000,0.439716,0.5500,0.500000,0.4500,0.500000,0.060284,0.000000,0.0000,0.0000,0.500000,0.500000,0.000000,0.0000,False,0.6000,0.4000,False,HOLD,NONE,SCORE_FLOOR,RF_NOISE_ZONE,LOW,False,"RF_NOISE_GATE: rf_prob=0.5000 in [0.4, 0.6]"
2026-05-17T20:59:50.884933+00:00,London,RF_NOISE,25.00,0.2857,0.001000,0.473684,0.5500,0.500000,0.4500,0.500000,0.026316,0.000000,0.0000,0.0000,0.500000,0.500000,0.000000,0.0000,False,0.6000,0.4000,False,HOLD,NONE,SCORE_FLOOR,RF_NOISE_ZONE,LOW,False,"RF_NOISE_GATE: rf_prob=0.5000 in [0.4, 0.6]"
2026-05-17T20:59:50.888665+00:00,London,RF_NOISE,25.00,0.2857,0.001000,0.439716,0.5500,0.500000,0.4500,0.500000,0.060284,0.000000,0.0000,0.0000,0.500000,0.500000,0.000000,0.0000,False,0.6000,0.4000,False,HOLD,NONE,SCORE_FLOOR,RF_NOISE_ZONE,LOW,False,"RF_NOISE_GATE: rf_prob=0.5000 in [0.4, 0.6]"
2026-05-17T20:59:50.889657+00:00,London,RF_NOISE,25.00,0.2857,0.001000,0.435294,0.5500,0.500000,0.4500,0.500000,0.064706,0.000000,0.0000,0.0000,0.500000,0.500000,0.000000,0.0000,False,0.6000,0.4000,False,HOLD,NONE,SCORE_FLOOR,RF_NOISE_ZONE,LOW,False,"RF_NOISE_GATE: rf_prob=0.5000 in [0.4, 0.6]"
2026-05-17T20:59:50.890653+00:00,London,RF_NOISE,25.00,0.2857,0.001000,0.435294,0.5500,0.500000,0.4500,0.500000,0.064706,0.000000,0.0000,0.0000,0.500000,0.500000,0.000000,0.0000,False,0.6000,0.4000,False,HOLD,NONE,SCORE_FLOOR,RF_NOISE_ZONE,LOW,False,"RF_NOISE_GATE: rf_prob=0.5000 in [0.4, 0.6]"
2026-05-17T20:59:50.891651+00:00,London,RF_NOISE,25.00,0.2857,0.001000,0.439716,0.5500,0.500000,0.4500,0.500000,0.060284,0.000000,0.0000,0.0000,0.500000,0.500000,0.000000,0.0000,False,0.6000,0.4000,False,HOLD,NONE,SCORE_FLOOR,RF_NOISE_ZONE,LOW,False,"RF_NOISE_GATE: rf_prob=0.5000 in [0.4, 0.6]"
2026-05-17T20:59:50.892649+00:00,London,RF_NOISE,25.00,0.2857,0.001000,0.439716,0.5500,0.500000,0.4500,0.500000,0.060284,0.000000,0.0000,0.0000,0.500000,0.500000,0.000000,0.0000,False,0.6000,0.4000,False,HOLD,NONE,SCORE_FLOOR,RF_NOISE_ZONE,LOW,False,"RF_NOISE_GATE: rf_prob=0.5000 in [0.4, 0.6]"
2026-05-17T20:59:50.893646+00:00,London,RF_NOISE,25.00,0.2857,0.001000,0.439716,0.5500,0.500000,0.4500,0.500000,0.060284,0.000000,0.0000,0.0000,0.500000,0.500000,0.000000,0.0000,False,0.6000,0.4000,False,HOLD,NONE,SCORE_FLOOR,RF_NOISE_ZONE,LOW,False,"RF_NOISE_GATE: rf_prob=0.5000 in [0.4, 0.6]"
2026-05-17T20:59:50.895514+00:00,London,RF_NOISE,25.00,0.2857,0.001000,0.473684,0.5500,0.500000,0.4500,0.500000,0.026316,0.000000,0.0000,0.0000,0.500000,0.500000,0.000000,0.0000,False,0.6000,0.4000,False,HOLD,NONE,SCORE_FLOOR,RF_NOISE_ZONE,LOW,False,"RF_NOISE_GATE: rf_prob=0.5000 in [0.4, 0.6]"
2026-05-17T20:59:50.896512+00:00,London,RF_NOISE,25.00,0.2857,0.001000,0.439716,0.5500,0.500000,0.4500,0.500000,0.060284,0.000000,0.0000,0.0000,0.500000,0.500000,0.000000,0.0000,False,0.6000,0.4000,False,HOLD,NONE,SCORE_FLOOR,RF_NOISE_ZONE,LOW,False,"RF_NOISE_GATE: rf_prob=0.5000 in [0.4, 0.6]"
2026-05-17T20:59:50.897509+00:00,London,RF_NOISE,25.00,0.2857,0.001000,0.439716,0.5500,0.500000,0.4500,0.500000,0.060284,0.000000,0.0000,0.0000,0.500000,0.500000,0.000000,0.0000,False,0.6000,0.4000,False,HOLD,NONE,SCORE_FLOOR,RF_NOISE_ZONE,LOW,False,"RF_NOISE_GATE: rf_prob=0.5000 in [0.4, 0.6]"
2026-05-17T20:59:50.898505+00:00,London,RF_NOISE,25.00,0.2857,0.001000,0.439716,0.5500,0.500000,0.4500,0.500000,0.060284,0.000000,0.0000,0.0000,0.500000,0.500000,0.000000,0.0000,False,0.6000,0.4000,False,HOLD,NONE,SCORE_FLOOR,RF_NOISE_ZONE,LOW,False,"RF_NOISE_GATE: rf_prob=0.5000 in [0.4, 0.6]"
2026-05-17T20:59:50.899502+00:00,London,RF_NOISE,25.00,0.2857,0.001000,0.439716,0.5500,0.500000,0.4500,0.500000,0.060284,0.000000,0.0000,0.0000,0.500000,0.500000,0.000000,0.0000,False,0.6000,0.4000,False,HOLD,NONE,SCORE_FLOOR,RF_NOISE_ZONE,LOW,False,"RF_NOISE_GATE: rf_prob=0.5000 in [0.4, 0.6]"
2026-05-17T20:59:50.900500+00:00,London,RF_NOISE,25.00,0.2857,0.001000,0.435294,0.5500,0.500000,0.4500,0.500000,0.064706,0.000000,0.0000,0.0000,0.500000,0.500000,0.000000,0.0000,False,0.6000,0.4000,False,HOLD,NONE,SCORE_FLOOR,RF_NOISE_ZONE,LOW,False,"RF_NOISE_GATE: rf_prob=0.5000 in [0.4, 0.6]"
2026-05-17T20:59:50.901529+00:00,London,RF_NOISE,25.00,0.2857,0.001000,0.473684,0.5500,0.500000,0.4500,0.500000,0.026316,0.000000,0.0000,0.0000,0.500000,0.500000,0.000000,0.0000,False,0.6000,0.4000,False,HOLD,NONE,SCORE_FLOOR,RF_NOISE_ZONE,LOW,False,"RF_NOISE_GATE: rf_prob=0.5000 in [0.4, 0.6]"
2026-05-17T20:59:50.901529+00:00,London,RF_NOISE,25.00,0.2857,0.001000,0.439716,0.5500,0.500000,0.4500,0.500000,0.060284,0.000000,0.0000,0.0000,0.500000,0.500000,0.000000,0.0000,False,0.6000,0.4000,False,HOLD,NONE,SCORE_FLOOR,RF_NOISE_ZONE,LOW,False,"RF_NOISE_GATE: rf_prob=0.5000 in [0.4, 0.6]"
2026-05-17T20:59:50.905574+00:00,London,TRANSITIONING,25.00,0.2857,0.001000,0.285714,0.5786,0.500000,0.4214,0.376020,0.214286,0.064286,-0.0100,-0.0098,0.420474,0.420474,0.059694,0.0100,False,0.6300,0.3700,False,HOLD,SELL,THRESHOLD_CHECK,BELOW_THRESHOLD,LOW,False,HOLD: Final 0.4205 between BUY>0.6300 and SELL<0.3700
2026-05-17T20:59:50.907569+00:00,London,RF_NOISE,25.00,0.2857,0.001000,0.439716,0.5500,0.500000,0.4500,0.500000,0.060284,0.000000,0.0000,0.0000,0.500000,0.500000,0.000000,0.0000,False,0.6000,0.4000,False,HOLD,NONE,SCORE_FLOOR,RF_NOISE_ZONE,LOW,False,"RF_NOISE_GATE: rf_prob=0.5000 in [0.4, 0.6]"
2026-05-17T20:59:50.908566+00:00,London,RF_NOISE,25.00,0.2857,0.001000,0.439716,0.5500,0.500000,0.4500,0.500000,0.060284,0.000000,0.0000,0.0000,0.500000,0.500000,0.000000,0.0000,False,0.6000,0.4000,False,HOLD,NONE,SCORE_FLOOR,RF_NOISE_ZONE,LOW,False,"RF_NOISE_GATE: rf_prob=0.5000 in [0.4, 0.6]"
2026-05-17T20:59:50.909564+00:00,London,RF_NOISE,25.00,0.2857,0.001000,0.439716,0.5500,0.500000,0.4500,0.500000,0.060284,0.000000,0.0000,0.0000,0.500000,0.500000,0.000000,0.0000,False,0.6000,0.4000,False,HOLD,NONE,SCORE_FLOOR,RF_NOISE_ZONE,LOW,False,"RF_NOISE_GATE: rf_prob=0.5000 in [0.4, 0.6]"
2026-05-17T20:59:50.910561+00:00,London,RF_NOISE,25.00,0.2857,0.001000,0.473684,0.5500,0.500000,0.4500,0.500000,0.026316,0.000000,0.0000,0.0000,0.500000,0.500000,0.000000,0.0000,False,0.6000,0.4000,False,HOLD,NONE,SCORE_FLOOR,RF_NOISE_ZONE,LOW,False,"RF_NOISE_GATE: rf_prob=0.5000 in [0.4, 0.6]"
2026-05-17T20:59:50.921005+00:00,London,TRANSITIONING,25.00,0.2857,0.001000,0.285714,0.5786,0.500000,0.4214,0.376020,0.214286,0.064286,-0.0100,-0.0098,0.420474,0.420474,0.059694,0.0100,False,0.6300,0.3700,False,HOLD,SELL,THRESHOLD_CHECK,BELOW_THRESHOLD,LOW,False,HOLD: Final 0.4205 between BUY>0.6300 and SELL<0.3700
2026-05-17T20:59:50.923220+00:00,London,RF_NOISE,25.00,0.2857,0.001000,0.439716,0.5500,0.500000,0.4500,0.500000,0.060284,0.000000,0.0000,0.0000,0.500000,0.500000,0.000000,0.0000,False,0.6000,0.4000,False,HOLD,NONE,SCORE_FLOOR,RF_NOISE_ZONE,LOW,False,"RF_NOISE_GATE: rf_prob=0.5000 in [0.4, 0.6]"
2026-05-17T20:59:50.924216+00:00,London,RF_NOISE,25.00,0.2857,0.001000,0.473684,0.5500,0.500000,0.4500,0.500000,0.026316,0.000000,0.0000,0.0000,0.500000,0.500000,0.000000,0.0000,False,0.6000,0.4000,False,HOLD,NONE,SCORE_FLOOR,RF_NOISE_ZONE,LOW,False,"RF_NOISE_GATE: rf_prob=0.5000 in [0.4, 0.6]"
2026-05-17T20:59:50.925212+00:00,London,RF_NOISE,25.00,0.2857,0.001000,0.439716,0.5500,0.500000,0.4500,0.500000,0.060284,0.000000,0.0000,0.0000,0.500000,0.500000,0.000000,0.0000,False,0.6000,0.4000,False,HOLD,NONE,SCORE_FLOOR,RF_NOISE_ZONE,LOW,False,"RF_NOISE_GATE: rf_prob=0.5000 in [0.4, 0.6]"
2026-05-17T20:59:50.926210+00:00,London,RF_NOISE,25.00,0.2857,0.001000,0.439716,0.5500,0.500000,0.4500,0.500000,0.060284,0.000000,0.0000,0.0000,0.500000,0.500000,0.000000,0.0000,False,0.6000,0.4000,False,HOLD,NONE,SCORE_FLOOR,RF_NOISE_ZONE,LOW,False,"RF_NOISE_GATE: rf_prob=0.5000 in [0.4, 0.6]"
2026-05-17T22:11:43.763696+00:00,UNKNOWN,TRENDING,41.89,0.7684,0.000255,0.934783,0.6268,0.509447,0.3732,0.776064,0.425335,0.127601,0.0000,-0.0086,0.500000,0.500000,0.148464,0.0100,False,0.6000,0.4000,False,HOLD,BUY,CONFLICT,COUNTER_TREND_H1,LOW,False,H1_COUNTER_TREND: BUY vs h1=-1
2026-05-17T22:13:03.989477+00:00,UNKNOWN,TRENDING,49.09,0.9741,0.000298,0.675325,0.6474,0.491872,0.3526,0.610640,0.183453,0.055036,0.0000,-0.0089,0.500000,0.500000,0.055604,0.0100,False,0.6000,0.4000,False,HOLD,BUY,CONFLICT,COUNTER_TREND_H1,LOW,False,H1_COUNTER_TREND: BUY vs h1=-1
2026-05-17T22:14:17.536993+00:00,UNKNOWN,RANGING,12.38,0.0000,0.052199,0.767123,0.5500,0.495495,0.4500,0.644890,0.271629,0.081489,0.0000,-0.0040,0.599388,0.599388,0.063402,0.0100,False,0.6400,0.3600,False,HOLD,BUY,THRESHOLD_CHECK,BELOW_THRESHOLD,MEDIUM,False,HOLD: Final 0.5994 between BUY>0.6400 and SELL<0.3600
2026-05-17T22:15:32.445933+00:00,UNKNOWN,TRENDING,50.76,1.0000,6.935060,0.902439,0.6500,0.511096,0.3500,0.765469,0.391343,0.117403,0.0000,0.0067,0.500000,0.500000,0.148066,0.0100,False,0.6000,0.4000,False,HOLD,BUY,CONFLICT,COUNTER_TREND_H1,LOW,False,H1_COUNTER_TREND: BUY vs h1=-1
2026-05-17T22:16:50.671627+00:00,UNKNOWN,TRENDING,41.89,0.7684,0.000251,0.934783,0.6268,0.518341,0.3732,0.779383,0.416442,0.124933,0.0000,-0.0088,0.500000,0.500000,0.154450,0.0100,False,0.6000,0.4000,False,HOLD,BUY,CONFLICT,COUNTER_TREND_H1,LOW,False,H1_COUNTER_TREND: BUY vs h1=-1
2026-05-17T22:18:09.493847+00:00,UNKNOWN,TRENDING,49.09,0.9741,0.000292,0.858824,0.6474,0.505790,0.3526,0.734346,0.353034,0.105910,0.0000,-0.0092,0.500000,0.500000,0.128436,0.0100,False,0.6000,0.4000,False,HOLD,BUY,CONFLICT,COUNTER_TREND_H1,LOW,False,H1_COUNTER_TREND: BUY vs h1=-1
2026-05-18T00:03:19.157228+00:00,London,RANGING,20.00,0.1429,0.001263,0.750000,0.5643,0.650000,0.4357,0.706429,0.100000,0.030000,-0.0100,0.0000,0.666429,0.666429,0.176429,0.0100,False,0.5800,0.4200,False,BUY,BUY,EXECUTION_READY,VALID_SIGNAL,HIGH,False,
2026-05-18T00:03:19.175874+00:00,London,RANGING,20.00,0.1429,0.001263,0.895807,0.5643,0.650000,0.4357,0.788705,0.245807,0.073742,-0.0100,0.0000,0.704963,0.704963,0.214963,0.0100,False,0.5800,0.4200,False,BUY,BUY,EXECUTION_READY,VALID_SIGNAL,HIGH,False,
2026-05-18T00:03:19.193056+00:00,London,RANGING,20.00,0.1429,0.001263,0.104193,0.5643,0.350000,0.4357,0.211295,0.245807,0.073742,-0.0100,0.0000,0.262234,0.262234,0.214963,0.0100,False,0.5800,0.4200,False,SELL,SELL,EXECUTION_READY,VALID_SIGNAL,HIGH,False,
2026-05-18T00:03:19.208436+00:00,London,RANGING,20.00,0.1429,0.001263,0.990000,0.5643,0.650000,0.4357,0.841857,0.340000,0.102000,-0.0100,0.0000,0.729857,0.729857,0.239857,0.0100,False,0.5800,0.4200,False,BUY,BUY,EXECUTION_READY,VALID_SIGNAL,HIGH,False,
2026-05-18T00:03:19.224042+00:00,London,RANGING,20.00,0.1429,0.001263,0.990000,0.5643,0.650000,0.4357,0.841857,0.340000,0.102000,-0.0100,0.0000,0.729857,0.729857,0.239857,0.0100,False,0.5800,0.4200,False,BUY,BUY,EXECUTION_READY,VALID_SIGNAL,HIGH,False,
2026-05-18T00:03:19.239841+00:00,London,RANGING,20.00,0.1429,0.001263,0.010000,0.5643,0.350000,0.4357,0.158143,0.340000,0.102000,-0.0100,0.0000,0.239331,0.239331,0.239857,0.0100,False,0.5800,0.4200,False,SELL,SELL,EXECUTION_READY,VALID_SIGNAL,HIGH,False,
2026-05-18T00:03:19.254214+00:00,London,RANGING,20.00,0.1429,0.001263,0.010000,0.5643,0.350000,0.4357,0.158143,0.340000,0.102000,-0.0100,0.0000,0.239331,0.239331,0.239857,0.0100,False,0.5800,0.4200,False,SELL,SELL,EXECUTION_READY,VALID_SIGNAL,HIGH,False,
2026-05-18T00:03:19.267649+00:00,London,RANGING,20.00,0.1429,0.001263,0.842907,0.5643,0.650000,0.4357,0.758855,0.192907,0.057872,-0.0100,0.0000,0.690983,0.690983,0.200983,0.0100,False,0.5800,0.4200,False,BUY,BUY,EXECUTION_READY,VALID_SIGNAL,HIGH,False,
2026-05-18T00:03:19.276486+00:00,London,RANGING,20.00,0.1429,0.001263,0.157093,0.5643,0.350000,0.4357,0.241145,0.192907,0.057872,-0.0100,0.0000,0.275096,0.275096,0.200983,0.0100,False,0.5800,0.4200,False,SELL,SELL,EXECUTION_READY,VALID_SIGNAL,HIGH,False,
2026-05-18T00:03:19.287567+00:00,London,RANGING,20.00,0.1429,0.001263,0.750000,0.5643,0.650000,0.4357,0.706429,0.100000,0.030000,-0.0100,0.0000,0.666429,0.666429,0.176429,0.0100,False,0.5800,0.4200,False,BUY,BUY,EXECUTION_READY,VALID_SIGNAL,HIGH,False,
2026-05-18T00:03:19.290208+00:00,London,RANGING,20.00,0.1429,0.001263,0.250000,0.5643,0.350000,0.4357,0.293571,0.100000,0.030000,-0.0100,0.0000,0.297686,0.297686,0.176429,0.0100,False,0.5800,0.4200,False,SELL,SELL,EXECUTION_READY,VALID_SIGNAL,HIGH,False,
2026-05-18T00:03:19.302232+00:00,London,RANGING,20.00,0.1429,0.001263,0.250000,0.5643,0.350000,0.4357,0.293571,0.100000,0.030000,-0.0100,0.0000,0.297686,0.297686,0.176429,0.0100,False,0.5800,0.4200,False,SELL,SELL,EXECUTION_READY,VALID_SIGNAL,HIGH,False,
2026-05-18T00:03:19.305583+00:00,London,RANGING,20.00,0.1429,0.001263,0.874045,0.5643,0.650000,0.4357,0.776425,0.224045,0.067214,-0.0100,0.0000,0.699212,0.699212,0.209212,0.0100,False,0.5800,0.4200,False,BUY,BUY,EXECUTION_READY,VALID_SIGNAL,HIGH,False,
2026-05-18T00:03:19.319637+00:00,London,RANGING,20.00,0.1429,0.001263,0.788398,0.5643,0.650000,0.4357,0.728096,0.138398,0.041519,-0.0100,0.0000,0.676577,0.676577,0.186577,0.0100,False,0.5800,0.4200,False,BUY,BUY,EXECUTION_READY,VALID_SIGNAL,HIGH,False,
2026-05-18T00:03:19.324989+00:00,London,RANGING,20.00,0.1429,0.001263,0.756202,0.5643,0.650000,0.4357,0.709928,0.106202,0.031861,-0.0100,0.0000,0.668068,0.668068,0.178068,0.0100,False,0.5800,0.4200,False,BUY,BUY,EXECUTION_READY,VALID_SIGNAL,HIGH,False,
2026-05-18T00:03:19.338786+00:00,London,RANGING,20.00,0.1429,0.001263,0.236030,0.5643,0.350000,0.4357,0.285688,0.113970,0.034191,-0.0100,0.0000,0.294289,0.294289,0.180121,0.0100,False,0.5800,0.4200,False,SELL,SELL,EXECUTION_READY,VALID_SIGNAL,HIGH,False,
2026-05-18T00:03:19.349617+00:00,London,RANGING,20.00,0.1429,0.001263,0.926494,0.5643,0.650000,0.4357,0.806022,0.276494,0.082948,-0.0100,0.0000,0.713073,0.713073,0.223073,0.0100,False,0.5800,0.4200,False,BUY,BUY,EXECUTION_READY,VALID_SIGNAL,HIGH,False,
2026-05-18T00:03:19.353758+00:00,London,RANGING,20.00,0.1429,0.001263,0.983758,0.5643,0.650000,0.4357,0.838335,0.333758,0.100127,-0.0100,0.0000,0.728207,0.728207,0.238207,0.0100,False,0.5800,0.4200,False,BUY,BUY,EXECUTION_READY,VALID_SIGNAL,HIGH,False,
2026-05-18T00:03:19.357223+00:00,London,RANGING,20.00,0.1429,0.001263,0.966617,0.5643,0.650000,0.4357,0.828663,0.316617,0.094985,-0.0100,0.0000,0.723677,0.723677,0.233677,0.0100,False,0.5800,0.4200,False,BUY,BUY,EXECUTION_READY,VALID_SIGNAL,HIGH,False,
2026-05-18T00:03:19.367078+00:00,London,RANGING,20.00,0.1429,0.001263,0.871277,0.5643,0.650000,0.4357,0.774863,0.221277,0.066383,-0.0100,0.0000,0.698480,0.698480,0.208480,0.0100,False,0.5800,0.4200,False,BUY,BUY,EXECUTION_READY,VALID_SIGNAL,HIGH,False,
2026-05-18T00:03:19.370155+00:00,London,RANGING,20.00,0.1429,0.001263,0.750000,0.5643,0.650000,0.4357,0.706429,0.100000,0.030000,-0.0100,0.0000,0.666429,0.666429,0.176429,0.0100,False,0.5800,0.4200,False,BUY,BUY,EXECUTION_READY,VALID_SIGNAL,HIGH,False,
2026-05-18T00:03:19.374198+00:00,London,RANGING,20.00,0.1429,0.001263,0.101407,0.5643,0.350000,0.4357,0.209722,0.248593,0.074578,-0.0100,0.0000,0.261556,0.261556,0.215700,0.0100,False,0.5800,0.4200,False,SELL,SELL,EXECUTION_READY,VALID_SIGNAL,HIGH,False,
2026-05-18T00:03:19.383964+00:00,London,RANGING,20.00,0.1429,0.001263,0.094851,0.5643,0.350000,0.4357,0.206023,0.255149,0.076545,-0.0100,0.0000,0.259962,0.259962,0.217432,0.0100,False,0.5800,0.4200,False,SELL,SELL,EXECUTION_READY,VALID_SIGNAL,HIGH,False,
2026-05-18T00:03:19.384964+00:00,London,RANGING,20.00,0.1429,0.001263,0.900601,0.5643,0.650000,0.4357,0.791410,0.250601,0.075180,-0.0100,0.0000,0.706230,0.706230,0.216230,0.0100,False,0.5800,0.4200,False,BUY,BUY,EXECUTION_READY,VALID_SIGNAL,HIGH,False,
2026-05-18T00:03:19.393336+00:00,London,RANGING,20.00,0.1429,0.001263,0.860085,0.5643,0.650000,0.4357,0.768548,0.210085,0.063025,-0.0100,0.0000,0.695522,0.695522,0.205522,0.0100,False,0.5800,0.4200,False,BUY,BUY,EXECUTION_READY,VALID_SIGNAL,HIGH,False,
2026-05-18T00:03:19.400046+00:00,London,RANGING,20.00,0.1429,0.001263,0.248537,0.5643,0.350000,0.4357,0.292746,0.101463,0.030439,-0.0100,0.0000,0.297330,0.297330,0.176815,0.0100,False,0.5800,0.4200,False,SELL,SELL,EXECUTION_READY,VALID_SIGNAL,HIGH,False,
2026-05-18T00:03:19.402278+00:00,London,RANGING,20.00,0.1429,0.001263,0.152039,0.5643,0.350000,0.4357,0.238293,0.197961,0.059388,-0.0100,0.0000,0.273867,0.273867,0.202318,0.0100,False,0.5800,0.4200,False,SELL,SELL,EXECUTION_READY,VALID_SIGNAL,HIGH,False,
2026-05-18T00:03:19.416891+00:00,London,RANGING,20.00,0.1429,0.001263,0.780221,0.5643,0.650000,0.4357,0.723482,0.130221,0.039066,-0.0100,0.0000,0.674416,0.674416,0.184416,0.0100,False,0.5800,0.4200,False,BUY,BUY,EXECUTION_READY,VALID_SIGNAL,HIGH,False,
2026-05-18T00:03:19.418883+00:00,London,RANGING,20.00,0.1429,0.001263,0.943284,0.5643,0.650000,0.4357,0.815496,0.293284,0.087985,-0.0100,0.0000,0.717511,0.717511,0.227511,0.0100,False,0.5800,0.4200,False,BUY,BUY,EXECUTION_READY,VALID_SIGNAL,HIGH,False,
2026-05-18T00:03:19.423975+00:00,London,RANGING,20.00,0.1429,0.001263,0.823888,0.5643,0.650000,0.4357,0.748122,0.173888,0.052166,-0.0100,0.0000,0.685956,0.685956,0.195956,0.0100,False,0.5800,0.4200,False,BUY,BUY,EXECUTION_READY,VALID_SIGNAL,HIGH,False,
2026-05-18T00:03:19.431690+00:00,London,RANGING,20.00,0.1429,0.001263,0.179626,0.5643,0.350000,0.4357,0.253860,0.170374,0.051112,-0.0100,0.0000,0.280575,0.280575,0.195027,0.0100,False,0.5800,0.4200,False,SELL,SELL,EXECUTION_READY,VALID_SIGNAL,HIGH,False,
2026-05-18T00:03:19.436674+00:00,London,RANGING,20.00,0.1429,0.001263,0.858925,0.5643,0.650000,0.4357,0.767893,0.208925,0.062678,-0.0100,0.0000,0.695216,0.695216,0.205216,0.0100,False,0.5800,0.4200,False,BUY,BUY,EXECUTION_READY,VALID_SIGNAL,HIGH,False,
2026-05-18T00:03:19.447793+00:00,London,RANGING,20.00,0.1429,0.001263,0.250000,0.5643,0.350000,0.4357,0.293571,0.100000,0.030000,-0.0100,0.0000,0.297686,0.297686,0.176429,0.0100,False,0.5800,0.4200,False,SELL,SELL,EXECUTION_READY,VALID_SIGNAL,HIGH,False,
2026-05-18T00:03:19.454099+00:00,London,RANGING,20.00,0.1429,0.001263,0.241554,0.5643,0.350000,0.4357,0.288806,0.108446,0.032534,-0.0100,0.0000,0.295632,0.295632,0.178661,0.0100,False,0.5800,0.4200,False,SELL,SELL,EXECUTION_READY,VALID_SIGNAL,HIGH,False,
2026-05-18T00:03:19.461149+00:00,London,RANGING,20.00,0.1429,0.001263,0.827972,0.5643,0.650000,0.4357,0.750427,0.177972,0.053391,-0.0100,0.0000,0.687035,0.687035,0.197035,0.0100,False,0.5800,0.4200,False,BUY,BUY,EXECUTION_READY,VALID_SIGNAL,HIGH,False,
2026-05-18T00:03:19.467501+00:00,London,RANGING,20.00,0.1429,0.001263,0.195097,0.5643,0.350000,0.4357,0.262591,0.154903,0.046471,-0.0100,0.0000,0.284336,0.284336,0.190939,0.0100,False,0.5800,0.4200,False,SELL,SELL,EXECUTION_READY,VALID_SIGNAL,HIGH,False,
2026-05-18T00:03:19.473981+00:00,London,RANGING,20.00,0.1429,0.001263,0.212695,0.5643,0.350000,0.4357,0.272521,0.137305,0.041192,-0.0100,0.0000,0.288615,0.288615,0.186288,0.0100,False,0.5800,0.4200,False,SELL,SELL,EXECUTION_READY,VALID_SIGNAL,HIGH,False,
2026-05-18T00:03:19.480986+00:00,London,RANGING,20.00,0.1429,0.001263,0.779346,0.5643,0.650000,0.4357,0.722988,0.129346,0.038804,-0.0100,0.0000,0.674184,0.674184,0.184184,0.0100,False,0.5800,0.4200,False,BUY,BUY,EXECUTION_READY,VALID_SIGNAL,HIGH,False,
2026-05-18T00:03:19.485865+00:00,London,RANGING,20.00,0.1429,0.001263,0.244175,0.5643,0.350000,0.4357,0.290284,0.105825,0.031748,-0.0100,0.0000,0.296269,0.296269,0.177968,0.0100,False,0.5800,0.4200,False,SELL,SELL,EXECUTION_READY,VALID_SIGNAL,HIGH,False,
2026-05-18T00:03:19.491250+00:00,London,RANGING,20.00,0.1429,0.001263,0.979172,0.5643,0.650000,0.4357,0.835747,0.329172,0.098751,-0.0100,0.0000,0.726995,0.726995,0.236995,0.0100,False,0.5800,0.4200,False,BUY,BUY,EXECUTION_READY,VALID_SIGNAL,HIGH,False,
2026-05-18T00:03:19.493775+00:00,London,RANGING,20.00,0.1429,0.001263,0.930010,0.5643,0.650000,0.4357,0.808005,0.280010,0.084003,-0.0100,0.0000,0.714003,0.714003,0.224003,0.0100,False,0.5800,0.4200,False,BUY,BUY,EXECUTION_READY,VALID_SIGNAL,HIGH,False,
2026-05-18T00:03:19.501707+00:00,London,RANGING,20.00,0.1429,0.001263,0.026632,0.5643,0.350000,0.4357,0.167528,0.323368,0.097010,-0.0100,0.0000,0.243375,0.243375,0.235461,0.0100,False,0.5800,0.4200,False,SELL,SELL,EXECUTION_READY,VALID_SIGNAL,HIGH,False,
2026-05-18T00:03:19.505589+00:00,London,RANGING,20.00,0.1429,0.001263,0.933034,0.5643,0.650000,0.4357,0.809712,0.283034,0.084910,-0.0100,0.0000,0.714802,0.714802,0.224802,0.0100,False,0.5800,0.4200,False,BUY,BUY,EXECUTION_READY,VALID_SIGNAL,HIGH,False,
2026-05-18T00:03:19.510392+00:00,London,RANGING,20.00,0.1429,0.001263,0.012446,0.5643,0.350000,0.4357,0.159523,0.337554,0.101266,-0.0100,0.0000,0.239926,0.239926,0.239211,0.0100,False,0.5800,0.4200,False,SELL,SELL,EXECUTION_READY,VALID_SIGNAL,HIGH,False,
2026-05-18T00:03:19.518666+00:00,London,RANGING,20.00,0.1429,0.001263,0.237216,0.5643,0.350000,0.4357,0.286357,0.112784,0.033835,-0.0100,0.0000,0.294577,0.294577,0.179807,0.0100,False,0.5800,0.4200,False,SELL,SELL,EXECUTION_READY,VALID_SIGNAL,HIGH,False,
2026-05-18T00:03:19.520663+00:00,London,RANGING,20.00,0.1429,0.001263,0.221040,0.5643,0.350000,0.4357,0.277230,0.128960,0.038688,-0.0100,0.0000,0.290644,0.290644,0.184082,0.0100,False,0.5800,0.4200,False,SELL,SELL,EXECUTION_READY,VALID_SIGNAL,HIGH,False,
2026-05-18T00:03:19.528548+00:00,London,RANGING,20.00,0.1429,0.001263,0.859260,0.5643,0.650000,0.4357,0.768083,0.209260,0.062778,-0.0100,0.0000,0.695305,0.695305,0.205305,0.0100,False,0.5800,0.4200,False,BUY,BUY,EXECUTION_READY,VALID_SIGNAL,HIGH,False,
2026-05-18T00:03:19.534747+00:00,London,RANGING,20.00,0.1429,0.001263,0.962992,0.5643,0.650000,0.4357,0.826617,0.312992,0.093898,-0.0100,0.0000,0.722719,0.722719,0.232719,0.0100,False,0.5800,0.4200,False,BUY,BUY,EXECUTION_READY,VALID_SIGNAL,HIGH,False,
2026-05-18T00:03:19.539006+00:00,London,RANGING,20.00,0.1429,0.001263,0.050680,0.5643,0.350000,0.4357,0.181098,0.299320,0.089796,-0.0100,0.0000,0.249222,0.249222,0.229106,0.0100,False,0.5800,0.4200,False,SELL,SELL,EXECUTION_READY,VALID_SIGNAL,HIGH,False,
2026-05-18T00:03:19.546360+00:00,London,RANGING,20.00,0.1429,0.001263,0.235122,0.5643,0.350000,0.4357,0.285176,0.114878,0.034463,-0.0100,0.0000,0.294068,0.294068,0.180361,0.0100,False,0.5800,0.4200,False,SELL,SELL,EXECUTION_READY,VALID_SIGNAL,HIGH,False,
2026-05-18T00:03:19.556667+00:00,London,RANGING,20.00,0.1429,0.001263,0.500000,0.5643,0.650000,0.4357,0.565357,0.150000,0.045000,-0.0100,0.0000,0.480357,0.480357,0.020357,0.0100,False,0.5800,0.4200,False,HOLD,BUY,THRESHOLD_CHECK,BELOW_THRESHOLD,LOW,False,HOLD: Final 0.4804 between BUY>0.5800 and SELL<0.4200
2026-05-18T00:03:19.564536+00:00,London,RANGING,20.00,0.1429,0.001263,0.500000,0.5643,0.650000,0.4357,0.565357,0.150000,0.045000,-0.0100,0.0000,0.510357,0.510357,0.020357,0.0100,False,0.5800,0.4200,False,HOLD,BUY,THRESHOLD_CHECK,BELOW_THRESHOLD,LOW,False,HOLD: Final 0.5104 between BUY>0.5800 and SELL<0.4200
2026-05-18T00:03:19.569538+00:00,London,RANGING,20.00,0.1429,0.001263,0.523972,0.5643,0.650000,0.4357,0.578884,0.126028,0.037809,-0.0100,0.0000,0.501075,0.501075,0.041075,0.0100,False,0.5800,0.4200,False,HOLD,BUY,THRESHOLD_CHECK,BELOW_THRESHOLD,LOW,False,HOLD: Final 0.5011 between BUY>0.5800 and SELL<0.4200
2026-05-18T00:03:19.571657+00:00,London,RANGING,20.00,0.1429,0.001263,0.523972,0.5643,0.650000,0.4357,0.578884,0.126028,0.037809,-0.0100,0.0000,0.531075,0.531075,0.041075,0.0100,False,0.5800,0.4200,False,HOLD,BUY,THRESHOLD_CHECK,BELOW_THRESHOLD,LOW,False,HOLD: Final 0.5311 between BUY>0.5800 and SELL<0.4200
2026-05-18T00:03:19.573652+00:00,London,RANGING,20.00,0.1429,0.001263,0.749000,0.5643,0.650000,0.4357,0.705864,0.099000,0.029700,-0.0100,0.0000,0.636164,0.636164,0.176164,0.0100,False,0.5800,0.4200,False,BUY,BUY,EXECUTION_READY,VALID_SIGNAL,MEDIUM,False,
2026-05-18T00:03:19.578075+00:00,London,RANGING,20.00,0.1429,0.001263,0.749000,0.5643,0.650000,0.4357,0.705864,0.099000,0.029700,-0.0100,0.0000,0.666164,0.666164,0.176164,0.0100,False,0.5800,0.4200,False,BUY,BUY,EXECUTION_READY,VALID_SIGNAL,HIGH,False,
2026-05-18T00:03:19.586066+00:00,London,RANGING,20.00,0.1429,0.001263,0.500000,0.5643,0.650000,0.4357,0.565357,0.150000,0.045000,-0.0100,0.0000,0.480357,0.480357,0.020357,0.0100,False,0.5800,0.4200,False,HOLD,BUY,THRESHOLD_CHECK,BELOW_THRESHOLD,LOW,False,HOLD: Final 0.4804 between BUY>0.5800 and SELL<0.4200
2026-05-18T00:03:19.589656+00:00,London,RANGING,20.00,0.1429,0.001263,0.500000,0.5643,0.650000,0.4357,0.565357,0.150000,0.045000,-0.0100,0.0000,0.510357,0.510357,0.020357,0.0100,False,0.5800,0.4200,False,HOLD,BUY,THRESHOLD_CHECK,BELOW_THRESHOLD,LOW,False,HOLD: Final 0.5104 between BUY>0.5800 and SELL<0.4200
2026-05-18T00:03:19.596844+00:00,London,RANGING,20.00,0.1429,0.001263,0.566909,0.5643,0.650000,0.4357,0.603113,0.083091,0.024927,-0.0100,0.0000,0.538186,0.538186,0.078186,0.0100,False,0.5800,0.4200,False,HOLD,BUY,THRESHOLD_CHECK,BELOW_THRESHOLD,LOW,False,HOLD: Final 0.5382 between BUY>0.5800 and SELL<0.4200
2026-05-18T00:03:19.599767+00:00,London,RANGING,20.00,0.1429,0.001263,0.566909,0.5643,0.650000,0.4357,0.603113,0.083091,0.024927,-0.0100,0.0000,0.568186,0.568186,0.078186,0.0100,False,0.5800,0.4200,False,HOLD,BUY,THRESHOLD_CHECK,BELOW_THRESHOLD,LOW,False,HOLD: Final 0.5682 between BUY>0.5800 and SELL<0.4200
2026-05-18T00:03:19.605440+00:00,London,RANGING,20.00,0.1429,0.001263,0.749000,0.5643,0.650000,0.4357,0.705864,0.099000,0.029700,-0.0100,0.0000,0.636164,0.636164,0.176164,0.0100,False,0.5800,0.4200,False,BUY,BUY,EXECUTION_READY,VALID_SIGNAL,MEDIUM,False,
2026-05-18T00:03:19.608484+00:00,London,RANGING,20.00,0.1429,0.001263,0.749000,0.5643,0.650000,0.4357,0.705864,0.099000,0.029700,-0.0100,0.0000,0.666164,0.666164,0.176164,0.0100,False,0.5800,0.4200,False,BUY,BUY,EXECUTION_READY,VALID_SIGNAL,HIGH,False,
2026-05-18T00:03:19.615546+00:00,London,RANGING,20.00,0.1429,0.001263,0.591876,0.5643,0.650000,0.4357,0.617201,0.058124,0.017437,-0.0100,0.0000,0.559764,0.559764,0.099764,0.0100,False,0.5800,0.4200,False,HOLD,BUY,THRESHOLD_CHECK,BELOW_THRESHOLD,LOW,False,HOLD: Final 0.5598 between BUY>0.5800 and SELL<0.4200
2026-05-18T00:03:19.618779+00:00,London,RANGING,20.00,0.1429,0.001263,0.591876,0.5643,0.650000,0.4357,0.617201,0.058124,0.017437,-0.0100,0.0000,0.589764,0.589764,0.099764,0.0100,False,0.5800,0.4200,False,BUY,BUY,EXECUTION_READY,VALID_SIGNAL,MEDIUM,False,
2026-05-18T00:03:19.625012+00:00,London,RANGING,20.00,0.1429,0.001263,0.563916,0.5643,0.650000,0.4357,0.601424,0.086084,0.025825,-0.0100,0.0000,0.535599,0.535599,0.075599,0.0100,False,0.5800,0.4200,False,HOLD,BUY,THRESHOLD_CHECK,BELOW_THRESHOLD,LOW,False,HOLD: Final 0.5356 between BUY>0.5800 and SELL<0.4200
2026-05-18T00:03:19.628475+00:00,London,RANGING,20.00,0.1429,0.001263,0.563916,0.5643,0.650000,0.4357,0.601424,0.086084,0.025825,-0.0100,0.0000,0.565599,0.565599,0.075599,0.0100,False,0.5800,0.4200,False,HOLD,BUY,THRESHOLD_CHECK,BELOW_THRESHOLD,LOW,False,HOLD: Final 0.5656 between BUY>0.5800 and SELL<0.4200
2026-05-18T00:03:19.634023+00:00,London,RANGING,20.00,0.1429,0.001263,0.642069,0.5643,0.650000,0.4357,0.645524,0.007931,0.002379,-0.0100,0.0000,0.603145,0.603145,0.143145,0.0100,False,0.5800,0.4200,False,BUY,BUY,EXECUTION_READY,VALID_SIGNAL,MEDIUM,False,
2026-05-18T00:03:19.636045+00:00,London,RANGING,20.00,0.1429,0.001263,0.642069,0.5643,0.650000,0.4357,0.645524,0.007931,0.002379,-0.0100,0.0000,0.633145,0.633145,0.143145,0.0100,False,0.5800,0.4200,False,BUY,BUY,EXECUTION_READY,VALID_SIGNAL,MEDIUM,False,
2026-05-18T00:03:19.641745+00:00,London,RANGING,20.00,0.1429,0.001263,0.633331,0.5643,0.650000,0.4357,0.640594,0.016669,0.005001,-0.0100,0.0000,0.595594,0.595594,0.135594,0.0100,False,0.5800,0.4200,False,BUY,BUY,EXECUTION_READY,VALID_SIGNAL,MEDIUM,False,
2026-05-18T00:03:19.643452+00:00,London,RANGING,20.00,0.1429,0.001263,0.633331,0.5643,0.650000,0.4357,0.640594,0.016669,0.005001,-0.0100,0.0000,0.625594,0.625594,0.135594,0.0100,False,0.5800,0.4200,False,BUY,BUY,EXECUTION_READY,VALID_SIGNAL,MEDIUM,False,
2026-05-18T00:03:19.650299+00:00,London,RANGING,20.00,0.1429,0.001263,0.719726,0.5643,0.650000,0.4357,0.689345,0.069726,0.020918,-0.0100,0.0000,0.628427,0.628427,0.168427,0.0100,False,0.5800,0.4200,False,BUY,BUY,EXECUTION_READY,VALID_SIGNAL,MEDIUM,False,
2026-05-18T00:03:19.652317+00:00,London,RANGING,20.00,0.1429,0.001263,0.719726,0.5643,0.650000,0.4357,0.689345,0.069726,0.020918,-0.0100,0.0000,0.658427,0.658427,0.168427,0.0100,False,0.5800,0.4200,False,BUY,BUY,EXECUTION_READY,VALID_SIGNAL,HIGH,False,
2026-05-18T00:03:19.658211+00:00,London,RANGING,20.00,0.1429,0.001263,0.500000,0.5643,0.650000,0.4357,0.565357,0.150000,0.045000,-0.0100,0.0000,0.480357,0.480357,0.020357,0.0100,False,0.5800,0.4200,False,HOLD,BUY,THRESHOLD_CHECK,BELOW_THRESHOLD,LOW,False,HOLD: Final 0.4804 between BUY>0.5800 and SELL<0.4200
2026-05-18T00:03:19.665041+00:00,London,RANGING,20.00,0.1429,0.001263,0.500000,0.5643,0.650000,0.4357,0.565357,0.150000,0.045000,-0.0100,0.0000,0.510357,0.510357,0.020357,0.0100,False,0.5800,0.4200,False,HOLD,BUY,THRESHOLD_CHECK,BELOW_THRESHOLD,LOW,False,HOLD: Final 0.5104 between BUY>0.5800 and SELL<0.4200
2026-05-18T00:03:19.670759+00:00,London,RANGING,20.00,0.1429,0.001263,0.546136,0.5643,0.650000,0.4357,0.591391,0.103864,0.031159,-0.0100,0.0000,0.520232,0.520232,0.060232,0.0100,False,0.5800,0.4200,False,HOLD,BUY,THRESHOLD_CHECK,BELOW_THRESHOLD,LOW,False,HOLD: Final 0.5202 between BUY>0.5800 and SELL<0.4200
2026-05-18T00:03:19.672614+00:00,London,RANGING,20.00,0.1429,0.001263,0.546136,0.5643,0.650000,0.4357,0.591391,0.103864,0.031159,-0.0100,0.0000,0.550232,0.550232,0.060232,0.0100,False,0.5800,0.4200,False,HOLD,BUY,THRESHOLD_CHECK,BELOW_THRESHOLD,LOW,False,HOLD: Final 0.5502 between BUY>0.5800 and SELL<0.4200
2026-05-18T00:03:19.675638+00:00,London,RANGING,20.00,0.1429,0.001263,0.614742,0.5643,0.650000,0.4357,0.630104,0.035258,0.010577,-0.0100,0.0000,0.579527,0.579527,0.119527,0.0100,False,0.5800,0.4200,False,HOLD,BUY,THRESHOLD_CHECK,BELOW_THRESHOLD,LOW,False,HOLD: Final 0.5795 between BUY>0.5800 and SELL<0.4200
2026-05-18T00:03:19.678605+00:00,London,RANGING,20.00,0.1429,0.001263,0.614742,0.5643,0.650000,0.4357,0.630104,0.035258,0.010577,-0.0100,0.0000,0.609527,0.609527,0.119527,0.0100,False,0.5800,0.4200,False,BUY,BUY,EXECUTION_READY,VALID_SIGNAL,MEDIUM,False,
2026-05-18T00:03:19.683612+00:00,London,RANGING,20.00,0.1429,0.001263,0.605698,0.5643,0.650000,0.4357,0.625001,0.044302,0.013291,-0.0100,0.0000,0.571710,0.571710,0.111710,0.0100,False,0.5800,0.4200,False,HOLD,BUY,THRESHOLD_CHECK,BELOW_THRESHOLD,LOW,False,HOLD: Final 0.5717 between BUY>0.5800 and SELL<0.4200
2026-05-18T00:03:19.686634+00:00,London,RANGING,20.00,0.1429,0.001263,0.605698,0.5643,0.650000,0.4357,0.625001,0.044302,0.013291,-0.0100,0.0000,0.601710,0.601710,0.111710,0.0100,False,0.5800,0.4200,False,BUY,BUY,EXECUTION_READY,VALID_SIGNAL,MEDIUM,False,
2026-05-18T00:03:19.697241+00:00,London,RANGING,20.00,0.1429,0.001263,0.500000,0.5643,0.650000,0.4357,0.565357,0.150000,0.045000,-0.0100,0.0000,0.480357,0.480357,0.020357,0.0100,False,0.5800,0.4200,False,HOLD,BUY,THRESHOLD_CHECK,BELOW_THRESHOLD,LOW,False,HOLD: Final 0.4804 between BUY>0.5800 and SELL<0.4200
2026-05-18T00:03:19.700233+00:00,London,RANGING,20.00,0.1429,0.001263,0.500000,0.5643,0.650000,0.4357,0.565357,0.150000,0.045000,-0.0100,0.0000,0.510357,0.510357,0.020357,0.0100,False,0.5800,0.4200,False,HOLD,BUY,THRESHOLD_CHECK,BELOW_THRESHOLD,LOW,False,HOLD: Final 0.5104 between BUY>0.5800 and SELL<0.4200
2026-05-18T00:03:19.706477+00:00,London,RANGING,20.00,0.1429,0.001263,0.715058,0.5643,0.650000,0.4357,0.686711,0.065058,0.019517,-0.0100,0.0000,0.627194,0.627194,0.167194,0.0100,False,0.5800,0.4200,False,BUY,BUY,EXECUTION_READY,VALID_SIGNAL,MEDIUM,False,
2026-05-18T00:03:19.708507+00:00,London,RANGING,20.00,0.1429,0.001263,0.715058,0.5643,0.650000,0.4357,0.686711,0.065058,0.019517,-0.0100,0.0000,0.657194,0.657194,0.167194,0.0100,False,0.5800,0.4200,False,BUY,BUY,EXECUTION_READY,VALID_SIGNAL,HIGH,False,
2026-05-18T00:03:19.713196+00:00,London,RANGING,20.00,0.1429,0.001263,0.708677,0.5643,0.650000,0.4357,0.683110,0.058677,0.017603,-0.0100,0.0000,0.625507,0.625507,0.165507,0.0100,False,0.5800,0.4200,False,BUY,BUY,EXECUTION_READY,VALID_SIGNAL,MEDIUM,False,
2026-05-18T00:03:19.715210+00:00,London,RANGING,20.00,0.1429,0.001263,0.708677,0.5643,0.650000,0.4357,0.683110,0.058677,0.017603,-0.0100,0.0000,0.655507,0.655507,0.165507,0.0100,False,0.5800,0.4200,False,BUY,BUY,EXECUTION_READY,VALID_SIGNAL,HIGH,False,
2026-05-18T00:03:19.722121+00:00,London,RANGING,20.00,0.1429,0.001263,0.500000,0.5643,0.650000,0.4357,0.565357,0.150000,0.045000,-0.0100,0.0000,0.480357,0.480357,0.020357,0.0100,False,0.5800,0.4200,False,HOLD,BUY,THRESHOLD_CHECK,BELOW_THRESHOLD,LOW,False,HOLD: Final 0.4804 between BUY>0.5800 and SELL<0.4200
2026-05-18T00:03:19.724338+00:00,London,RANGING,20.00,0.1429,0.001263,0.500000,0.5643,0.650000,0.4357,0.565357,0.150000,0.045000,-0.0100,0.0000,0.510357,0.510357,0.020357,0.0100,False,0.5800,0.4200,False,HOLD,BUY,THRESHOLD_CHECK,BELOW_THRESHOLD,LOW,False,HOLD: Final 0.5104 between BUY>0.5800 and SELL<0.4200
2026-05-18T00:03:19.728485+00:00,London,RANGING,20.00,0.1429,0.001263,0.571767,0.5643,0.650000,0.4357,0.605854,0.078233,0.023470,-0.0100,0.0000,0.542384,0.542384,0.082384,0.0100,False,0.5800,0.4200,False,HOLD,BUY,THRESHOLD_CHECK,BELOW_THRESHOLD,LOW,False,HOLD: Final 0.5424 between BUY>0.5800 and SELL<0.4200
2026-05-18T00:03:19.731554+00:00,London,RANGING,20.00,0.1429,0.001263,0.571767,0.5643,0.650000,0.4357,0.605854,0.078233,0.023470,-0.0100,0.0000,0.572384,0.572384,0.082384,0.0100,False,0.5800,0.4200,False,HOLD,BUY,THRESHOLD_CHECK,BELOW_THRESHOLD,LOW,False,HOLD: Final 0.5724 between BUY>0.5800 and SELL<0.4200
2026-05-18T00:03:19.737882+00:00,London,RANGING,20.00,0.1429,0.001263,0.500000,0.5643,0.650000,0.4357,0.565357,0.150000,0.045000,-0.0100,0.0000,0.480357,0.480357,0.020357,0.0100,False,0.5800,0.4200,False,HOLD,BUY,THRESHOLD_CHECK,BELOW_THRESHOLD,LOW,False,HOLD: Final 0.4804 between BUY>0.5800 and SELL<0.4200
2026-05-18T00:03:19.740167+00:00,London,RANGING,20.00,0.1429,0.001263,0.500000,0.5643,0.650000,0.4357,0.565357,0.150000,0.045000,-0.0100,0.0000,0.510357,0.510357,0.020357,0.0100,False,0.5800,0.4200,False,HOLD,BUY,THRESHOLD_CHECK,BELOW_THRESHOLD,LOW,False,HOLD: Final 0.5104 between BUY>0.5800 and SELL<0.4200
2026-05-18T00:03:19.747622+00:00,London,RANGING,20.00,0.1429,0.001263,0.736778,0.5643,0.650000,0.4357,0.698967,0.086778,0.026033,-0.0100,0.0000,0.632934,0.632934,0.172934,0.0100,False,0.5800,0.4200,False,BUY,BUY,EXECUTION_READY,VALID_SIGNAL,MEDIUM,False,
2026-05-18T00:03:19.749879+00:00,London,RANGING,20.00,0.1429,0.001263,0.736778,0.5643,0.650000,0.4357,0.698967,0.086778,0.026033,-0.0100,0.0000,0.662934,0.662934,0.172934,0.0100,False,0.5800,0.4200,False,BUY,BUY,EXECUTION_READY,VALID_SIGNAL,HIGH,False,
2026-05-18T00:03:19.755258+00:00,London,RANGING,20.00,0.1429,0.001263,0.612997,0.5643,0.650000,0.4357,0.629120,0.037003,0.011101,-0.0100,0.0000,0.578019,0.578019,0.118019,0.0100,False,0.5800,0.4200,False,HOLD,BUY,THRESHOLD_CHECK,BELOW_THRESHOLD,LOW,False,HOLD: Final 0.5780 between BUY>0.5800 and SELL<0.4200
2026-05-18T00:03:19.758943+00:00,London,RANGING,20.00,0.1429,0.001263,0.612997,0.5643,0.650000,0.4357,0.629120,0.037003,0.011101,-0.0100,0.0000,0.608019,0.608019,0.118019,0.0100,False,0.5800,0.4200,False,BUY,BUY,EXECUTION_READY,VALID_SIGNAL,MEDIUM,False,
2026-05-18T00:03:19.764669+00:00,London,RANGING,20.00,0.1429,0.001263,0.500000,0.5643,0.650000,0.4357,0.565357,0.150000,0.045000,-0.0100,0.0000,0.480357,0.480357,0.020357,0.0100,False,0.5800,0.4200,False,HOLD,BUY,THRESHOLD_CHECK,BELOW_THRESHOLD,LOW,False,HOLD: Final 0.4804 between BUY>0.5800 and SELL<0.4200
2026-05-18T00:03:19.767034+00:00,London,RANGING,20.00,0.1429,0.001263,0.500000,0.5643,0.650000,0.4357,0.565357,0.150000,0.045000,-0.0100,0.0000,0.510357,0.510357,0.020357,0.0100,False,0.5800,0.4200,False,HOLD,BUY,THRESHOLD_CHECK,BELOW_THRESHOLD,LOW,False,HOLD: Final 0.5104 between BUY>0.5800 and SELL<0.4200
2026-05-18T00:03:19.768922+00:00,London,RANGING,20.00,0.1429,0.001263,0.576103,0.5643,0.650000,0.4357,0.608301,0.073897,0.022169,-0.0100,0.0000,0.546132,0.546132,0.086132,0.0100,False,0.5800,0.4200,False,HOLD,BUY,THRESHOLD_CHECK,BELOW_THRESHOLD,LOW,False,HOLD: Final 0.5461 between BUY>0.5800 and SELL<0.4200
2026-05-18T00:03:19.773851+00:00,London,RANGING,20.00,0.1429,0.001263,0.576103,0.5643,0.650000,0.4357,0.608301,0.073897,0.022169,-0.0100,0.0000,0.576132,0.576132,0.086132,0.0100,False,0.5800,0.4200,False,HOLD,BUY,THRESHOLD_CHECK,BELOW_THRESHOLD,LOW,False,HOLD: Final 0.5761 between BUY>0.5800 and SELL<0.4200
2026-05-18T00:03:19.780566+00:00,London,RANGING,20.00,0.1429,0.001263,0.519382,0.5643,0.650000,0.4357,0.576294,0.130618,0.039185,-0.0100,0.0000,0.497109,0.497109,0.037109,0.0100,False,0.5800,0.4200,False,HOLD,BUY,THRESHOLD_CHECK,BELOW_THRESHOLD,LOW,False,HOLD: Final 0.4971 between BUY>0.5800 and SELL<0.4200
2026-05-18T00:03:19.782560+00:00,London,RANGING,20.00,0.1429,0.001263,0.519382,0.5643,0.650000,0.4357,0.576294,0.130618,0.039185,-0.0100,0.0000,0.527109,0.527109,0.037109,0.0100,False,0.5800,0.4200,False,HOLD,BUY,THRESHOLD_CHECK,BELOW_THRESHOLD,LOW,False,HOLD: Final 0.5271 between BUY>0.5800 and SELL<0.4200
2026-05-18T00:03:19.788925+00:00,London,RANGING,20.00,0.1429,0.001263,0.627307,0.5643,0.650000,0.4357,0.637195,0.022693,0.006808,-0.0100,0.0000,0.590387,0.590387,0.130387,0.0100,False,0.5800,0.4200,False,BUY,BUY,EXECUTION_READY,VALID_SIGNAL,MEDIUM,False,
2026-05-18T00:03:19.790920+00:00,London,RANGING,20.00,0.1429,0.001263,0.627307,0.5643,0.650000,0.4357,0.637195,0.022693,0.006808,-0.0100,0.0000,0.620387,0.620387,0.130387,0.0100,False,0.5800,0.4200,False,BUY,BUY,EXECUTION_READY,VALID_SIGNAL,MEDIUM,False,
2026-05-18T00:03:19.796582+00:00,London,RANGING,20.00,0.1429,0.001263,0.516042,0.5643,0.650000,0.4357,0.574410,0.133958,0.040187,-0.0100,0.0000,0.494222,0.494222,0.034222,0.0100,False,0.5800,0.4200,False,HOLD,BUY,THRESHOLD_CHECK,BELOW_THRESHOLD,LOW,False,HOLD: Final 0.4942 between BUY>0.5800 and SELL<0.4200
2026-05-18T00:03:19.799557+00:00,London,RANGING,20.00,0.1429,0.001263,0.516042,0.5643,0.650000,0.4357,0.574410,0.133958,0.040187,-0.0100,0.0000,0.524222,0.524222,0.034222,0.0100,False,0.5800,0.4200,False,HOLD,BUY,THRESHOLD_CHECK,BELOW_THRESHOLD,LOW,False,HOLD: Final 0.5242 between BUY>0.5800 and SELL<0.4200
2026-05-18T00:03:19.801214+00:00,London,RANGING,20.00,0.1429,0.001263,0.626427,0.5643,0.650000,0.4357,0.636698,0.023573,0.007072,-0.0100,0.0000,0.589626,0.589626,0.129626,0.0100,False,0.5800,0.4200,False,BUY,BUY,EXECUTION_READY,VALID_SIGNAL,MEDIUM,False,
2026-05-18T00:03:19.806306+00:00,London,RANGING,20.00,0.1429,0.001263,0.626427,0.5643,0.650000,0.4357,0.636698,0.023573,0.007072,-0.0100,0.0000,0.619626,0.619626,0.129626,0.0100,False,0.5800,0.4200,False,BUY,BUY,EXECUTION_READY,VALID_SIGNAL,MEDIUM,False,
2026-05-18T00:03:19.811054+00:00,London,RANGING,20.00,0.1429,0.001263,0.640260,0.5643,0.650000,0.4357,0.644504,0.009740,0.002922,-0.0100,0.0000,0.601582,0.601582,0.141582,0.0100,False,0.5800,0.4200,False,BUY,BUY,EXECUTION_READY,VALID_SIGNAL,MEDIUM,False,
2026-05-18T00:03:19.813238+00:00,London,RANGING,20.00,0.1429,0.001263,0.640260,0.5643,0.650000,0.4357,0.644504,0.009740,0.002922,-0.0100,0.0000,0.631582,0.631582,0.141582,0.0100,False,0.5800,0.4200,False,BUY,BUY,EXECUTION_READY,VALID_SIGNAL,MEDIUM,False,
2026-05-18T00:03:19.818492+00:00,London,RANGING,20.00,0.1429,0.001263,0.732631,0.5643,0.650000,0.4357,0.696628,0.082631,0.024789,-0.0100,0.0000,0.631838,0.631838,0.171838,0.0100,False,0.5800,0.4200,False,BUY,BUY,EXECUTION_READY,VALID_SIGNAL,MEDIUM,False,
2026-05-18T00:03:19.820183+00:00,London,RANGING,20.00,0.1429,0.001263,0.732631,0.5643,0.650000,0.4357,0.696628,0.082631,0.024789,-0.0100,0.0000,0.661838,0.661838,0.171838,0.0100,False,0.5800,0.4200,False,BUY,BUY,EXECUTION_READY,VALID_SIGNAL,HIGH,False,
2026-05-18T00:03:19.826017+00:00,London,RANGING,20.00,0.1429,0.001263,0.500000,0.5643,0.650000,0.4357,0.565357,0.150000,0.045000,-0.0100,0.0000,0.480357,0.480357,0.020357,0.0100,False,0.5800,0.4200,False,HOLD,BUY,THRESHOLD_CHECK,BELOW_THRESHOLD,LOW,False,HOLD: Final 0.4804 between BUY>0.5800 and SELL<0.4200
2026-05-18T00:03:19.828045+00:00,London,RANGING,20.00,0.1429,0.001263,0.500000,0.5643,0.650000,0.4357,0.565357,0.150000,0.045000,-0.0100,0.0000,0.510357,0.510357,0.020357,0.0100,False,0.5800,0.4200,False,HOLD,BUY,THRESHOLD_CHECK,BELOW_THRESHOLD,LOW,False,HOLD: Final 0.5104 between BUY>0.5800 and SELL<0.4200
2026-05-18T00:03:19.832911+00:00,London,RANGING,20.00,0.1429,0.001263,0.725602,0.5643,0.650000,0.4357,0.692661,0.075602,0.022681,-0.0100,0.0000,0.629981,0.629981,0.169981,0.0100,False,0.5800,0.4200,False,BUY,BUY,EXECUTION_READY,VALID_SIGNAL,MEDIUM,False,
2026-05-18T00:03:19.835907+00:00,London,RANGING,20.00,0.1429,0.001263,0.725602,0.5643,0.650000,0.4357,0.692661,0.075602,0.022681,-0.0100,0.0000,0.659981,0.659981,0.169981,0.0100,False,0.5800,0.4200,False,BUY,BUY,EXECUTION_READY,VALID_SIGNAL,HIGH,False,
2026-05-18T00:03:19.840278+00:00,London,RANGING,20.00,0.1429,0.001263,0.637527,0.5643,0.650000,0.4357,0.642962,0.012473,0.003742,-0.0100,0.0000,0.599220,0.599220,0.139220,0.0100,False,0.5800,0.4200,False,BUY,BUY,EXECUTION_READY,VALID_SIGNAL,MEDIUM,False,
2026-05-18T00:03:19.842371+00:00,London,RANGING,20.00,0.1429,0.001263,0.637527,0.5643,0.650000,0.4357,0.642962,0.012473,0.003742,-0.0100,0.0000,0.629220,0.629220,0.139220,0.0100,False,0.5800,0.4200,False,BUY,BUY,EXECUTION_READY,VALID_SIGNAL,MEDIUM,False,
2026-05-18T00:03:19.849133+00:00,London,RANGING,20.00,0.1429,0.001263,0.703164,0.5643,0.650000,0.4357,0.680000,0.053164,0.015949,-0.0100,0.0000,0.624050,0.624050,0.164050,0.0100,False,0.5800,0.4200,False,BUY,BUY,EXECUTION_READY,VALID_SIGNAL,MEDIUM,False,
2026-05-18T00:03:19.852203+00:00,London,RANGING,20.00,0.1429,0.001263,0.703164,0.5643,0.650000,0.4357,0.680000,0.053164,0.015949,-0.0100,0.0000,0.654050,0.654050,0.164050,0.0100,False,0.5800,0.4200,False,BUY,BUY,EXECUTION_READY,VALID_SIGNAL,HIGH,False,
2026-05-18T00:03:19.857567+00:00,London,RANGING,20.00,0.1429,0.001263,0.572442,0.5643,0.650000,0.4357,0.606235,0.077558,0.023267,-0.0100,0.0000,0.542968,0.542968,0.082968,0.0100,False,0.5800,0.4200,False,HOLD,BUY,THRESHOLD_CHECK,BELOW_THRESHOLD,LOW,False,HOLD: Final 0.5430 between BUY>0.5800 and SELL<0.4200
2026-05-18T00:03:19.860671+00:00,London,RANGING,20.00,0.1429,0.001263,0.572442,0.5643,0.650000,0.4357,0.606235,0.077558,0.023267,-0.0100,0.0000,0.572968,0.572968,0.082968,0.0100,False,0.5800,0.4200,False,HOLD,BUY,THRESHOLD_CHECK,BELOW_THRESHOLD,LOW,False,HOLD: Final 0.5730 between BUY>0.5800 and SELL<0.4200
2026-05-18T00:03:19.868334+00:00,London,RANGING,20.00,0.1429,0.001263,0.677983,0.5643,0.650000,0.4357,0.665790,0.027983,0.008395,-0.0100,0.0000,0.617396,0.617396,0.157396,0.0100,False,0.5800,0.4200,False,BUY,BUY,EXECUTION_READY,VALID_SIGNAL,MEDIUM,False,
2026-05-18T00:03:19.871838+00:00,London,RANGING,20.00,0.1429,0.001263,0.677983,0.5643,0.650000,0.4357,0.665790,0.027983,0.008395,-0.0100,0.0000,0.647396,0.647396,0.157396,0.0100,False,0.5800,0.4200,False,BUY,BUY,EXECUTION_READY,VALID_SIGNAL,MEDIUM,False,
2026-05-18T00:03:19.876735+00:00,London,RANGING,20.00,0.1429,0.001263,0.631140,0.5643,0.650000,0.4357,0.639358,0.018860,0.005658,-0.0100,0.0000,0.593700,0.593700,0.133700,0.0100,False,0.5800,0.4200,False,BUY,BUY,EXECUTION_READY,VALID_SIGNAL,MEDIUM,False,
2026-05-18T00:03:19.878261+00:00,London,RANGING,20.00,0.1429,0.001263,0.631140,0.5643,0.650000,0.4357,0.639358,0.018860,0.005658,-0.0100,0.0000,0.623700,0.623700,0.133700,0.0100,False,0.5800,0.4200,False,BUY,BUY,EXECUTION_READY,VALID_SIGNAL,MEDIUM,False,
2026-05-18T00:03:19.888646+00:00,London,RANGING,20.00,0.1429,0.001263,0.685290,0.5643,0.650000,0.4357,0.669914,0.035290,0.010587,-0.0100,0.0000,0.619327,0.619327,0.159327,0.0100,False,0.5800,0.4200,False,BUY,BUY,EXECUTION_READY,VALID_SIGNAL,MEDIUM,False,
2026-05-18T00:03:19.896069+00:00,London,RANGING,20.00,0.1429,0.001263,0.685290,0.5643,0.650000,0.4357,0.669914,0.035290,0.010587,-0.0100,0.0000,0.649327,0.649327,0.159327,0.0100,False,0.5800,0.4200,False,BUY,BUY,EXECUTION_READY,VALID_SIGNAL,MEDIUM,False,
2026-05-18T00:03:19.933528+00:00,London,RANGING,20.00,0.1429,0.001263,0.675063,0.5643,0.650000,0.4357,0.664143,0.025063,0.007519,-0.0100,0.0000,0.616624,0.616624,0.156624,0.0100,False,0.5800,0.4200,False,BUY,BUY,EXECUTION_READY,VALID_SIGNAL,MEDIUM,False,
2026-05-18T00:03:19.959602+00:00,London,RANGING,20.00,0.1429,0.001263,0.675063,0.5643,0.650000,0.4357,0.664143,0.025063,0.007519,-0.0100,0.0000,0.646624,0.646624,0.156624,0.0100,False,0.5800,0.4200,False,BUY,BUY,EXECUTION_READY,VALID_SIGNAL,MEDIUM,False,
2026-05-18T00:03:19.966195+00:00,London,RANGING,20.00,0.1429,0.001263,0.503356,0.5643,0.650000,0.4357,0.567251,0.146644,0.043993,-0.0100,0.0000,0.483257,0.483257,0.023257,0.0100,False,0.5800,0.4200,False,HOLD,BUY,THRESHOLD_CHECK,BELOW_THRESHOLD,LOW,False,HOLD: Final 0.4833 between BUY>0.5800 and SELL<0.4200
2026-05-18T00:03:19.968844+00:00,London,RANGING,20.00,0.1429,0.001263,0.503356,0.5643,0.650000,0.4357,0.567251,0.146644,0.043993,-0.0100,0.0000,0.513257,0.513257,0.023257,0.0100,False,0.5800,0.4200,False,HOLD,BUY,THRESHOLD_CHECK,BELOW_THRESHOLD,LOW,False,HOLD: Final 0.5133 between BUY>0.5800 and SELL<0.4200
2026-05-18T00:03:19.970839+00:00,London,RANGING,20.00,0.1429,0.001263,0.704718,0.5643,0.650000,0.4357,0.680876,0.054718,0.016415,-0.0100,0.0000,0.624461,0.624461,0.164461,0.0100,False,0.5800,0.4200,False,BUY,BUY,EXECUTION_READY,VALID_SIGNAL,MEDIUM,False,
2026-05-18T00:03:19.970839+00:00,London,RANGING,20.00,0.1429,0.001263,0.704718,0.5643,0.650000,0.4357,0.680876,0.054718,0.016415,-0.0100,0.0000,0.654461,0.654461,0.164461,0.0100,False,0.5800,0.4200,False,BUY,BUY,EXECUTION_READY,VALID_SIGNAL,HIGH,False,
2026-05-18T00:03:19.987750+00:00,London,RANGING,20.00,0.1429,0.001263,0.609284,0.5643,0.650000,0.4357,0.627025,0.040716,0.012215,-0.0100,0.0000,0.574810,0.574810,0.114810,0.0100,False,0.5800,0.4200,False,HOLD,BUY,THRESHOLD_CHECK,BELOW_THRESHOLD,LOW,False,HOLD: Final 0.5748 between BUY>0.5800 and SELL<0.4200
2026-05-18T00:03:19.989715+00:00,London,RANGING,20.00,0.1429,0.001263,0.609284,0.5643,0.650000,0.4357,0.627025,0.040716,0.012215,-0.0100,0.0000,0.604810,0.604810,0.114810,0.0100,False,0.5800,0.4200,False,BUY,BUY,EXECUTION_READY,VALID_SIGNAL,MEDIUM,False,
2026-05-18T00:03:19.992743+00:00,London,RANGING,20.00,0.1429,0.001263,0.506972,0.5643,0.650000,0.4357,0.569291,0.143028,0.042908,-0.0100,0.0000,0.486383,0.486383,0.026383,0.0100,False,0.5800,0.4200,False,HOLD,BUY,THRESHOLD_CHECK,BELOW_THRESHOLD,LOW,False,HOLD: Final 0.4864 between BUY>0.5800 and SELL<0.4200
2026-05-18T00:03:19.995588+00:00,London,RANGING,20.00,0.1429,0.001263,0.506972,0.5643,0.650000,0.4357,0.569291,0.143028,0.042908,-0.0100,0.0000,0.516383,0.516383,0.026383,0.0100,False,0.5800,0.4200,False,HOLD,BUY,THRESHOLD_CHECK,BELOW_THRESHOLD,LOW,False,HOLD: Final 0.5164 between BUY>0.5800 and SELL<0.4200
2026-05-18T00:03:19.996938+00:00,London,RANGING,20.00,0.1429,0.001263,0.696103,0.5643,0.650000,0.4357,0.676015,0.046103,0.013831,-0.0100,0.0000,0.622184,0.622184,0.162184,0.0100,False,0.5800,0.4200,False,BUY,BUY,EXECUTION_READY,VALID_SIGNAL,MEDIUM,False,
2026-05-18T00:03:20.002953+00:00,London,RANGING,20.00,0.1429,0.001263,0.696103,0.5643,0.650000,0.4357,0.676015,0.046103,0.013831,-0.0100,0.0000,0.652184,0.652184,0.162184,0.0100,False,0.5800,0.4200,False,BUY,BUY,EXECUTION_READY,VALID_SIGNAL,HIGH,False,
2026-05-18T00:03:20.006652+00:00,London,RANGING,20.00,0.1429,0.001263,0.721293,0.5643,0.650000,0.4357,0.690230,0.071293,0.021388,-0.0100,0.0000,0.628842,0.628842,0.168842,0.0100,False,0.5800,0.4200,False,BUY,BUY,EXECUTION_READY,VALID_SIGNAL,MEDIUM,False,
2026-05-18T00:03:20.009133+00:00,London,RANGING,20.00,0.1429,0.001263,0.721293,0.5643,0.650000,0.4357,0.690230,0.071293,0.021388,-0.0100,0.0000,0.658842,0.658842,0.168842,0.0100,False,0.5800,0.4200,False,BUY,BUY,EXECUTION_READY,VALID_SIGNAL,HIGH,False,
2026-05-18T00:03:20.013265+00:00,London,RANGING,20.00,0.1429,0.001263,0.677724,0.5643,0.650000,0.4357,0.665644,0.027724,0.008317,-0.0100,0.0000,0.617327,0.617327,0.157327,0.0100,False,0.5800,0.4200,False,BUY,BUY,EXECUTION_READY,VALID_SIGNAL,MEDIUM,False,
2026-05-18T00:03:20.014837+00:00,London,RANGING,20.00,0.1429,0.001263,0.677724,0.5643,0.650000,0.4357,0.665644,0.027724,0.008317,-0.0100,0.0000,0.647327,0.647327,0.157327,0.0100,False,0.5800,0.4200,False,BUY,BUY,EXECUTION_READY,VALID_SIGNAL,MEDIUM,False,
2026-05-18T00:03:20.016384+00:00,London,RANGING,20.00,0.1429,0.001263,0.725571,0.5643,0.650000,0.4357,0.692644,0.075571,0.022671,-0.0100,0.0000,0.629972,0.629972,0.169972,0.0100,False,0.5800,0.4200,False,BUY,BUY,EXECUTION_READY,VALID_SIGNAL,MEDIUM,False,
2026-05-18T00:03:20.020764+00:00,London,RANGING,20.00,0.1429,0.001263,0.725571,0.5643,0.650000,0.4357,0.692644,0.075571,0.022671,-0.0100,0.0000,0.659972,0.659972,0.169972,0.0100,False,0.5800,0.4200,False,BUY,BUY,EXECUTION_READY,VALID_SIGNAL,HIGH,False,
2026-05-18T00:03:20.024315+00:00,London,RANGING,20.00,0.1429,0.001263,0.606699,0.5643,0.650000,0.4357,0.625566,0.043301,0.012990,-0.0100,0.0000,0.572576,0.572576,0.112576,0.0100,False,0.5800,0.4200,False,HOLD,BUY,THRESHOLD_CHECK,BELOW_THRESHOLD,LOW,False,HOLD: Final 0.5726 between BUY>0.5800 and SELL<0.4200
2026-05-18T00:03:20.026412+00:00,London,RANGING,20.00,0.1429,0.001263,0.606699,0.5643,0.650000,0.4357,0.625566,0.043301,0.012990,-0.0100,0.0000,0.602576,0.602576,0.112576,0.0100,False,0.5800,0.4200,False,BUY,BUY,EXECUTION_READY,VALID_SIGNAL,MEDIUM,False,
2026-05-18T00:03:20.030275+00:00,London,RANGING,20.00,0.1429,0.001263,0.630562,0.5643,0.650000,0.4357,0.639032,0.019438,0.005831,-0.0100,0.0000,0.593200,0.593200,0.133200,0.0100,False,0.5800,0.4200,False,BUY,BUY,EXECUTION_READY,VALID_SIGNAL,MEDIUM,False,
2026-05-18T00:03:20.032331+00:00,London,RANGING,20.00,0.1429,0.001263,0.630562,0.5643,0.650000,0.4357,0.639032,0.019438,0.005831,-0.0100,0.0000,0.623200,0.623200,0.133200,0.0100,False,0.5800,0.4200,False,BUY,BUY,EXECUTION_READY,VALID_SIGNAL,MEDIUM,False,
2026-05-18T00:03:48.377989+00:00,London,RANGING,20.00,0.1429,0.001263,0.750000,0.5643,0.650000,0.4357,0.706429,0.100000,0.030000,-0.0100,0.0000,0.666429,0.666429,0.176429,0.0100,False,0.5800,0.4200,False,BUY,BUY,EXECUTION_READY,VALID_SIGNAL,HIGH,False,
2026-05-18T00:03:48.381112+00:00,London,RANGING,20.00,0.1429,0.001263,0.750000,0.5643,0.650000,0.4357,0.706429,0.100000,0.030000,-0.0100,0.0000,0.666429,0.666429,0.176429,0.0100,False,0.5800,0.4200,False,BUY,BUY,EXECUTION_READY,VALID_SIGNAL,HIGH,False,
2026-05-18T00:03:48.388074+00:00,London,RANGING,20.00,0.1429,0.001263,0.250000,0.5643,0.350000,0.4357,0.293571,0.100000,0.030000,-0.0100,0.0000,0.297686,0.297686,0.176429,0.0100,False,0.5800,0.4200,False,SELL,SELL,EXECUTION_READY,VALID_SIGNAL,HIGH,False,
2026-05-18T00:03:48.394059+00:00,London,RANGING,20.00,0.1429,0.001263,0.990000,0.5643,0.650000,0.4357,0.841857,0.340000,0.102000,-0.0100,0.0000,0.729857,0.729857,0.239857,0.0100,False,0.5800,0.4200,False,BUY,BUY,EXECUTION_READY,VALID_SIGNAL,HIGH,False,
2026-05-18T00:03:48.396087+00:00,London,RANGING,20.00,0.1429,0.001263,0.010000,0.5643,0.350000,0.4357,0.158143,0.340000,0.102000,-0.0100,0.0000,0.239331,0.239331,0.239857,0.0100,False,0.5800,0.4200,False,SELL,SELL,EXECUTION_READY,VALID_SIGNAL,HIGH,False,
2026-05-18T00:03:48.399670+00:00,London,RANGING,20.00,0.1429,0.001263,0.830533,0.5643,0.650000,0.4357,0.751872,0.180533,0.054160,-0.0100,0.0000,0.687712,0.687712,0.197712,0.0100,False,0.5800,0.4200,False,BUY,BUY,EXECUTION_READY,VALID_SIGNAL,HIGH,False,
2026-05-18T00:03:48.405496+00:00,London,RANGING,20.00,0.1429,0.001263,0.169467,0.5643,0.350000,0.4357,0.248128,0.180533,0.054160,-0.0100,0.0000,0.278105,0.278105,0.197712,0.0100,False,0.5800,0.4200,False,SELL,SELL,EXECUTION_READY,VALID_SIGNAL,HIGH,False,
2026-05-18T00:03:48.409488+00:00,London,RANGING,20.00,0.1429,0.001263,0.990000,0.5643,0.650000,0.4357,0.841857,0.340000,0.102000,-0.0100,0.0000,0.729857,0.729857,0.239857,0.0100,False,0.5800,0.4200,False,BUY,BUY,EXECUTION_READY,VALID_SIGNAL,HIGH,False,
2026-05-18T00:03:48.411513+00:00,London,RANGING,20.00,0.1429,0.001263,0.010000,0.5643,0.350000,0.4357,0.158143,0.340000,0.102000,-0.0100,0.0000,0.239331,0.239331,0.239857,0.0100,False,0.5800,0.4200,False,SELL,SELL,EXECUTION_READY,VALID_SIGNAL,HIGH,False,
2026-05-18T00:03:48.415349+00:00,London,RANGING,20.00,0.1429,0.001263,0.774399,0.5643,0.650000,0.4357,0.720196,0.124399,0.037320,-0.0100,0.0000,0.672877,0.672877,0.182877,0.0100,False,0.5800,0.4200,False,BUY,BUY,EXECUTION_READY,VALID_SIGNAL,HIGH,False,
2026-05-18T00:03:48.419169+00:00,London,RANGING,20.00,0.1429,0.001263,0.225601,0.5643,0.350000,0.4357,0.279804,0.124399,0.037320,-0.0100,0.0000,0.291753,0.291753,0.182877,0.0100,False,0.5800,0.4200,False,SELL,SELL,EXECUTION_READY,VALID_SIGNAL,HIGH,False,
2026-05-18T00:03:48.425273+00:00,London,RANGING,20.00,0.1429,0.001263,0.250000,0.5643,0.350000,0.4357,0.293571,0.100000,0.030000,-0.0100,0.0000,0.297686,0.297686,0.176429,0.0100,False,0.5800,0.4200,False,SELL,SELL,EXECUTION_READY,VALID_SIGNAL,HIGH,False,
2026-05-18T00:03:48.427298+00:00,London,RANGING,20.00,0.1429,0.001263,0.906001,0.5643,0.650000,0.4357,0.794458,0.256001,0.076800,-0.0100,0.0000,0.707657,0.707657,0.217657,0.0100,False,0.5800,0.4200,False,BUY,BUY,EXECUTION_READY,VALID_SIGNAL,HIGH,False,
2026-05-18T00:03:48.430946+00:00,London,RANGING,20.00,0.1429,0.001263,0.777077,0.5643,0.650000,0.4357,0.721708,0.127077,0.038123,-0.0100,0.0000,0.673585,0.673585,0.183585,0.0100,False,0.5800,0.4200,False,BUY,BUY,EXECUTION_READY,VALID_SIGNAL,HIGH,False,
2026-05-18T00:03:48.433906+00:00,London,RANGING,20.00,0.1429,0.001263,0.835727,0.5643,0.650000,0.4357,0.754803,0.185727,0.055718,-0.0100,0.0000,0.689085,0.689085,0.199085,0.0100,False,0.5800,0.4200,False,BUY,BUY,EXECUTION_READY,VALID_SIGNAL,HIGH,False,
2026-05-18T00:03:48.439971+00:00,London,RANGING,20.00,0.1429,0.001263,0.872856,0.5643,0.650000,0.4357,0.775755,0.222856,0.066857,-0.0100,0.0000,0.698898,0.698898,0.208898,0.0100,False,0.5800,0.4200,False,BUY,BUY,EXECUTION_READY,VALID_SIGNAL,HIGH,False,
2026-05-18T00:03:48.442995+00:00,London,RANGING,20.00,0.1429,0.001263,0.884095,0.5643,0.650000,0.4357,0.782097,0.234095,0.070229,-0.0100,0.0000,0.701868,0.701868,0.211868,0.0100,False,0.5800,0.4200,False,BUY,BUY,EXECUTION_READY,VALID_SIGNAL,HIGH,False,
2026-05-18T00:03:48.447268+00:00,London,RANGING,20.00,0.1429,0.001263,0.789731,0.5643,0.650000,0.4357,0.728848,0.139731,0.041919,-0.0100,0.0000,0.676929,0.676929,0.186929,0.0100,False,0.5800,0.4200,False,BUY,BUY,EXECUTION_READY,VALID_SIGNAL,HIGH,False,
2026-05-18T00:03:48.451377+00:00,London,RANGING,20.00,0.1429,0.001263,0.880152,0.5643,0.650000,0.4357,0.779871,0.230152,0.069046,-0.0100,0.0000,0.700826,0.700826,0.210826,0.0100,False,0.5800,0.4200,False,BUY,BUY,EXECUTION_READY,VALID_SIGNAL,HIGH,False,
2026-05-18T00:03:48.455611+00:00,London,RANGING,20.00,0.1429,0.001263,0.018320,0.5643,0.350000,0.4357,0.162838,0.331680,0.099504,-0.0100,0.0000,0.241354,0.241354,0.237658,0.0100,False,0.5800,0.4200,False,SELL,SELL,EXECUTION_READY,VALID_SIGNAL,HIGH,False,
2026-05-18T00:03:48.459604+00:00,London,RANGING,20.00,0.1429,0.001263,0.197100,0.5643,0.350000,0.4357,0.263721,0.152900,0.045870,-0.0100,0.0000,0.284823,0.284823,0.190409,0.0100,False,0.5800,0.4200,False,SELL,SELL,EXECUTION_READY,VALID_SIGNAL,HIGH,False,
2026-05-18T00:03:48.461882+00:00,London,RANGING,20.00,0.1429,0.001263,0.144980,0.5643,0.350000,0.4357,0.234310,0.205020,0.061506,-0.0100,0.0000,0.272151,0.272151,0.204184,0.0100,False,0.5800,0.4200,False,SELL,SELL,EXECUTION_READY,VALID_SIGNAL,HIGH,False,
2026-05-18T00:03:48.468453+00:00,London,RANGING,20.00,0.1429,0.001263,0.149008,0.5643,0.350000,0.4357,0.236583,0.200992,0.060298,-0.0100,0.0000,0.273130,0.273130,0.203119,0.0100,False,0.5800,0.4200,False,SELL,SELL,EXECUTION_READY,VALID_SIGNAL,HIGH,False,
2026-05-18T00:03:48.469729+00:00,London,RANGING,20.00,0.1429,0.001263,0.182253,0.5643,0.350000,0.4357,0.255343,0.167747,0.050324,-0.0100,0.0000,0.281213,0.281213,0.194333,0.0100,False,0.5800,0.4200,False,SELL,SELL,EXECUTION_READY,VALID_SIGNAL,HIGH,False,
2026-05-18T00:03:48.475435+00:00,London,RANGING,20.00,0.1429,0.001263,0.807032,0.5643,0.650000,0.4357,0.738611,0.157032,0.047110,-0.0100,0.0000,0.681501,0.681501,0.191501,0.0100,False,0.5800,0.4200,False,BUY,BUY,EXECUTION_READY,VALID_SIGNAL,HIGH,False,
2026-05-18T00:03:48.476403+00:00,London,RANGING,20.00,0.1429,0.001263,0.906270,0.5643,0.650000,0.4357,0.794609,0.256270,0.076881,-0.0100,0.0000,0.707728,0.707728,0.217728,0.0100,False,0.5800,0.4200,False,BUY,BUY,EXECUTION_READY,VALID_SIGNAL,HIGH,False,
2026-05-18T00:03:48.481638+00:00,London,RANGING,20.00,0.1429,0.001263,0.031001,0.5643,0.350000,0.4357,0.169993,0.318999,0.095700,-0.0100,0.0000,0.244438,0.244438,0.234307,0.0100,False,0.5800,0.4200,False,SELL,SELL,EXECUTION_READY,VALID_SIGNAL,HIGH,False,
2026-05-18T00:03:48.484553+00:00,London,RANGING,20.00,0.1429,0.001263,0.955548,0.5643,0.650000,0.4357,0.822416,0.305548,0.091664,-0.0100,0.0000,0.720752,0.720752,0.230752,0.0100,False,0.5800,0.4200,False,BUY,BUY,EXECUTION_READY,VALID_SIGNAL,HIGH,False,
2026-05-18T00:03:48.489850+00:00,London,RANGING,20.00,0.1429,0.001263,0.092865,0.5643,0.350000,0.4357,0.204903,0.257135,0.077140,-0.0100,0.0000,0.259480,0.259480,0.217957,0.0100,False,0.5800,0.4200,False,SELL,SELL,EXECUTION_READY,VALID_SIGNAL,HIGH,False,
2026-05-18T00:03:48.494189+00:00,London,RANGING,20.00,0.1429,0.001263,0.191062,0.5643,0.350000,0.4357,0.260314,0.158938,0.047681,-0.0100,0.0000,0.283355,0.283355,0.192005,0.0100,False,0.5800,0.4200,False,SELL,SELL,EXECUTION_READY,VALID_SIGNAL,HIGH,False,
2026-05-18T00:03:48.495764+00:00,London,RANGING,20.00,0.1429,0.001263,0.187380,0.5643,0.350000,0.4357,0.258236,0.162620,0.048786,-0.0100,0.0000,0.282460,0.282460,0.192978,0.0100,False,0.5800,0.4200,False,SELL,SELL,EXECUTION_READY,VALID_SIGNAL,HIGH,False,
2026-05-18T00:03:48.499560+00:00,London,RANGING,20.00,0.1429,0.001263,0.042569,0.5643,0.350000,0.4357,0.176521,0.307431,0.092229,-0.0100,0.0000,0.247250,0.247250,0.231250,0.0100,False,0.5800,0.4200,False,SELL,SELL,EXECUTION_READY,VALID_SIGNAL,HIGH,False,
2026-05-18T00:03:48.504291+00:00,London,RANGING,20.00,0.1429,0.001263,0.118280,0.5643,0.350000,0.4357,0.219244,0.231720,0.069516,-0.0100,0.0000,0.265659,0.265659,0.211240,0.0100,False,0.5800,0.4200,False,SELL,SELL,EXECUTION_READY,VALID_SIGNAL,HIGH,False,
2026-05-18T00:03:48.508916+00:00,London,RANGING,20.00,0.1429,0.001263,0.104089,0.5643,0.350000,0.4357,0.211236,0.245911,0.073773,-0.0100,0.0000,0.262209,0.262209,0.214991,0.0100,False,0.5800,0.4200,False,SELL,SELL,EXECUTION_READY,VALID_SIGNAL,HIGH,False,
2026-05-18T00:03:48.511932+00:00,London,RANGING,20.00,0.1429,0.001263,0.115941,0.5643,0.350000,0.4357,0.217924,0.234059,0.070218,-0.0100,0.0000,0.265090,0.265090,0.211859,0.0100,False,0.5800,0.4200,False,SELL,SELL,EXECUTION_READY,VALID_SIGNAL,HIGH,False,
2026-05-18T00:03:48.514894+00:00,London,RANGING,20.00,0.1429,0.001263,0.790852,0.5643,0.650000,0.4357,0.729480,0.140852,0.042255,-0.0100,0.0000,0.677225,0.677225,0.187225,0.0100,False,0.5800,0.4200,False,BUY,BUY,EXECUTION_READY,VALID_SIGNAL,HIGH,False,
2026-05-18T00:03:48.520394+00:00,London,RANGING,20.00,0.1429,0.001263,0.083498,0.5643,0.350000,0.4357,0.199617,0.266502,0.079951,-0.0100,0.0000,0.257202,0.257202,0.220433,0.0100,False,0.5800,0.4200,False,SELL,SELL,EXECUTION_READY,VALID_SIGNAL,HIGH,False,
2026-05-18T00:03:48.525680+00:00,London,RANGING,20.00,0.1429,0.001263,0.793183,0.5643,0.650000,0.4357,0.730796,0.143183,0.042955,-0.0100,0.0000,0.677841,0.677841,0.187841,0.0100,False,0.5800,0.4200,False,BUY,BUY,EXECUTION_READY,VALID_SIGNAL,HIGH,False,
2026-05-18T00:03:48.527671+00:00,London,RANGING,20.00,0.1429,0.001263,0.169931,0.5643,0.350000,0.4357,0.248389,0.180069,0.054021,-0.0100,0.0000,0.278217,0.278217,0.197590,0.0100,False,0.5800,0.4200,False,SELL,SELL,EXECUTION_READY,VALID_SIGNAL,HIGH,False,
2026-05-18T00:03:48.534026+00:00,London,RANGING,20.00,0.1429,0.001263,0.961841,0.5643,0.650000,0.4357,0.825968,0.311841,0.093552,-0.0100,0.0000,0.722415,0.722415,0.232415,0.0100,False,0.5800,0.4200,False,BUY,BUY,EXECUTION_READY,VALID_SIGNAL,HIGH,False,
2026-05-18T00:03:48.538081+00:00,London,RANGING,20.00,0.1429,0.001263,0.152387,0.5643,0.350000,0.4357,0.238490,0.197613,0.059284,-0.0100,0.0000,0.273952,0.273952,0.202226,0.0100,False,0.5800,0.4200,False,SELL,SELL,EXECUTION_READY,VALID_SIGNAL,HIGH,False,
2026-05-18T00:03:48.542407+00:00,London,RANGING,20.00,0.1429,0.001263,0.930052,0.5643,0.650000,0.4357,0.808029,0.280052,0.084016,-0.0100,0.0000,0.714014,0.714014,0.224014,0.0100,False,0.5800,0.4200,False,BUY,BUY,EXECUTION_READY,VALID_SIGNAL,HIGH,False,
2026-05-18T00:03:48.544400+00:00,London,RANGING,20.00,0.1429,0.001263,0.129680,0.5643,0.350000,0.4357,0.225677,0.220320,0.066096,-0.0100,0.0000,0.268431,0.268431,0.208227,0.0100,False,0.5800,0.4200,False,SELL,SELL,EXECUTION_READY,VALID_SIGNAL,HIGH,False,
2026-05-18T00:03:48.549690+00:00,London,RANGING,20.00,0.1429,0.001263,0.840262,0.5643,0.650000,0.4357,0.757362,0.190262,0.057079,-0.0100,0.0000,0.690284,0.690284,0.200284,0.0100,False,0.5800,0.4200,False,BUY,BUY,EXECUTION_READY,VALID_SIGNAL,HIGH,False,
2026-05-18T00:03:48.552689+00:00,London,RANGING,20.00,0.1429,0.001263,0.221393,0.5643,0.350000,0.4357,0.277429,0.128607,0.038582,-0.0100,0.0000,0.290730,0.290730,0.183989,0.0100,False,0.5800,0.4200,False,SELL,SELL,EXECUTION_READY,VALID_SIGNAL,HIGH,False,
2026-05-18T00:03:48.558920+00:00,London,RANGING,20.00,0.1429,0.001263,0.047386,0.5643,0.350000,0.4357,0.179239,0.302614,0.090784,-0.0100,0.0000,0.248422,0.248422,0.229976,0.0100,False,0.5800,0.4200,False,SELL,SELL,EXECUTION_READY,VALID_SIGNAL,HIGH,False,
2026-05-18T00:03:48.560946+00:00,London,RANGING,20.00,0.1429,0.001263,0.907226,0.5643,0.650000,0.4357,0.795149,0.257226,0.077168,-0.0100,0.0000,0.707981,0.707981,0.217981,0.0100,False,0.5800,0.4200,False,BUY,BUY,EXECUTION_READY,VALID_SIGNAL,HIGH,False,
2026-05-18T00:03:48.564992+00:00,London,RANGING,20.00,0.1429,0.001263,0.824484,0.5643,0.650000,0.4357,0.748459,0.174484,0.052345,-0.0100,0.0000,0.686114,0.686114,0.196114,0.0100,False,0.5800,0.4200,False,BUY,BUY,EXECUTION_READY,VALID_SIGNAL,HIGH,False,
2026-05-18T00:03:48.568960+00:00,London,RANGING,20.00,0.1429,0.001263,0.801605,0.5643,0.650000,0.4357,0.735549,0.151605,0.045482,-0.0100,0.0000,0.680067,0.680067,0.190067,0.0100,False,0.5800,0.4200,False,BUY,BUY,EXECUTION_READY,VALID_SIGNAL,HIGH,False,
2026-05-18T00:03:48.575192+00:00,London,RANGING,20.00,0.1429,0.001263,0.046719,0.5643,0.350000,0.4357,0.178863,0.303281,0.090984,-0.0100,0.0000,0.248259,0.248259,0.230153,0.0100,False,0.5800,0.4200,False,SELL,SELL,EXECUTION_READY,VALID_SIGNAL,HIGH,False,
2026-05-18T00:03:48.580378+00:00,London,RANGING,20.00,0.1429,0.001263,0.500000,0.5643,0.650000,0.4357,0.565357,0.150000,0.045000,-0.0100,0.0000,0.480357,0.480357,0.020357,0.0100,False,0.5800,0.4200,False,HOLD,BUY,THRESHOLD_CHECK,BELOW_THRESHOLD,LOW,False,HOLD: Final 0.4804 between BUY>0.5800 and SELL<0.4200
2026-05-18T00:03:48.590759+00:00,London,RANGING,20.00,0.1429,0.001263,0.500000,0.5643,0.650000,0.4357,0.565357,0.150000,0.045000,-0.0100,0.0000,0.510357,0.510357,0.020357,0.0100,False,0.5800,0.4200,False,HOLD,BUY,THRESHOLD_CHECK,BELOW_THRESHOLD,LOW,False,HOLD: Final 0.5104 between BUY>0.5800 and SELL<0.4200
2026-05-18T00:03:48.594796+00:00,London,RANGING,20.00,0.1429,0.001263,0.749000,0.5643,0.650000,0.4357,0.705864,0.099000,0.029700,-0.0100,0.0000,0.636164,0.636164,0.176164,0.0100,False,0.5800,0.4200,False,BUY,BUY,EXECUTION_READY,VALID_SIGNAL,MEDIUM,False,
2026-05-18T00:03:48.597917+00:00,London,RANGING,20.00,0.1429,0.001263,0.749000,0.5643,0.650000,0.4357,0.705864,0.099000,0.029700,-0.0100,0.0000,0.666164,0.666164,0.176164,0.0100,False,0.5800,0.4200,False,BUY,BUY,EXECUTION_READY,VALID_SIGNAL,HIGH,False,
2026-05-18T00:03:48.603078+00:00,London,RANGING,20.00,0.1429,0.001263,0.749000,0.5643,0.650000,0.4357,0.705864,0.099000,0.029700,-0.0100,0.0000,0.636164,0.636164,0.176164,0.0100,False,0.5800,0.4200,False,BUY,BUY,EXECUTION_READY,VALID_SIGNAL,MEDIUM,False,
2026-05-18T00:03:48.606466+00:00,London,RANGING,20.00,0.1429,0.001263,0.749000,0.5643,0.650000,0.4357,0.705864,0.099000,0.029700,-0.0100,0.0000,0.666164,0.666164,0.176164,0.0100,False,0.5800,0.4200,False,BUY,BUY,EXECUTION_READY,VALID_SIGNAL,HIGH,False,
2026-05-18T00:03:48.610904+00:00,London,RANGING,20.00,0.1429,0.001263,0.748432,0.5643,0.650000,0.4357,0.705544,0.098432,0.029530,-0.0100,0.0000,0.636014,0.636014,0.176014,0.0100,False,0.5800,0.4200,False,BUY,BUY,EXECUTION_READY,VALID_SIGNAL,MEDIUM,False,
2026-05-18T00:03:48.615055+00:00,London,RANGING,20.00,0.1429,0.001263,0.748432,0.5643,0.650000,0.4357,0.705544,0.098432,0.029530,-0.0100,0.0000,0.666014,0.666014,0.176014,0.0100,False,0.5800,0.4200,False,BUY,BUY,EXECUTION_READY,VALID_SIGNAL,HIGH,False,
2026-05-18T00:03:48.621345+00:00,London,RANGING,20.00,0.1429,0.001263,0.500000,0.5643,0.650000,0.4357,0.565357,0.150000,0.045000,-0.0100,0.0000,0.480357,0.480357,0.020357,0.0100,False,0.5800,0.4200,False,HOLD,BUY,THRESHOLD_CHECK,BELOW_THRESHOLD,LOW,False,HOLD: Final 0.4804 between BUY>0.5800 and SELL<0.4200
2026-05-18T00:03:48.626412+00:00,London,RANGING,20.00,0.1429,0.001263,0.500000,0.5643,0.650000,0.4357,0.565357,0.150000,0.045000,-0.0100,0.0000,0.510357,0.510357,0.020357,0.0100,False,0.5800,0.4200,False,HOLD,BUY,THRESHOLD_CHECK,BELOW_THRESHOLD,LOW,False,HOLD: Final 0.5104 between BUY>0.5800 and SELL<0.4200
2026-05-18T00:03:48.631460+00:00,London,RANGING,20.00,0.1429,0.001263,0.728347,0.5643,0.650000,0.4357,0.694210,0.078347,0.023504,-0.0100,0.0000,0.630706,0.630706,0.170706,0.0100,False,0.5800,0.4200,False,BUY,BUY,EXECUTION_READY,VALID_SIGNAL,MEDIUM,False,
2026-05-18T00:03:48.637909+00:00,London,RANGING,20.00,0.1429,0.001263,0.728347,0.5643,0.650000,0.4357,0.694210,0.078347,0.023504,-0.0100,0.0000,0.660706,0.660706,0.170706,0.0100,False,0.5800,0.4200,False,BUY,BUY,EXECUTION_READY,VALID_SIGNAL,HIGH,False,
2026-05-18T00:03:48.646223+00:00,London,RANGING,20.00,0.1429,0.001263,0.543789,0.5643,0.650000,0.4357,0.590067,0.106211,0.031863,-0.0100,0.0000,0.518203,0.518203,0.058203,0.0100,False,0.5800,0.4200,False,HOLD,BUY,THRESHOLD_CHECK,BELOW_THRESHOLD,LOW,False,HOLD: Final 0.5182 between BUY>0.5800 and SELL<0.4200
2026-05-18T00:03:48.652428+00:00,London,RANGING,20.00,0.1429,0.001263,0.543789,0.5643,0.650000,0.4357,0.590067,0.106211,0.031863,-0.0100,0.0000,0.548203,0.548203,0.058203,0.0100,False,0.5800,0.4200,False,HOLD,BUY,THRESHOLD_CHECK,BELOW_THRESHOLD,LOW,False,HOLD: Final 0.5482 between BUY>0.5800 and SELL<0.4200
2026-05-18T00:03:48.660956+00:00,London,RANGING,20.00,0.1429,0.001263,0.661329,0.5643,0.650000,0.4357,0.656393,0.011329,0.003399,-0.0100,0.0000,0.612994,0.612994,0.152994,0.0100,False,0.5800,0.4200,False,BUY,BUY,EXECUTION_READY,VALID_SIGNAL,MEDIUM,False,
2026-05-18T00:03:48.663952+00:00,London,RANGING,20.00,0.1429,0.001263,0.661329,0.5643,0.650000,0.4357,0.656393,0.011329,0.003399,-0.0100,0.0000,0.642994,0.642994,0.152994,0.0100,False,0.5800,0.4200,False,BUY,BUY,EXECUTION_READY,VALID_SIGNAL,MEDIUM,False,
2026-05-18T00:03:48.672299+00:00,London,RANGING,20.00,0.1429,0.001263,0.698837,0.5643,0.650000,0.4357,0.677558,0.048837,0.014651,-0.0100,0.0000,0.622907,0.622907,0.162907,0.0100,False,0.5800,0.4200,False,BUY,BUY,EXECUTION_READY,VALID_SIGNAL,MEDIUM,False,
2026-05-18T00:03:48.676983+00:00,London,RANGING,20.00,0.1429,0.001263,0.698837,0.5643,0.650000,0.4357,0.677558,0.048837,0.014651,-0.0100,0.0000,0.652907,0.652907,0.162907,0.0100,False,0.5800,0.4200,False,BUY,BUY,EXECUTION_READY,VALID_SIGNAL,HIGH,False,
2026-05-18T00:03:48.678977+00:00,London,RANGING,20.00,0.1429,0.001263,0.569281,0.5643,0.650000,0.4357,0.604451,0.080719,0.024216,-0.0100,0.0000,0.540236,0.540236,0.080236,0.0100,False,0.5800,0.4200,False,HOLD,BUY,THRESHOLD_CHECK,BELOW_THRESHOLD,LOW,False,HOLD: Final 0.5402 between BUY>0.5800 and SELL<0.4200
2026-05-18T00:03:48.686174+00:00,London,RANGING,20.00,0.1429,0.001263,0.569281,0.5643,0.650000,0.4357,0.604451,0.080719,0.024216,-0.0100,0.0000,0.570236,0.570236,0.080236,0.0100,False,0.5800,0.4200,False,HOLD,BUY,THRESHOLD_CHECK,BELOW_THRESHOLD,LOW,False,HOLD: Final 0.5702 between BUY>0.5800 and SELL<0.4200
2026-05-18T00:03:48.695139+00:00,London,RANGING,20.00,0.1429,0.001263,0.727075,0.5643,0.650000,0.4357,0.693492,0.077075,0.023122,-0.0100,0.0000,0.630370,0.630370,0.170370,0.0100,False,0.5800,0.4200,False,BUY,BUY,EXECUTION_READY,VALID_SIGNAL,MEDIUM,False,
2026-05-18T00:03:48.699795+00:00,London,RANGING,20.00,0.1429,0.001263,0.727075,0.5643,0.650000,0.4357,0.693492,0.077075,0.023122,-0.0100,0.0000,0.660370,0.660370,0.170370,0.0100,False,0.5800,0.4200,False,BUY,BUY,EXECUTION_READY,VALID_SIGNAL,HIGH,False,
2026-05-18T00:03:48.708459+00:00,London,RANGING,20.00,0.1429,0.001263,0.663250,0.5643,0.650000,0.4357,0.657477,0.013250,0.003975,-0.0100,0.0000,0.613502,0.613502,0.153502,0.0100,False,0.5800,0.4200,False,BUY,BUY,EXECUTION_READY,VALID_SIGNAL,MEDIUM,False,
2026-05-18T00:03:48.710950+00:00,London,RANGING,20.00,0.1429,0.001263,0.663250,0.5643,0.650000,0.4357,0.657477,0.013250,0.003975,-0.0100,0.0000,0.643502,0.643502,0.153502,0.0100,False,0.5800,0.4200,False,BUY,BUY,EXECUTION_READY,VALID_SIGNAL,MEDIUM,False,
2026-05-18T00:03:48.713976+00:00,London,RANGING,20.00,0.1429,0.001263,0.691742,0.5643,0.650000,0.4357,0.673554,0.041742,0.012523,-0.0100,0.0000,0.621032,0.621032,0.161032,0.0100,False,0.5800,0.4200,False,BUY,BUY,EXECUTION_READY,VALID_SIGNAL,MEDIUM,False,
2026-05-18T00:03:48.719543+00:00,London,RANGING,20.00,0.1429,0.001263,0.691742,0.5643,0.650000,0.4357,0.673554,0.041742,0.012523,-0.0100,0.0000,0.651032,0.651032,0.161032,0.0100,False,0.5800,0.4200,False,BUY,BUY,EXECUTION_READY,VALID_SIGNAL,HIGH,False,
2026-05-18T00:03:48.728899+00:00,London,RANGING,20.00,0.1429,0.001263,0.500000,0.5643,0.650000,0.4357,0.565357,0.150000,0.045000,-0.0100,0.0000,0.480357,0.480357,0.020357,0.0100,False,0.5800,0.4200,False,HOLD,BUY,THRESHOLD_CHECK,BELOW_THRESHOLD,LOW,False,HOLD: Final 0.4804 between BUY>0.5800 and SELL<0.4200
2026-05-18T00:03:48.735005+00:00,London,RANGING,20.00,0.1429,0.001263,0.500000,0.5643,0.650000,0.4357,0.565357,0.150000,0.045000,-0.0100,0.0000,0.510357,0.510357,0.020357,0.0100,False,0.5800,0.4200,False,HOLD,BUY,THRESHOLD_CHECK,BELOW_THRESHOLD,LOW,False,HOLD: Final 0.5104 between BUY>0.5800 and SELL<0.4200
2026-05-18T00:03:48.744732+00:00,London,RANGING,20.00,0.1429,0.001263,0.500000,0.5643,0.650000,0.4357,0.565357,0.150000,0.045000,-0.0100,0.0000,0.480357,0.480357,0.020357,0.0100,False,0.5800,0.4200,False,HOLD,BUY,THRESHOLD_CHECK,BELOW_THRESHOLD,LOW,False,HOLD: Final 0.4804 between BUY>0.5800 and SELL<0.4200
2026-05-18T00:03:48.747273+00:00,London,RANGING,20.00,0.1429,0.001263,0.500000,0.5643,0.650000,0.4357,0.565357,0.150000,0.045000,-0.0100,0.0000,0.510357,0.510357,0.020357,0.0100,False,0.5800,0.4200,False,HOLD,BUY,THRESHOLD_CHECK,BELOW_THRESHOLD,LOW,False,HOLD: Final 0.5104 between BUY>0.5800 and SELL<0.4200
2026-05-18T00:03:48.757734+00:00,London,RANGING,20.00,0.1429,0.001263,0.652560,0.5643,0.650000,0.4357,0.651445,0.002560,0.000768,-0.0100,0.0000,0.610677,0.610677,0.150677,0.0100,False,0.5800,0.4200,False,BUY,BUY,EXECUTION_READY,VALID_SIGNAL,MEDIUM,False,
2026-05-18T00:03:48.761166+00:00,London,RANGING,20.00,0.1429,0.001263,0.652560,0.5643,0.650000,0.4357,0.651445,0.002560,0.000768,-0.0100,0.0000,0.640677,0.640677,0.150677,0.0100,False,0.5800,0.4200,False,BUY,BUY,EXECUTION_READY,VALID_SIGNAL,MEDIUM,False,
2026-05-18T00:03:48.763165+00:00,London,RANGING,20.00,0.1429,0.001263,0.500000,0.5643,0.650000,0.4357,0.565357,0.150000,0.045000,-0.0100,0.0000,0.480357,0.480357,0.020357,0.0100,False,0.5800,0.4200,False,HOLD,BUY,THRESHOLD_CHECK,BELOW_THRESHOLD,LOW,False,HOLD: Final 0.4804 between BUY>0.5800 and SELL<0.4200
2026-05-18T00:03:48.772715+00:00,London,RANGING,20.00,0.1429,0.001263,0.500000,0.5643,0.650000,0.4357,0.565357,0.150000,0.045000,-0.0100,0.0000,0.510357,0.510357,0.020357,0.0100,False,0.5800,0.4200,False,HOLD,BUY,THRESHOLD_CHECK,BELOW_THRESHOLD,LOW,False,HOLD: Final 0.5104 between BUY>0.5800 and SELL<0.4200
2026-05-18T00:03:48.779892+00:00,London,RANGING,20.00,0.1429,0.001263,0.748122,0.5643,0.650000,0.4357,0.705369,0.098122,0.029437,-0.0100,0.0000,0.635932,0.635932,0.175932,0.0100,False,0.5800,0.4200,False,BUY,BUY,EXECUTION_READY,VALID_SIGNAL,MEDIUM,False,
2026-05-18T00:03:48.782053+00:00,London,RANGING,20.00,0.1429,0.001263,0.748122,0.5643,0.650000,0.4357,0.705369,0.098122,0.029437,-0.0100,0.0000,0.665932,0.665932,0.175932,0.0100,False,0.5800,0.4200,False,BUY,BUY,EXECUTION_READY,VALID_SIGNAL,HIGH,False,
2026-05-18T00:03:48.788961+00:00,London,RANGING,20.00,0.1429,0.001263,0.521403,0.5643,0.650000,0.4357,0.577435,0.128597,0.038579,-0.0100,0.0000,0.498856,0.498856,0.038856,0.0100,False,0.5800,0.4200,False,HOLD,BUY,THRESHOLD_CHECK,BELOW_THRESHOLD,LOW,False,HOLD: Final 0.4989 between BUY>0.5800 and SELL<0.4200
2026-05-18T00:03:48.792526+00:00,London,RANGING,20.00,0.1429,0.001263,0.521403,0.5643,0.650000,0.4357,0.577435,0.128597,0.038579,-0.0100,0.0000,0.528856,0.528856,0.038856,0.0100,False,0.5800,0.4200,False,HOLD,BUY,THRESHOLD_CHECK,BELOW_THRESHOLD,LOW,False,HOLD: Final 0.5289 between BUY>0.5800 and SELL<0.4200
2026-05-18T00:03:48.796084+00:00,London,RANGING,20.00,0.1429,0.001263,0.578167,0.5643,0.650000,0.4357,0.609465,0.071833,0.021550,-0.0100,0.0000,0.547915,0.547915,0.087915,0.0100,False,0.5800,0.4200,False,HOLD,BUY,THRESHOLD_CHECK,BELOW_THRESHOLD,LOW,False,HOLD: Final 0.5479 between BUY>0.5800 and SELL<0.4200
2026-05-18T00:03:48.801775+00:00,London,RANGING,20.00,0.1429,0.001263,0.578167,0.5643,0.650000,0.4357,0.609465,0.071833,0.021550,-0.0100,0.0000,0.577915,0.577915,0.087915,0.0100,False,0.5800,0.4200,False,HOLD,BUY,THRESHOLD_CHECK,BELOW_THRESHOLD,LOW,False,HOLD: Final 0.5779 between BUY>0.5800 and SELL<0.4200
2026-05-18T00:03:48.809856+00:00,London,RANGING,20.00,0.1429,0.001263,0.747114,0.5643,0.650000,0.4357,0.704800,0.097114,0.029134,-0.0100,0.0000,0.635666,0.635666,0.175666,0.0100,False,0.5800,0.4200,False,BUY,BUY,EXECUTION_READY,VALID_SIGNAL,MEDIUM,False,
2026-05-18T00:03:48.813046+00:00,London,RANGING,20.00,0.1429,0.001263,0.747114,0.5643,0.650000,0.4357,0.704800,0.097114,0.029134,-0.0100,0.0000,0.665666,0.665666,0.175666,0.0100,False,0.5800,0.4200,False,BUY,BUY,EXECUTION_READY,VALID_SIGNAL,HIGH,False,
2026-05-18T00:03:48.814741+00:00,London,RANGING,20.00,0.1429,0.001263,0.740223,0.5643,0.650000,0.4357,0.700912,0.090223,0.027067,-0.0100,0.0000,0.633845,0.633845,0.173845,0.0100,False,0.5800,0.4200,False,BUY,BUY,EXECUTION_READY,VALID_SIGNAL,MEDIUM,False,
2026-05-18T00:03:48.825427+00:00,London,RANGING,20.00,0.1429,0.001263,0.740223,0.5643,0.650000,0.4357,0.700912,0.090223,0.027067,-0.0100,0.0000,0.663845,0.663845,0.173845,0.0100,False,0.5800,0.4200,False,BUY,BUY,EXECUTION_READY,VALID_SIGNAL,HIGH,False,
2026-05-18T00:03:48.829240+00:00,London,RANGING,20.00,0.1429,0.001263,0.676609,0.5643,0.650000,0.4357,0.665015,0.026609,0.007983,-0.0100,0.0000,0.617032,0.617032,0.157032,0.0100,False,0.5800,0.4200,False,BUY,BUY,EXECUTION_READY,VALID_SIGNAL,MEDIUM,False,
2026-05-18T00:03:48.834244+00:00,London,RANGING,20.00,0.1429,0.001263,0.676609,0.5643,0.650000,0.4357,0.665015,0.026609,0.007983,-0.0100,0.0000,0.647032,0.647032,0.157032,0.0100,False,0.5800,0.4200,False,BUY,BUY,EXECUTION_READY,VALID_SIGNAL,MEDIUM,False,
2026-05-18T00:03:48.840914+00:00,London,RANGING,20.00,0.1429,0.001263,0.542664,0.5643,0.650000,0.4357,0.589432,0.107336,0.032201,-0.0100,0.0000,0.517231,0.517231,0.057231,0.0100,False,0.5800,0.4200,False,HOLD,BUY,THRESHOLD_CHECK,BELOW_THRESHOLD,LOW,False,HOLD: Final 0.5172 between BUY>0.5800 and SELL<0.4200
2026-05-18T00:03:48.844006+00:00,London,RANGING,20.00,0.1429,0.001263,0.542664,0.5643,0.650000,0.4357,0.589432,0.107336,0.032201,-0.0100,0.0000,0.547231,0.547231,0.057231,0.0100,False,0.5800,0.4200,False,HOLD,BUY,THRESHOLD_CHECK,BELOW_THRESHOLD,LOW,False,HOLD: Final 0.5472 between BUY>0.5800 and SELL<0.4200
2026-05-18T00:03:48.850849+00:00,London,RANGING,20.00,0.1429,0.001263,0.580456,0.5643,0.650000,0.4357,0.610757,0.069544,0.020863,-0.0100,0.0000,0.549894,0.549894,0.089894,0.0100,False,0.5800,0.4200,False,HOLD,BUY,THRESHOLD_CHECK,BELOW_THRESHOLD,LOW,False,HOLD: Final 0.5499 between BUY>0.5800 and SELL<0.4200
2026-05-18T00:03:48.852877+00:00,London,RANGING,20.00,0.1429,0.001263,0.580456,0.5643,0.650000,0.4357,0.610757,0.069544,0.020863,-0.0100,0.0000,0.579894,0.579894,0.089894,0.0100,False,0.5800,0.4200,False,HOLD,BUY,THRESHOLD_CHECK,BELOW_THRESHOLD,LOW,False,HOLD: Final 0.5799 between BUY>0.5800 and SELL<0.4200
2026-05-18T00:03:48.860011+00:00,London,RANGING,20.00,0.1429,0.001263,0.627145,0.5643,0.650000,0.4357,0.637103,0.022855,0.006857,-0.0100,0.0000,0.590246,0.590246,0.130246,0.0100,False,0.5800,0.4200,False,BUY,BUY,EXECUTION_READY,VALID_SIGNAL,MEDIUM,False,
2026-05-18T00:03:48.863459+00:00,London,RANGING,20.00,0.1429,0.001263,0.627145,0.5643,0.650000,0.4357,0.637103,0.022855,0.006857,-0.0100,0.0000,0.620246,0.620246,0.130246,0.0100,False,0.5800,0.4200,False,BUY,BUY,EXECUTION_READY,VALID_SIGNAL,MEDIUM,False,
2026-05-18T00:03:48.864902+00:00,London,RANGING,20.00,0.1429,0.001263,0.701891,0.5643,0.650000,0.4357,0.679281,0.051891,0.015567,-0.0100,0.0000,0.623714,0.623714,0.163714,0.0100,False,0.5800,0.4200,False,BUY,BUY,EXECUTION_READY,VALID_SIGNAL,MEDIUM,False,
2026-05-18T00:03:48.872254+00:00,London,RANGING,20.00,0.1429,0.001263,0.701891,0.5643,0.650000,0.4357,0.679281,0.051891,0.015567,-0.0100,0.0000,0.653714,0.653714,0.163714,0.0100,False,0.5800,0.4200,False,BUY,BUY,EXECUTION_READY,VALID_SIGNAL,HIGH,False,
2026-05-18T00:03:48.935230+00:00,London,RANGING,20.00,0.1429,0.001263,0.622682,0.5643,0.650000,0.4357,0.634585,0.027318,0.008195,-0.0100,0.0000,0.586390,0.586390,0.126390,0.0100,False,0.5800,0.4200,False,BUY,BUY,EXECUTION_READY,VALID_SIGNAL,MEDIUM,False,
2026-05-18T00:03:48.938475+00:00,London,RANGING,20.00,0.1429,0.001263,0.622682,0.5643,0.650000,0.4357,0.634585,0.027318,0.008195,-0.0100,0.0000,0.616390,0.616390,0.126390,0.0100,False,0.5800,0.4200,False,BUY,BUY,EXECUTION_READY,VALID_SIGNAL,MEDIUM,False,
2026-05-18T00:03:48.947143+00:00,London,RANGING,20.00,0.1429,0.001263,0.620203,0.5643,0.650000,0.4357,0.633186,0.029797,0.008939,-0.0100,0.0000,0.584247,0.584247,0.124247,0.0100,False,0.5800,0.4200,False,BUY,BUY,EXECUTION_READY,VALID_SIGNAL,MEDIUM,False,
2026-05-18T00:03:48.952789+00:00,London,RANGING,20.00,0.1429,0.001263,0.620203,0.5643,0.650000,0.4357,0.633186,0.029797,0.008939,-0.0100,0.0000,0.614247,0.614247,0.124247,0.0100,False,0.5800,0.4200,False,BUY,BUY,EXECUTION_READY,VALID_SIGNAL,MEDIUM,False,
2026-05-18T00:03:48.959734+00:00,London,RANGING,20.00,0.1429,0.001263,0.747007,0.5643,0.650000,0.4357,0.704739,0.097007,0.029102,-0.0100,0.0000,0.635637,0.635637,0.175637,0.0100,False,0.5800,0.4200,False,BUY,BUY,EXECUTION_READY,VALID_SIGNAL,MEDIUM,False,
2026-05-18T00:03:48.961860+00:00,London,RANGING,20.00,0.1429,0.001263,0.747007,0.5643,0.650000,0.4357,0.704739,0.097007,0.029102,-0.0100,0.0000,0.665637,0.665637,0.175637,0.0100,False,0.5800,0.4200,False,BUY,BUY,EXECUTION_READY,VALID_SIGNAL,HIGH,False,
2026-05-18T00:03:48.964535+00:00,London,RANGING,20.00,0.1429,0.001263,0.731763,0.5643,0.650000,0.4357,0.696138,0.081763,0.024529,-0.0100,0.0000,0.631609,0.631609,0.171609,0.0100,False,0.5800,0.4200,False,BUY,BUY,EXECUTION_READY,VALID_SIGNAL,MEDIUM,False,
2026-05-18T00:03:48.975517+00:00,London,RANGING,20.00,0.1429,0.001263,0.731763,0.5643,0.650000,0.4357,0.696138,0.081763,0.024529,-0.0100,0.0000,0.661609,0.661609,0.171609,0.0100,False,0.5800,0.4200,False,BUY,BUY,EXECUTION_READY,VALID_SIGNAL,HIGH,False,
2026-05-18T00:03:48.978611+00:00,London,RANGING,20.00,0.1429,0.001263,0.501907,0.5643,0.650000,0.4357,0.566433,0.148093,0.044428,-0.0100,0.0000,0.482005,0.482005,0.022005,0.0100,False,0.5800,0.4200,False,HOLD,BUY,THRESHOLD_CHECK,BELOW_THRESHOLD,LOW,False,HOLD: Final 0.4820 between BUY>0.5800 and SELL<0.4200
2026-05-18T00:03:48.983743+00:00,London,RANGING,20.00,0.1429,0.001263,0.501907,0.5643,0.650000,0.4357,0.566433,0.148093,0.044428,-0.0100,0.0000,0.512005,0.512005,0.022005,0.0100,False,0.5800,0.4200,False,HOLD,BUY,THRESHOLD_CHECK,BELOW_THRESHOLD,LOW,False,HOLD: Final 0.5120 between BUY>0.5800 and SELL<0.4200
2026-05-18T00:03:48.994084+00:00,London,RANGING,20.00,0.1429,0.001263,0.688849,0.5643,0.650000,0.4357,0.671922,0.038849,0.011655,-0.0100,0.0000,0.620267,0.620267,0.160267,0.0100,False,0.5800,0.4200,False,BUY,BUY,EXECUTION_READY,VALID_SIGNAL,MEDIUM,False,
2026-05-18T00:03:48.996467+00:00,London,RANGING,20.00,0.1429,0.001263,0.688849,0.5643,0.650000,0.4357,0.671922,0.038849,0.011655,-0.0100,0.0000,0.650267,0.650267,0.160267,0.0100,False,0.5800,0.4200,False,BUY,BUY,EXECUTION_READY,VALID_SIGNAL,HIGH,False,
2026-05-18T00:03:49.007103+00:00,London,RANGING,20.00,0.1429,0.001263,0.500000,0.5643,0.650000,0.4357,0.565357,0.150000,0.045000,-0.0100,0.0000,0.480357,0.480357,0.020357,0.0100,False,0.5800,0.4200,False,HOLD,BUY,THRESHOLD_CHECK,BELOW_THRESHOLD,LOW,False,HOLD: Final 0.4804 between BUY>0.5800 and SELL<0.4200
2026-05-18T00:03:49.010268+00:00,London,RANGING,20.00,0.1429,0.001263,0.500000,0.5643,0.650000,0.4357,0.565357,0.150000,0.045000,-0.0100,0.0000,0.510357,0.510357,0.020357,0.0100,False,0.5800,0.4200,False,HOLD,BUY,THRESHOLD_CHECK,BELOW_THRESHOLD,LOW,False,HOLD: Final 0.5104 between BUY>0.5800 and SELL<0.4200
2026-05-18T00:03:49.012296+00:00,London,RANGING,20.00,0.1429,0.001263,0.602523,0.5643,0.650000,0.4357,0.623210,0.047477,0.014243,-0.0100,0.0000,0.568967,0.568967,0.108967,0.0100,False,0.5800,0.4200,False,HOLD,BUY,THRESHOLD_CHECK,BELOW_THRESHOLD,LOW,False,HOLD: Final 0.5690 between BUY>0.5800 and SELL<0.4200
2026-05-18T00:03:49.020635+00:00,London,RANGING,20.00,0.1429,0.001263,0.602523,0.5643,0.650000,0.4357,0.623210,0.047477,0.014243,-0.0100,0.0000,0.598967,0.598967,0.108967,0.0100,False,0.5800,0.4200,False,BUY,BUY,EXECUTION_READY,VALID_SIGNAL,MEDIUM,False,
2026-05-18T00:03:49.027581+00:00,London,RANGING,20.00,0.1429,0.001263,0.628576,0.5643,0.650000,0.4357,0.637911,0.021424,0.006427,-0.0100,0.0000,0.591484,0.591484,0.131484,0.0100,False,0.5800,0.4200,False,BUY,BUY,EXECUTION_READY,VALID_SIGNAL,MEDIUM,False,
2026-05-18T00:03:49.030243+00:00,London,RANGING,20.00,0.1429,0.001263,0.628576,0.5643,0.650000,0.4357,0.637911,0.021424,0.006427,-0.0100,0.0000,0.621484,0.621484,0.131484,0.0100,False,0.5800,0.4200,False,BUY,BUY,EXECUTION_READY,VALID_SIGNAL,MEDIUM,False,
2026-05-18T00:03:49.038958+00:00,London,RANGING,20.00,0.1429,0.001263,0.733076,0.5643,0.650000,0.4357,0.696878,0.083076,0.024923,-0.0100,0.0000,0.631956,0.631956,0.171956,0.0100,False,0.5800,0.4200,False,BUY,BUY,EXECUTION_READY,VALID_SIGNAL,MEDIUM,False,
2026-05-18T00:03:49.042196+00:00,London,RANGING,20.00,0.1429,0.001263,0.733076,0.5643,0.650000,0.4357,0.696878,0.083076,0.024923,-0.0100,0.0000,0.661956,0.661956,0.171956,0.0100,False,0.5800,0.4200,False,BUY,BUY,EXECUTION_READY,VALID_SIGNAL,HIGH,False,
2026-05-18T00:03:49.044226+00:00,London,RANGING,20.00,0.1429,0.001263,0.569091,0.5643,0.650000,0.4357,0.604344,0.080909,0.024273,-0.0100,0.0000,0.540071,0.540071,0.080071,0.0100,False,0.5800,0.4200,False,HOLD,BUY,THRESHOLD_CHECK,BELOW_THRESHOLD,LOW,False,HOLD: Final 0.5401 between BUY>0.5800 and SELL<0.4200
2026-05-18T00:03:49.051102+00:00,London,RANGING,20.00,0.1429,0.001263,0.569091,0.5643,0.650000,0.4357,0.604344,0.080909,0.024273,-0.0100,0.0000,0.570071,0.570071,0.080071,0.0100,False,0.5800,0.4200,False,HOLD,BUY,THRESHOLD_CHECK,BELOW_THRESHOLD,LOW,False,HOLD: Final 0.5701 between BUY>0.5800 and SELL<0.4200
2026-05-18T00:03:49.059488+00:00,London,RANGING,20.00,0.1429,0.001263,0.536357,0.5643,0.650000,0.4357,0.585873,0.113643,0.034093,-0.0100,0.0000,0.511780,0.511780,0.051780,0.0100,False,0.5800,0.4200,False,HOLD,BUY,THRESHOLD_CHECK,BELOW_THRESHOLD,LOW,False,HOLD: Final 0.5118 between BUY>0.5800 and SELL<0.4200
2026-05-18T00:03:49.061531+00:00,London,RANGING,20.00,0.1429,0.001263,0.536357,0.5643,0.650000,0.4357,0.585873,0.113643,0.034093,-0.0100,0.0000,0.541780,0.541780,0.051780,0.0100,False,0.5800,0.4200,False,HOLD,BUY,THRESHOLD_CHECK,BELOW_THRESHOLD,LOW,False,HOLD: Final 0.5418 between BUY>0.5800 and SELL<0.4200
2026-05-18T00:03:49.063784+00:00,London,RANGING,20.00,0.1429,0.001263,0.595852,0.5643,0.650000,0.4357,0.619445,0.054148,0.016244,-0.0100,0.0000,0.563201,0.563201,0.103201,0.0100,False,0.5800,0.4200,False,HOLD,BUY,THRESHOLD_CHECK,BELOW_THRESHOLD,LOW,False,HOLD: Final 0.5632 between BUY>0.5800 and SELL<0.4200
2026-05-18T00:03:49.069033+00:00,London,RANGING,20.00,0.1429,0.001263,0.595852,0.5643,0.650000,0.4357,0.619445,0.054148,0.016244,-0.0100,0.0000,0.593201,0.593201,0.103201,0.0100,False,0.5800,0.4200,False,BUY,BUY,EXECUTION_READY,VALID_SIGNAL,MEDIUM,False,
2026-05-18T00:03:49.073984+00:00,London,RANGING,20.00,0.1429,0.001263,0.696193,0.5643,0.650000,0.4357,0.676066,0.046193,0.013858,-0.0100,0.0000,0.622208,0.622208,0.162208,0.0100,False,0.5800,0.4200,False,BUY,BUY,EXECUTION_READY,VALID_SIGNAL,MEDIUM,False,
2026-05-18T00:03:49.076014+00:00,London,RANGING,20.00,0.1429,0.001263,0.696193,0.5643,0.650000,0.4357,0.676066,0.046193,0.013858,-0.0100,0.0000,0.652208,0.652208,0.162208,0.0100,False,0.5800,0.4200,False,BUY,BUY,EXECUTION_READY,VALID_SIGNAL,HIGH,False,
2026-05-18T00:03:49.077529+00:00,London,RANGING,20.00,0.1429,0.001263,0.586557,0.5643,0.650000,0.4357,0.614200,0.063443,0.019033,-0.0100,0.0000,0.555168,0.555168,0.095168,0.0100,False,0.5800,0.4200,False,HOLD,BUY,THRESHOLD_CHECK,BELOW_THRESHOLD,LOW,False,HOLD: Final 0.5552 between BUY>0.5800 and SELL<0.4200
2026-05-18T00:03:49.081548+00:00,London,RANGING,20.00,0.1429,0.001263,0.586557,0.5643,0.650000,0.4357,0.614200,0.063443,0.019033,-0.0100,0.0000,0.585168,0.585168,0.095168,0.0100,False,0.5800,0.4200,False,BUY,BUY,EXECUTION_READY,VALID_SIGNAL,MEDIUM,False,
2026-05-18T00:03:49.082814+00:00,London,RANGING,20.00,0.1429,0.001263,0.704090,0.5643,0.650000,0.4357,0.680522,0.054090,0.016227,-0.0100,0.0000,0.624295,0.624295,0.164295,0.0100,False,0.5800,0.4200,False,BUY,BUY,EXECUTION_READY,VALID_SIGNAL,MEDIUM,False,
2026-05-18T00:03:49.086384+00:00,London,RANGING,20.00,0.1429,0.001263,0.704090,0.5643,0.650000,0.4357,0.680522,0.054090,0.016227,-0.0100,0.0000,0.654295,0.654295,0.164295,0.0100,False,0.5800,0.4200,False,BUY,BUY,EXECUTION_READY,VALID_SIGNAL,HIGH,False,
2026-05-18T00:03:49.090784+00:00,London,RANGING,20.00,0.1429,0.001263,0.621378,0.5643,0.650000,0.4357,0.633849,0.028622,0.008587,-0.0100,0.0000,0.585262,0.585262,0.125262,0.0100,False,0.5800,0.4200,False,BUY,BUY,EXECUTION_READY,VALID_SIGNAL,MEDIUM,False,
2026-05-18T00:03:49.092304+00:00,London,RANGING,20.00,0.1429,0.001263,0.621378,0.5643,0.650000,0.4357,0.633849,0.028622,0.008587,-0.0100,0.0000,0.615262,0.615262,0.125262,0.0100,False,0.5800,0.4200,False,BUY,BUY,EXECUTION_READY,VALID_SIGNAL,MEDIUM,False,
2026-05-18T00:03:49.094298+00:00,London,RANGING,20.00,0.1429,0.001263,0.679846,0.5643,0.650000,0.4357,0.666842,0.029846,0.008954,-0.0100,0.0000,0.617888,0.617888,0.157888,0.0100,False,0.5800,0.4200,False,BUY,BUY,EXECUTION_READY,VALID_SIGNAL,MEDIUM,False,
2026-05-18T00:03:49.096827+00:00,London,RANGING,20.00,0.1429,0.001263,0.679846,0.5643,0.650000,0.4357,0.666842,0.029846,0.008954,-0.0100,0.0000,0.647888,0.647888,0.157888,0.0100,False,0.5800,0.4200,False,BUY,BUY,EXECUTION_READY,VALID_SIGNAL,MEDIUM,False,
2026-05-18T00:03:49.099096+00:00,London,RANGING,20.00,0.1429,0.001263,0.562866,0.5643,0.650000,0.4357,0.600832,0.087134,0.026140,-0.0100,0.0000,0.534691,0.534691,0.074691,0.0100,False,0.5800,0.4200,False,HOLD,BUY,THRESHOLD_CHECK,BELOW_THRESHOLD,LOW,False,HOLD: Final 0.5347 between BUY>0.5800 and SELL<0.4200
2026-05-18T00:03:49.102655+00:00,London,RANGING,20.00,0.1429,0.001263,0.562866,0.5643,0.650000,0.4357,0.600832,0.087134,0.026140,-0.0100,0.0000,0.564691,0.564691,0.074691,0.0100,False,0.5800,0.4200,False,HOLD,BUY,THRESHOLD_CHECK,BELOW_THRESHOLD,LOW,False,HOLD: Final 0.5647 between BUY>0.5800 and SELL<0.4200
2026-05-18T00:03:49.105422+00:00,London,RANGING,20.00,0.1429,0.001263,0.675756,0.5643,0.650000,0.4357,0.664534,0.025756,0.007727,-0.0100,0.0000,0.616807,0.616807,0.156807,0.0100,False,0.5800,0.4200,False,BUY,BUY,EXECUTION_READY,VALID_SIGNAL,MEDIUM,False,
2026-05-18T00:03:49.107971+00:00,London,RANGING,20.00,0.1429,0.001263,0.675756,0.5643,0.650000,0.4357,0.664534,0.025756,0.007727,-0.0100,0.0000,0.646807,0.646807,0.156807,0.0100,False,0.5800,0.4200,False,BUY,BUY,EXECUTION_READY,VALID_SIGNAL,MEDIUM,False,
2026-05-18T00:03:49.109999+00:00,London,RANGING,20.00,0.1429,0.001263,0.702619,0.5643,0.650000,0.4357,0.679692,0.052619,0.015786,-0.0100,0.0000,0.623907,0.623907,0.163907,0.0100,False,0.5800,0.4200,False,BUY,BUY,EXECUTION_READY,VALID_SIGNAL,MEDIUM,False,
2026-05-18T00:03:49.114054+00:00,London,RANGING,20.00,0.1429,0.001263,0.702619,0.5643,0.650000,0.4357,0.679692,0.052619,0.015786,-0.0100,0.0000,0.653907,0.653907,0.163907,0.0100,False,0.5800,0.4200,False,BUY,BUY,EXECUTION_READY,VALID_SIGNAL,HIGH,False,
2026-05-18T00:03:49.115279+00:00,London,RANGING,20.00,0.1429,0.001263,0.630486,0.5643,0.650000,0.4357,0.638988,0.019514,0.005854,-0.0100,0.0000,0.593134,0.593134,0.133134,0.0100,False,0.5800,0.4200,False,BUY,BUY,EXECUTION_READY,VALID_SIGNAL,MEDIUM,False,
2026-05-18T00:03:49.117788+00:00,London,RANGING,20.00,0.1429,0.001263,0.630486,0.5643,0.650000,0.4357,0.638988,0.019514,0.005854,-0.0100,0.0000,0.623134,0.623134,0.133134,0.0100,False,0.5800,0.4200,False,BUY,BUY,EXECUTION_READY,VALID_SIGNAL,MEDIUM,False,
2026-05-18T00:03:49.122117+00:00,London,RANGING,20.00,0.1429,0.001263,0.744535,0.5643,0.650000,0.4357,0.703345,0.094535,0.028360,-0.0100,0.0000,0.634984,0.634984,0.174984,0.0100,False,0.5800,0.4200,False,BUY,BUY,EXECUTION_READY,VALID_SIGNAL,MEDIUM,False,
2026-05-18T00:03:49.124144+00:00,London,RANGING,20.00,0.1429,0.001263,0.744535,0.5643,0.650000,0.4357,0.703345,0.094535,0.028360,-0.0100,0.0000,0.664984,0.664984,0.174984,0.0100,False,0.5800,0.4200,False,BUY,BUY,EXECUTION_READY,VALID_SIGNAL,HIGH,False,
2026-05-18T00:06:29.820419+00:00,London,RANGING,20.00,0.1429,0.001263,0.750000,0.5643,0.650000,0.4357,0.706429,0.100000,0.030000,-0.0100,0.0000,0.666429,0.666429,0.176429,0.0100,False,0.5800,0.4200,False,BUY,BUY,EXECUTION_READY,VALID_SIGNAL,HIGH,False,
2026-05-18T00:06:29.826635+00:00,London,RANGING,20.00,0.1429,0.001263,0.934604,0.5643,0.650000,0.4357,0.810598,0.284604,0.085381,-0.0100,0.0000,0.715217,0.715217,0.225217,0.0100,False,0.5800,0.4200,False,BUY,BUY,EXECUTION_READY,VALID_SIGNAL,HIGH,False,
2026-05-18T00:06:29.838968+00:00,London,RANGING,20.00,0.1429,0.001263,0.947100,0.5643,0.650000,0.4357,0.817649,0.297100,0.089130,-0.0100,0.0000,0.718519,0.718519,0.228519,0.0100,False,0.5800,0.4200,False,BUY,BUY,EXECUTION_READY,VALID_SIGNAL,HIGH,False,
2026-05-18T00:06:29.840997+00:00,London,RANGING,20.00,0.1429,0.001263,0.052900,0.5643,0.350000,0.4357,0.182351,0.297100,0.089130,-0.0100,0.0000,0.249762,0.249762,0.228519,0.0100,False,0.5800,0.4200,False,SELL,SELL,EXECUTION_READY,VALID_SIGNAL,HIGH,False,
2026-05-18T00:06:29.851229+00:00,London,RANGING,20.00,0.1429,0.001263,0.990000,0.5643,0.650000,0.4357,0.841857,0.340000,0.102000,-0.0100,0.0000,0.729857,0.729857,0.239857,0.0100,False,0.5800,0.4200,False,BUY,BUY,EXECUTION_READY,VALID_SIGNAL,HIGH,False,
2026-05-18T00:06:29.855709+00:00,London,RANGING,20.00,0.1429,0.001263,0.250000,0.5643,0.350000,0.4357,0.293571,0.100000,0.030000,-0.0100,0.0000,0.297686,0.297686,0.176429,0.0100,False,0.5800,0.4200,False,SELL,SELL,EXECUTION_READY,VALID_SIGNAL,HIGH,False,
2026-05-18T00:06:29.867068+00:00,London,RANGING,20.00,0.1429,0.001263,0.990000,0.5643,0.650000,0.4357,0.841857,0.340000,0.102000,-0.0100,0.0000,0.729857,0.729857,0.239857,0.0100,False,0.5800,0.4200,False,BUY,BUY,EXECUTION_READY,VALID_SIGNAL,HIGH,False,
2026-05-18T00:06:29.871993+00:00,London,RANGING,20.00,0.1429,0.001263,0.010000,0.5643,0.350000,0.4357,0.158143,0.340000,0.102000,-0.0100,0.0000,0.239331,0.239331,0.239857,0.0100,False,0.5800,0.4200,False,SELL,SELL,EXECUTION_READY,VALID_SIGNAL,HIGH,False,
2026-05-18T00:06:29.876472+00:00,London,RANGING,20.00,0.1429,0.001263,0.750000,0.5643,0.650000,0.4357,0.706429,0.100000,0.030000,-0.0100,0.0000,0.666429,0.666429,0.176429,0.0100,False,0.5800,0.4200,False,BUY,BUY,EXECUTION_READY,VALID_SIGNAL,HIGH,False,
2026-05-18T00:06:29.886510+00:00,London,RANGING,20.00,0.1429,0.001263,0.010000,0.5643,0.350000,0.4357,0.158143,0.340000,0.102000,-0.0100,0.0000,0.239331,0.239331,0.239857,0.0100,False,0.5800,0.4200,False,SELL,SELL,EXECUTION_READY,VALID_SIGNAL,HIGH,False,
2026-05-18T00:06:29.888538+00:00,London,RANGING,20.00,0.1429,0.001263,0.941506,0.5643,0.650000,0.4357,0.814493,0.291506,0.087452,-0.0100,0.0000,0.717041,0.717041,0.227041,0.0100,False,0.5800,0.4200,False,BUY,BUY,EXECUTION_READY,VALID_SIGNAL,HIGH,False,
2026-05-18T00:06:29.893243+00:00,London,RANGING,20.00,0.1429,0.001263,0.058494,0.5643,0.350000,0.4357,0.185507,0.291506,0.087452,-0.0100,0.0000,0.251122,0.251122,0.227041,0.0100,False,0.5800,0.4200,False,SELL,SELL,EXECUTION_READY,VALID_SIGNAL,HIGH,False,
2026-05-18T00:06:29.899289+00:00,London,RANGING,20.00,0.1429,0.001263,0.817163,0.5643,0.650000,0.4357,0.744328,0.167163,0.050149,-0.0100,0.0000,0.684179,0.684179,0.194179,0.0100,False,0.5800,0.4200,False,BUY,BUY,EXECUTION_READY,VALID_SIGNAL,HIGH,False,
2026-05-18T00:06:29.904209+00:00,London,RANGING,20.00,0.1429,0.001263,0.231292,0.5643,0.350000,0.4357,0.283015,0.118708,0.035612,-0.0100,0.0000,0.293137,0.293137,0.181373,0.0100,False,0.5800,0.4200,False,SELL,SELL,EXECUTION_READY,VALID_SIGNAL,HIGH,False,
2026-05-18T00:06:29.906618+00:00,London,RANGING,20.00,0.1429,0.001263,0.760171,0.5643,0.650000,0.4357,0.712168,0.110171,0.033051,-0.0100,0.0000,0.669116,0.669116,0.179116,0.0100,False,0.5800,0.4200,False,BUY,BUY,EXECUTION_READY,VALID_SIGNAL,HIGH,False,
2026-05-18T00:06:29.920267+00:00,London,RANGING,20.00,0.1429,0.001263,0.250000,0.5643,0.350000,0.4357,0.293571,0.100000,0.030000,-0.0100,0.0000,0.297686,0.297686,0.176429,0.0100,False,0.5800,0.4200,False,SELL,SELL,EXECUTION_READY,VALID_SIGNAL,HIGH,False,
2026-05-18T00:06:29.922562+00:00,London,RANGING,20.00,0.1429,0.001263,0.750000,0.5643,0.650000,0.4357,0.706429,0.100000,0.030000,-0.0100,0.0000,0.666429,0.666429,0.176429,0.0100,False,0.5800,0.4200,False,BUY,BUY,EXECUTION_READY,VALID_SIGNAL,HIGH,False,
2026-05-18T00:06:29.938849+00:00,London,RANGING,20.00,0.1429,0.001263,0.750000,0.5643,0.650000,0.4357,0.706429,0.100000,0.030000,-0.0100,0.0000,0.666429,0.666429,0.176429,0.0100,False,0.5800,0.4200,False,BUY,BUY,EXECUTION_READY,VALID_SIGNAL,HIGH,False,
2026-05-18T00:06:29.940527+00:00,London,RANGING,20.00,0.1429,0.001263,0.857880,0.5643,0.650000,0.4357,0.767304,0.207880,0.062364,-0.0100,0.0000,0.694940,0.694940,0.204940,0.0100,False,0.5800,0.4200,False,BUY,BUY,EXECUTION_READY,VALID_SIGNAL,HIGH,False,
2026-05-18T00:06:29.950311+00:00,London,RANGING,20.00,0.1429,0.001263,0.120701,0.5643,0.350000,0.4357,0.220610,0.229299,0.068790,-0.0100,0.0000,0.266248,0.266248,0.210600,0.0100,False,0.5800,0.4200,False,SELL,SELL,EXECUTION_READY,VALID_SIGNAL,HIGH,False,
2026-05-18T00:06:29.957622+00:00,London,RANGING,20.00,0.1429,0.001263,0.839204,0.5643,0.650000,0.4357,0.756765,0.189204,0.056761,-0.0100,0.0000,0.690004,0.690004,0.200004,0.0100,False,0.5800,0.4200,False,BUY,BUY,EXECUTION_READY,VALID_SIGNAL,HIGH,False,
2026-05-18T00:06:29.960513+00:00,London,RANGING,20.00,0.1429,0.001263,0.214685,0.5643,0.350000,0.4357,0.273643,0.135315,0.040595,-0.0100,0.0000,0.289099,0.289099,0.185762,0.0100,False,0.5800,0.4200,False,SELL,SELL,EXECUTION_READY,VALID_SIGNAL,HIGH,False,
2026-05-18T00:06:29.975222+00:00,London,RANGING,20.00,0.1429,0.001263,0.250000,0.5643,0.350000,0.4357,0.293571,0.100000,0.030000,-0.0100,0.0000,0.297686,0.297686,0.176429,0.0100,False,0.5800,0.4200,False,SELL,SELL,EXECUTION_READY,VALID_SIGNAL,HIGH,False,
2026-05-18T00:06:29.983656+00:00,London,RANGING,20.00,0.1429,0.001263,0.041781,0.5643,0.350000,0.4357,0.176076,0.308219,0.092466,-0.0100,0.0000,0.247059,0.247059,0.231458,0.0100,False,0.5800,0.4200,False,SELL,SELL,EXECUTION_READY,VALID_SIGNAL,HIGH,False,
2026-05-18T00:06:29.988886+00:00,London,RANGING,20.00,0.1429,0.001263,0.914828,0.5643,0.650000,0.4357,0.799439,0.264828,0.079449,-0.0100,0.0000,0.709990,0.709990,0.219990,0.0100,False,0.5800,0.4200,False,BUY,BUY,EXECUTION_READY,VALID_SIGNAL,HIGH,False,
2026-05-18T00:06:29.993780+00:00,London,RANGING,20.00,0.1429,0.001263,0.184277,0.5643,0.350000,0.4357,0.256485,0.165723,0.049717,-0.0100,0.0000,0.281706,0.281706,0.193798,0.0100,False,0.5800,0.4200,False,SELL,SELL,EXECUTION_READY,VALID_SIGNAL,HIGH,False,
2026-05-18T00:06:30.004073+00:00,London,RANGING,20.00,0.1429,0.001263,0.250000,0.5643,0.350000,0.4357,0.293571,0.100000,0.030000,-0.0100,0.0000,0.297686,0.297686,0.176429,0.0100,False,0.5800,0.4200,False,SELL,SELL,EXECUTION_READY,VALID_SIGNAL,HIGH,False,
2026-05-18T00:06:30.005996+00:00,London,RANGING,20.00,0.1429,0.001263,0.789714,0.5643,0.650000,0.4357,0.728838,0.139714,0.041914,-0.0100,0.0000,0.676924,0.676924,0.186924,0.0100,False,0.5800,0.4200,False,BUY,BUY,EXECUTION_READY,VALID_SIGNAL,HIGH,False,
2026-05-18T00:06:30.010023+00:00,London,RANGING,20.00,0.1429,0.001263,0.084832,0.5643,0.350000,0.4357,0.200369,0.265168,0.079550,-0.0100,0.0000,0.257526,0.257526,0.220080,0.0100,False,0.5800,0.4200,False,SELL,SELL,EXECUTION_READY,VALID_SIGNAL,HIGH,False,
2026-05-18T00:06:30.016823+00:00,London,RANGING,20.00,0.1429,0.001263,0.051451,0.5643,0.350000,0.4357,0.181533,0.298549,0.089565,-0.0100,0.0000,0.249410,0.249410,0.228902,0.0100,False,0.5800,0.4200,False,SELL,SELL,EXECUTION_READY,VALID_SIGNAL,HIGH,False,
2026-05-18T00:06:30.022063+00:00,London,RANGING,20.00,0.1429,0.001263,0.962455,0.5643,0.650000,0.4357,0.826314,0.312455,0.093736,-0.0100,0.0000,0.722577,0.722577,0.232577,0.0100,False,0.5800,0.4200,False,BUY,BUY,EXECUTION_READY,VALID_SIGNAL,HIGH,False,
2026-05-18T00:06:30.023581+00:00,London,RANGING,20.00,0.1429,0.001263,0.076880,0.5643,0.350000,0.4357,0.195882,0.273120,0.081936,-0.0100,0.0000,0.255593,0.255593,0.222182,0.0100,False,0.5800,0.4200,False,SELL,SELL,EXECUTION_READY,VALID_SIGNAL,HIGH,False,
2026-05-18T00:06:30.031489+00:00,London,RANGING,20.00,0.1429,0.001263,0.202958,0.5643,0.350000,0.4357,0.267026,0.147042,0.044113,-0.0100,0.0000,0.286248,0.286248,0.188861,0.0100,False,0.5800,0.4200,False,SELL,SELL,EXECUTION_READY,VALID_SIGNAL,HIGH,False,
2026-05-18T00:06:30.035729+00:00,London,RANGING,20.00,0.1429,0.001263,0.144920,0.5643,0.350000,0.4357,0.234276,0.205080,0.061524,-0.0100,0.0000,0.272136,0.272136,0.204200,0.0100,False,0.5800,0.4200,False,SELL,SELL,EXECUTION_READY,VALID_SIGNAL,HIGH,False,
2026-05-18T00:06:30.037815+00:00,London,RANGING,20.00,0.1429,0.001263,0.079925,0.5643,0.350000,0.4357,0.197601,0.270075,0.081022,-0.0100,0.0000,0.256333,0.256333,0.221377,0.0100,False,0.5800,0.4200,False,SELL,SELL,EXECUTION_READY,VALID_SIGNAL,HIGH,False,
2026-05-18T00:06:30.042154+00:00,London,RANGING,20.00,0.1429,0.001263,0.103525,0.5643,0.350000,0.4357,0.210918,0.246475,0.073943,-0.0100,0.0000,0.262071,0.262071,0.215140,0.0100,False,0.5800,0.4200,False,SELL,SELL,EXECUTION_READY,VALID_SIGNAL,HIGH,False,
2026-05-18T00:06:30.046199+00:00,London,RANGING,20.00,0.1429,0.001263,0.175222,0.5643,0.350000,0.4357,0.251376,0.174778,0.052433,-0.0100,0.0000,0.279504,0.279504,0.196191,0.0100,False,0.5800,0.4200,False,SELL,SELL,EXECUTION_READY,VALID_SIGNAL,HIGH,False,
2026-05-18T00:06:30.052341+00:00,London,RANGING,20.00,0.1429,0.001263,0.918599,0.5643,0.650000,0.4357,0.801567,0.268599,0.080580,-0.0100,0.0000,0.710987,0.710987,0.220987,0.0100,False,0.5800,0.4200,False,BUY,BUY,EXECUTION_READY,VALID_SIGNAL,HIGH,False,
2026-05-18T00:06:30.055480+00:00,London,RANGING,20.00,0.1429,0.001263,0.750000,0.5643,0.650000,0.4357,0.706429,0.100000,0.030000,-0.0100,0.0000,0.666429,0.666429,0.176429,0.0100,False,0.5800,0.4200,False,BUY,BUY,EXECUTION_READY,VALID_SIGNAL,HIGH,False,
2026-05-18T00:06:30.060155+00:00,London,RANGING,20.00,0.1429,0.001263,0.199292,0.5643,0.350000,0.4357,0.264957,0.150708,0.045213,-0.0100,0.0000,0.285356,0.285356,0.189830,0.0100,False,0.5800,0.4200,False,SELL,SELL,EXECUTION_READY,VALID_SIGNAL,HIGH,False,
2026-05-18T00:06:30.065845+00:00,London,RANGING,20.00,0.1429,0.001263,0.082640,0.5643,0.350000,0.4357,0.199133,0.267360,0.080208,-0.0100,0.0000,0.256993,0.256993,0.220659,0.0100,False,0.5800,0.4200,False,SELL,SELL,EXECUTION_READY,VALID_SIGNAL,HIGH,False,
2026-05-18T00:06:30.069942+00:00,London,RANGING,20.00,0.1429,0.001263,0.750000,0.5643,0.650000,0.4357,0.706429,0.100000,0.030000,-0.0100,0.0000,0.666429,0.666429,0.176429,0.0100,False,0.5800,0.4200,False,BUY,BUY,EXECUTION_READY,VALID_SIGNAL,HIGH,False,
2026-05-18T00:06:30.074736+00:00,London,RANGING,20.00,0.1429,0.001263,0.822350,0.5643,0.650000,0.4357,0.747254,0.172350,0.051705,-0.0100,0.0000,0.685550,0.685550,0.195550,0.0100,False,0.5800,0.4200,False,BUY,BUY,EXECUTION_READY,VALID_SIGNAL,HIGH,False,
2026-05-18T00:06:30.077060+00:00,London,RANGING,20.00,0.1429,0.001263,0.901375,0.5643,0.650000,0.4357,0.791847,0.251375,0.075412,-0.0100,0.0000,0.706435,0.706435,0.216435,0.0100,False,0.5800,0.4200,False,BUY,BUY,EXECUTION_READY,VALID_SIGNAL,HIGH,False,
2026-05-18T00:06:30.084859+00:00,London,RANGING,20.00,0.1429,0.001263,0.768268,0.5643,0.650000,0.4357,0.716737,0.118268,0.035480,-0.0100,0.0000,0.671257,0.671257,0.181257,0.0100,False,0.5800,0.4200,False,BUY,BUY,EXECUTION_READY,VALID_SIGNAL,HIGH,False,
2026-05-18T00:06:30.086854+00:00,London,RANGING,20.00,0.1429,0.001263,0.161878,0.5643,0.350000,0.4357,0.243845,0.188122,0.056437,-0.0100,0.0000,0.276259,0.276259,0.199718,0.0100,False,0.5800,0.4200,False,SELL,SELL,EXECUTION_READY,VALID_SIGNAL,HIGH,False,
2026-05-18T00:06:30.090380+00:00,London,RANGING,20.00,0.1429,0.001263,0.132800,0.5643,0.350000,0.4357,0.227437,0.217200,0.065160,-0.0100,0.0000,0.269189,0.269189,0.207403,0.0100,False,0.5800,0.4200,False,SELL,SELL,EXECUTION_READY,VALID_SIGNAL,HIGH,False,
2026-05-18T00:06:30.093607+00:00,London,RANGING,20.00,0.1429,0.001263,0.921003,0.5643,0.650000,0.4357,0.802923,0.271003,0.081301,-0.0100,0.0000,0.711622,0.711622,0.221622,0.0100,False,0.5800,0.4200,False,BUY,BUY,EXECUTION_READY,VALID_SIGNAL,HIGH,False,
2026-05-18T00:06:30.097151+00:00,London,RANGING,20.00,0.1429,0.001263,0.901600,0.5643,0.650000,0.4357,0.791974,0.251600,0.075480,-0.0100,0.0000,0.706494,0.706494,0.216494,0.0100,False,0.5800,0.4200,False,BUY,BUY,EXECUTION_READY,VALID_SIGNAL,HIGH,False,
2026-05-18T00:06:30.103301+00:00,London,RANGING,20.00,0.1429,0.001263,0.069158,0.5643,0.350000,0.4357,0.191525,0.280842,0.084253,-0.0100,0.0000,0.253715,0.253715,0.224223,0.0100,False,0.5800,0.4200,False,SELL,SELL,EXECUTION_READY,VALID_SIGNAL,HIGH,False,
2026-05-18T00:06:30.117943+00:00,London,RANGING,20.00,0.1429,0.001263,0.500000,0.5643,0.650000,0.4357,0.565357,0.150000,0.045000,-0.0100,0.0000,0.480357,0.480357,0.020357,0.0100,False,0.5800,0.4200,False,HOLD,BUY,THRESHOLD_CHECK,BELOW_THRESHOLD,LOW,False,HOLD: Final 0.4804 between BUY>0.5800 and SELL<0.4200
2026-05-18T00:06:30.119723+00:00,London,RANGING,20.00,0.1429,0.001263,0.500000,0.5643,0.650000,0.4357,0.565357,0.150000,0.045000,-0.0100,0.0000,0.510357,0.510357,0.020357,0.0100,False,0.5800,0.4200,False,HOLD,BUY,THRESHOLD_CHECK,BELOW_THRESHOLD,LOW,False,HOLD: Final 0.5104 between BUY>0.5800 and SELL<0.4200
2026-05-18T00:06:30.121721+00:00,London,RANGING,20.00,0.1429,0.001263,0.746813,0.5643,0.650000,0.4357,0.704630,0.096813,0.029044,-0.0100,0.0000,0.635586,0.635586,0.175586,0.0100,False,0.5800,0.4200,False,BUY,BUY,EXECUTION_READY,VALID_SIGNAL,MEDIUM,False,
2026-05-18T00:06:30.128673+00:00,London,RANGING,20.00,0.1429,0.001263,0.746813,0.5643,0.650000,0.4357,0.704630,0.096813,0.029044,-0.0100,0.0000,0.665586,0.665586,0.175586,0.0100,False,0.5800,0.4200,False,BUY,BUY,EXECUTION_READY,VALID_SIGNAL,HIGH,False,
2026-05-18T00:06:30.135830+00:00,London,RANGING,20.00,0.1429,0.001263,0.500000,0.5643,0.650000,0.4357,0.565357,0.150000,0.045000,-0.0100,0.0000,0.480357,0.480357,0.020357,0.0100,False,0.5800,0.4200,False,HOLD,BUY,THRESHOLD_CHECK,BELOW_THRESHOLD,LOW,False,HOLD: Final 0.4804 between BUY>0.5800 and SELL<0.4200
2026-05-18T00:06:30.137823+00:00,London,RANGING,20.00,0.1429,0.001263,0.500000,0.5643,0.650000,0.4357,0.565357,0.150000,0.045000,-0.0100,0.0000,0.510357,0.510357,0.020357,0.0100,False,0.5800,0.4200,False,HOLD,BUY,THRESHOLD_CHECK,BELOW_THRESHOLD,LOW,False,HOLD: Final 0.5104 between BUY>0.5800 and SELL<0.4200
2026-05-18T00:06:30.140824+00:00,London,RANGING,20.00,0.1429,0.001263,0.749000,0.5643,0.650000,0.4357,0.705864,0.099000,0.029700,-0.0100,0.0000,0.636164,0.636164,0.176164,0.0100,False,0.5800,0.4200,False,BUY,BUY,EXECUTION_READY,VALID_SIGNAL,MEDIUM,False,
2026-05-18T00:06:30.145776+00:00,London,RANGING,20.00,0.1429,0.001263,0.749000,0.5643,0.650000,0.4357,0.705864,0.099000,0.029700,-0.0100,0.0000,0.666164,0.666164,0.176164,0.0100,False,0.5800,0.4200,False,BUY,BUY,EXECUTION_READY,VALID_SIGNAL,HIGH,False,
2026-05-18T00:06:30.152573+00:00,London,RANGING,20.00,0.1429,0.001263,0.749000,0.5643,0.650000,0.4357,0.705864,0.099000,0.029700,-0.0100,0.0000,0.636164,0.636164,0.176164,0.0100,False,0.5800,0.4200,False,BUY,BUY,EXECUTION_READY,VALID_SIGNAL,MEDIUM,False,
2026-05-18T00:06:30.154608+00:00,London,RANGING,20.00,0.1429,0.001263,0.749000,0.5643,0.650000,0.4357,0.705864,0.099000,0.029700,-0.0100,0.0000,0.666164,0.666164,0.176164,0.0100,False,0.5800,0.4200,False,BUY,BUY,EXECUTION_READY,VALID_SIGNAL,HIGH,False,
2026-05-18T00:06:30.157424+00:00,London,RANGING,20.00,0.1429,0.001263,0.500000,0.5643,0.650000,0.4357,0.565357,0.150000,0.045000,-0.0100,0.0000,0.480357,0.480357,0.020357,0.0100,False,0.5800,0.4200,False,HOLD,BUY,THRESHOLD_CHECK,BELOW_THRESHOLD,LOW,False,HOLD: Final 0.4804 between BUY>0.5800 and SELL<0.4200
2026-05-18T00:06:30.164729+00:00,London,RANGING,20.00,0.1429,0.001263,0.500000,0.5643,0.650000,0.4357,0.565357,0.150000,0.045000,-0.0100,0.0000,0.510357,0.510357,0.020357,0.0100,False,0.5800,0.4200,False,HOLD,BUY,THRESHOLD_CHECK,BELOW_THRESHOLD,LOW,False,HOLD: Final 0.5104 between BUY>0.5800 and SELL<0.4200
2026-05-18T00:06:30.171413+00:00,London,RANGING,20.00,0.1429,0.001263,0.500000,0.5643,0.650000,0.4357,0.565357,0.150000,0.045000,-0.0100,0.0000,0.480357,0.480357,0.020357,0.0100,False,0.5800,0.4200,False,HOLD,BUY,THRESHOLD_CHECK,BELOW_THRESHOLD,LOW,False,HOLD: Final 0.4804 between BUY>0.5800 and SELL<0.4200
2026-05-18T00:06:30.177746+00:00,London,RANGING,20.00,0.1429,0.001263,0.500000,0.5643,0.650000,0.4357,0.565357,0.150000,0.045000,-0.0100,0.0000,0.510357,0.510357,0.020357,0.0100,False,0.5800,0.4200,False,HOLD,BUY,THRESHOLD_CHECK,BELOW_THRESHOLD,LOW,False,HOLD: Final 0.5104 between BUY>0.5800 and SELL<0.4200
2026-05-18T00:06:30.187447+00:00,London,RANGING,20.00,0.1429,0.001263,0.567834,0.5643,0.650000,0.4357,0.603635,0.082166,0.024650,-0.0100,0.0000,0.538985,0.538985,0.078985,0.0100,False,0.5800,0.4200,False,HOLD,BUY,THRESHOLD_CHECK,BELOW_THRESHOLD,LOW,False,HOLD: Final 0.5390 between BUY>0.5800 and SELL<0.4200
2026-05-18T00:06:30.189538+00:00,London,RANGING,20.00,0.1429,0.001263,0.567834,0.5643,0.650000,0.4357,0.603635,0.082166,0.024650,-0.0100,0.0000,0.568985,0.568985,0.078985,0.0100,False,0.5800,0.4200,False,HOLD,BUY,THRESHOLD_CHECK,BELOW_THRESHOLD,LOW,False,HOLD: Final 0.5690 between BUY>0.5800 and SELL<0.4200
2026-05-18T00:06:30.200301+00:00,London,RANGING,20.00,0.1429,0.001263,0.593266,0.5643,0.650000,0.4357,0.617986,0.056734,0.017020,-0.0100,0.0000,0.560965,0.560965,0.100965,0.0100,False,0.5800,0.4200,False,HOLD,BUY,THRESHOLD_CHECK,BELOW_THRESHOLD,LOW,False,HOLD: Final 0.5610 between BUY>0.5800 and SELL<0.4200
2026-05-18T00:06:30.202874+00:00,London,RANGING,20.00,0.1429,0.001263,0.593266,0.5643,0.650000,0.4357,0.617986,0.056734,0.017020,-0.0100,0.0000,0.590965,0.590965,0.100965,0.0100,False,0.5800,0.4200,False,BUY,BUY,EXECUTION_READY,VALID_SIGNAL,MEDIUM,False,
2026-05-18T00:06:30.207256+00:00,London,RANGING,20.00,0.1429,0.001263,0.500000,0.5643,0.650000,0.4357,0.565357,0.150000,0.045000,-0.0100,0.0000,0.480357,0.480357,0.020357,0.0100,False,0.5800,0.4200,False,HOLD,BUY,THRESHOLD_CHECK,BELOW_THRESHOLD,LOW,False,HOLD: Final 0.4804 between BUY>0.5800 and SELL<0.4200
2026-05-18T00:06:30.215904+00:00,London,RANGING,20.00,0.1429,0.001263,0.500000,0.5643,0.650000,0.4357,0.565357,0.150000,0.045000,-0.0100,0.0000,0.510357,0.510357,0.020357,0.0100,False,0.5800,0.4200,False,HOLD,BUY,THRESHOLD_CHECK,BELOW_THRESHOLD,LOW,False,HOLD: Final 0.5104 between BUY>0.5800 and SELL<0.4200
2026-05-18T00:06:30.223400+00:00,London,RANGING,20.00,0.1429,0.001263,0.649262,0.5643,0.650000,0.4357,0.649584,0.000738,0.000221,-0.0100,0.0000,0.609362,0.609362,0.149362,0.0100,False,0.5800,0.4200,False,BUY,BUY,EXECUTION_READY,VALID_SIGNAL,MEDIUM,False,
2026-05-18T00:06:30.230043+00:00,London,RANGING,20.00,0.1429,0.001263,0.649262,0.5643,0.650000,0.4357,0.649584,0.000738,0.000221,-0.0100,0.0000,0.639362,0.639362,0.149362,0.0100,False,0.5800,0.4200,False,BUY,BUY,EXECUTION_READY,VALID_SIGNAL,MEDIUM,False,
2026-05-18T00:06:30.242082+00:00,London,RANGING,20.00,0.1429,0.001263,0.571301,0.5643,0.650000,0.4357,0.605591,0.078699,0.023610,-0.0100,0.0000,0.541982,0.541982,0.081982,0.0100,False,0.5800,0.4200,False,HOLD,BUY,THRESHOLD_CHECK,BELOW_THRESHOLD,LOW,False,HOLD: Final 0.5420 between BUY>0.5800 and SELL<0.4200
2026-05-18T00:06:30.245020+00:00,London,RANGING,20.00,0.1429,0.001263,0.571301,0.5643,0.650000,0.4357,0.605591,0.078699,0.023610,-0.0100,0.0000,0.571982,0.571982,0.081982,0.0100,False,0.5800,0.4200,False,HOLD,BUY,THRESHOLD_CHECK,BELOW_THRESHOLD,LOW,False,HOLD: Final 0.5720 between BUY>0.5800 and SELL<0.4200
2026-05-18T00:06:30.255126+00:00,London,RANGING,20.00,0.1429,0.001263,0.509696,0.5643,0.650000,0.4357,0.570828,0.140304,0.042091,-0.0100,0.0000,0.488737,0.488737,0.028737,0.0100,False,0.5800,0.4200,False,HOLD,BUY,THRESHOLD_CHECK,BELOW_THRESHOLD,LOW,False,HOLD: Final 0.4887 between BUY>0.5800 and SELL<0.4200
2026-05-18T00:06:30.257636+00:00,London,RANGING,20.00,0.1429,0.001263,0.509696,0.5643,0.650000,0.4357,0.570828,0.140304,0.042091,-0.0100,0.0000,0.518737,0.518737,0.028737,0.0100,False,0.5800,0.4200,False,HOLD,BUY,THRESHOLD_CHECK,BELOW_THRESHOLD,LOW,False,HOLD: Final 0.5187 between BUY>0.5800 and SELL<0.4200
2026-05-18T00:06:30.267028+00:00,London,RANGING,20.00,0.1429,0.001263,0.724756,0.5643,0.650000,0.4357,0.692184,0.074756,0.022427,-0.0100,0.0000,0.629757,0.629757,0.169757,0.0100,False,0.5800,0.4200,False,BUY,BUY,EXECUTION_READY,VALID_SIGNAL,MEDIUM,False,
2026-05-18T00:06:30.271293+00:00,London,RANGING,20.00,0.1429,0.001263,0.724756,0.5643,0.650000,0.4357,0.692184,0.074756,0.022427,-0.0100,0.0000,0.659757,0.659757,0.169757,0.0100,False,0.5800,0.4200,False,BUY,BUY,EXECUTION_READY,VALID_SIGNAL,HIGH,False,
2026-05-18T00:06:30.275689+00:00,London,RANGING,20.00,0.1429,0.001263,0.540627,0.5643,0.650000,0.4357,0.588282,0.109373,0.032812,-0.0100,0.0000,0.515470,0.515470,0.055470,0.0100,False,0.5800,0.4200,False,HOLD,BUY,THRESHOLD_CHECK,BELOW_THRESHOLD,LOW,False,HOLD: Final 0.5155 between BUY>0.5800 and SELL<0.4200
2026-05-18T00:06:30.283900+00:00,London,RANGING,20.00,0.1429,0.001263,0.540627,0.5643,0.650000,0.4357,0.588282,0.109373,0.032812,-0.0100,0.0000,0.545470,0.545470,0.055470,0.0100,False,0.5800,0.4200,False,HOLD,BUY,THRESHOLD_CHECK,BELOW_THRESHOLD,LOW,False,HOLD: Final 0.5455 between BUY>0.5800 and SELL<0.4200
2026-05-18T00:06:30.291929+00:00,London,RANGING,20.00,0.1429,0.001263,0.712050,0.5643,0.650000,0.4357,0.685014,0.062050,0.018615,-0.0100,0.0000,0.626399,0.626399,0.166399,0.0100,False,0.5800,0.4200,False,BUY,BUY,EXECUTION_READY,VALID_SIGNAL,MEDIUM,False,
2026-05-18T00:06:30.296165+00:00,London,RANGING,20.00,0.1429,0.001263,0.712050,0.5643,0.650000,0.4357,0.685014,0.062050,0.018615,-0.0100,0.0000,0.656399,0.656399,0.166399,0.0100,False,0.5800,0.4200,False,BUY,BUY,EXECUTION_READY,VALID_SIGNAL,HIGH,False,
2026-05-18T00:06:30.304691+00:00,London,RANGING,20.00,0.1429,0.001263,0.623684,0.5643,0.650000,0.4357,0.635150,0.026316,0.007895,-0.0100,0.0000,0.587256,0.587256,0.127256,0.0100,False,0.5800,0.4200,False,BUY,BUY,EXECUTION_READY,VALID_SIGNAL,MEDIUM,False,
2026-05-18T00:06:30.306169+00:00,London,RANGING,20.00,0.1429,0.001263,0.623684,0.5643,0.650000,0.4357,0.635150,0.026316,0.007895,-0.0100,0.0000,0.617256,0.617256,0.127256,0.0100,False,0.5800,0.4200,False,BUY,BUY,EXECUTION_READY,VALID_SIGNAL,MEDIUM,False,
2026-05-18T00:06:30.308702+00:00,London,RANGING,20.00,0.1429,0.001263,0.500000,0.5643,0.650000,0.4357,0.565357,0.150000,0.045000,-0.0100,0.0000,0.480357,0.480357,0.020357,0.0100,False,0.5800,0.4200,False,HOLD,BUY,THRESHOLD_CHECK,BELOW_THRESHOLD,LOW,False,HOLD: Final 0.4804 between BUY>0.5800 and SELL<0.4200
2026-05-18T00:06:30.315246+00:00,London,RANGING,20.00,0.1429,0.001263,0.500000,0.5643,0.650000,0.4357,0.565357,0.150000,0.045000,-0.0100,0.0000,0.510357,0.510357,0.020357,0.0100,False,0.5800,0.4200,False,HOLD,BUY,THRESHOLD_CHECK,BELOW_THRESHOLD,LOW,False,HOLD: Final 0.5104 between BUY>0.5800 and SELL<0.4200
2026-05-18T00:06:30.319517+00:00,London,RANGING,20.00,0.1429,0.001263,0.746046,0.5643,0.650000,0.4357,0.704197,0.096046,0.028814,-0.0100,0.0000,0.635384,0.635384,0.175384,0.0100,False,0.5800,0.4200,False,BUY,BUY,EXECUTION_READY,VALID_SIGNAL,MEDIUM,False,
2026-05-18T00:06:30.321681+00:00,London,RANGING,20.00,0.1429,0.001263,0.746046,0.5643,0.650000,0.4357,0.704197,0.096046,0.028814,-0.0100,0.0000,0.665384,0.665384,0.175384,0.0100,False,0.5800,0.4200,False,BUY,BUY,EXECUTION_READY,VALID_SIGNAL,HIGH,False,
2026-05-18T00:06:30.323356+00:00,London,RANGING,20.00,0.1429,0.001263,0.736309,0.5643,0.650000,0.4357,0.698703,0.086309,0.025893,-0.0100,0.0000,0.632810,0.632810,0.172810,0.0100,False,0.5800,0.4200,False,BUY,BUY,EXECUTION_READY,VALID_SIGNAL,MEDIUM,False,
2026-05-18T00:06:30.327524+00:00,London,RANGING,20.00,0.1429,0.001263,0.736309,0.5643,0.650000,0.4357,0.698703,0.086309,0.025893,-0.0100,0.0000,0.662810,0.662810,0.172810,0.0100,False,0.5800,0.4200,False,BUY,BUY,EXECUTION_READY,VALID_SIGNAL,HIGH,False,
2026-05-18T00:06:30.332525+00:00,London,RANGING,20.00,0.1429,0.001263,0.622609,0.5643,0.650000,0.4357,0.634544,0.027391,0.008217,-0.0100,0.0000,0.586327,0.586327,0.126327,0.0100,False,0.5800,0.4200,False,BUY,BUY,EXECUTION_READY,VALID_SIGNAL,MEDIUM,False,
2026-05-18T00:06:30.334401+00:00,London,RANGING,20.00,0.1429,0.001263,0.622609,0.5643,0.650000,0.4357,0.634544,0.027391,0.008217,-0.0100,0.0000,0.616327,0.616327,0.126327,0.0100,False,0.5800,0.4200,False,BUY,BUY,EXECUTION_READY,VALID_SIGNAL,MEDIUM,False,
2026-05-18T00:06:30.336918+00:00,London,RANGING,20.00,0.1429,0.001263,0.620007,0.5643,0.650000,0.4357,0.633075,0.029993,0.008998,-0.0100,0.0000,0.584078,0.584078,0.124078,0.0100,False,0.5800,0.4200,False,BUY,BUY,EXECUTION_READY,VALID_SIGNAL,MEDIUM,False,
2026-05-18T00:06:30.340866+00:00,London,RANGING,20.00,0.1429,0.001263,0.620007,0.5643,0.650000,0.4357,0.633075,0.029993,0.008998,-0.0100,0.0000,0.614078,0.614078,0.124078,0.0100,False,0.5800,0.4200,False,BUY,BUY,EXECUTION_READY,VALID_SIGNAL,MEDIUM,False,
2026-05-18T00:06:30.342381+00:00,London,RANGING,20.00,0.1429,0.001263,0.520192,0.5643,0.650000,0.4357,0.576751,0.129808,0.038943,-0.0100,0.0000,0.497808,0.497808,0.037808,0.0100,False,0.5800,0.4200,False,HOLD,BUY,THRESHOLD_CHECK,BELOW_THRESHOLD,LOW,False,HOLD: Final 0.4978 between BUY>0.5800 and SELL<0.4200
2026-05-18T00:06:30.346681+00:00,London,RANGING,20.00,0.1429,0.001263,0.520192,0.5643,0.650000,0.4357,0.576751,0.129808,0.038943,-0.0100,0.0000,0.527808,0.527808,0.037808,0.0100,False,0.5800,0.4200,False,HOLD,BUY,THRESHOLD_CHECK,BELOW_THRESHOLD,LOW,False,HOLD: Final 0.5278 between BUY>0.5800 and SELL<0.4200
2026-05-18T00:06:30.352505+00:00,London,RANGING,20.00,0.1429,0.001263,0.500000,0.5643,0.650000,0.4357,0.565357,0.150000,0.045000,-0.0100,0.0000,0.480357,0.480357,0.020357,0.0100,False,0.5800,0.4200,False,HOLD,BUY,THRESHOLD_CHECK,BELOW_THRESHOLD,LOW,False,HOLD: Final 0.4804 between BUY>0.5800 and SELL<0.4200
2026-05-18T00:06:30.353578+00:00,London,RANGING,20.00,0.1429,0.001263,0.500000,0.5643,0.650000,0.4357,0.565357,0.150000,0.045000,-0.0100,0.0000,0.510357,0.510357,0.020357,0.0100,False,0.5800,0.4200,False,HOLD,BUY,THRESHOLD_CHECK,BELOW_THRESHOLD,LOW,False,HOLD: Final 0.5104 between BUY>0.5800 and SELL<0.4200
2026-05-18T00:06:30.355853+00:00,London,RANGING,20.00,0.1429,0.001263,0.618925,0.5643,0.650000,0.4357,0.632465,0.031075,0.009323,-0.0100,0.0000,0.583142,0.583142,0.123142,0.0100,False,0.5800,0.4200,False,BUY,BUY,EXECUTION_READY,VALID_SIGNAL,MEDIUM,False,
2026-05-18T00:06:30.360054+00:00,London,RANGING,20.00,0.1429,0.001263,0.618925,0.5643,0.650000,0.4357,0.632465,0.031075,0.009323,-0.0100,0.0000,0.613142,0.613142,0.123142,0.0100,False,0.5800,0.4200,False,BUY,BUY,EXECUTION_READY,VALID_SIGNAL,MEDIUM,False,
2026-05-18T00:06:30.361735+00:00,London,RANGING,20.00,0.1429,0.001263,0.674235,0.5643,0.650000,0.4357,0.663675,0.024235,0.007270,-0.0100,0.0000,0.616405,0.616405,0.156405,0.0100,False,0.5800,0.4200,False,BUY,BUY,EXECUTION_READY,VALID_SIGNAL,MEDIUM,False,
2026-05-18T00:06:30.365924+00:00,London,RANGING,20.00,0.1429,0.001263,0.674235,0.5643,0.650000,0.4357,0.663675,0.024235,0.007270,-0.0100,0.0000,0.646405,0.646405,0.156405,0.0100,False,0.5800,0.4200,False,BUY,BUY,EXECUTION_READY,VALID_SIGNAL,MEDIUM,False,
2026-05-18T00:06:30.369834+00:00,London,RANGING,20.00,0.1429,0.001263,0.640065,0.5643,0.650000,0.4357,0.644394,0.009935,0.002980,-0.0100,0.0000,0.601413,0.601413,0.141413,0.0100,False,0.5800,0.4200,False,BUY,BUY,EXECUTION_READY,VALID_SIGNAL,MEDIUM,False,
2026-05-18T00:06:30.372023+00:00,London,RANGING,20.00,0.1429,0.001263,0.640065,0.5643,0.650000,0.4357,0.644394,0.009935,0.002980,-0.0100,0.0000,0.631413,0.631413,0.141413,0.0100,False,0.5800,0.4200,False,BUY,BUY,EXECUTION_READY,VALID_SIGNAL,MEDIUM,False,
2026-05-18T00:06:30.373629+00:00,London,RANGING,20.00,0.1429,0.001263,0.500000,0.5643,0.650000,0.4357,0.565357,0.150000,0.045000,-0.0100,0.0000,0.480357,0.480357,0.020357,0.0100,False,0.5800,0.4200,False,HOLD,BUY,THRESHOLD_CHECK,BELOW_THRESHOLD,LOW,False,HOLD: Final 0.4804 between BUY>0.5800 and SELL<0.4200
2026-05-18T00:06:30.381170+00:00,London,RANGING,20.00,0.1429,0.001263,0.500000,0.5643,0.650000,0.4357,0.565357,0.150000,0.045000,-0.0100,0.0000,0.510357,0.510357,0.020357,0.0100,False,0.5800,0.4200,False,HOLD,BUY,THRESHOLD_CHECK,BELOW_THRESHOLD,LOW,False,HOLD: Final 0.5104 between BUY>0.5800 and SELL<0.4200
2026-05-18T00:06:30.385146+00:00,London,RANGING,20.00,0.1429,0.001263,0.591936,0.5643,0.650000,0.4357,0.617235,0.058064,0.017419,-0.0100,0.0000,0.559816,0.559816,0.099816,0.0100,False,0.5800,0.4200,False,HOLD,BUY,THRESHOLD_CHECK,BELOW_THRESHOLD,LOW,False,HOLD: Final 0.5598 between BUY>0.5800 and SELL<0.4200
2026-05-18T00:06:30.387143+00:00,London,RANGING,20.00,0.1429,0.001263,0.591936,0.5643,0.650000,0.4357,0.617235,0.058064,0.017419,-0.0100,0.0000,0.589816,0.589816,0.099816,0.0100,False,0.5800,0.4200,False,BUY,BUY,EXECUTION_READY,VALID_SIGNAL,MEDIUM,False,
2026-05-18T00:06:30.389288+00:00,London,RANGING,20.00,0.1429,0.001263,0.510258,0.5643,0.650000,0.4357,0.571145,0.139742,0.041923,-0.0100,0.0000,0.489223,0.489223,0.029223,0.0100,False,0.5800,0.4200,False,HOLD,BUY,THRESHOLD_CHECK,BELOW_THRESHOLD,LOW,False,HOLD: Final 0.4892 between BUY>0.5800 and SELL<0.4200
2026-05-18T00:06:30.396030+00:00,London,RANGING,20.00,0.1429,0.001263,0.510258,0.5643,0.650000,0.4357,0.571145,0.139742,0.041923,-0.0100,0.0000,0.519223,0.519223,0.029223,0.0100,False,0.5800,0.4200,False,HOLD,BUY,THRESHOLD_CHECK,BELOW_THRESHOLD,LOW,False,HOLD: Final 0.5192 between BUY>0.5800 and SELL<0.4200
2026-05-18T00:06:30.400013+00:00,London,RANGING,20.00,0.1429,0.001263,0.598967,0.5643,0.650000,0.4357,0.621203,0.051033,0.015310,-0.0100,0.0000,0.565893,0.565893,0.105893,0.0100,False,0.5800,0.4200,False,HOLD,BUY,THRESHOLD_CHECK,BELOW_THRESHOLD,LOW,False,HOLD: Final 0.5659 between BUY>0.5800 and SELL<0.4200
2026-05-18T00:06:30.402671+00:00,London,RANGING,20.00,0.1429,0.001263,0.598967,0.5643,0.650000,0.4357,0.621203,0.051033,0.015310,-0.0100,0.0000,0.595893,0.595893,0.105893,0.0100,False,0.5800,0.4200,False,BUY,BUY,EXECUTION_READY,VALID_SIGNAL,MEDIUM,False,
2026-05-18T00:06:30.405660+00:00,London,RANGING,20.00,0.1429,0.001263,0.500000,0.5643,0.650000,0.4357,0.565357,0.150000,0.045000,-0.0100,0.0000,0.480357,0.480357,0.020357,0.0100,False,0.5800,0.4200,False,HOLD,BUY,THRESHOLD_CHECK,BELOW_THRESHOLD,LOW,False,HOLD: Final 0.4804 between BUY>0.5800 and SELL<0.4200
2026-05-18T00:06:30.413249+00:00,London,RANGING,20.00,0.1429,0.001263,0.500000,0.5643,0.650000,0.4357,0.565357,0.150000,0.045000,-0.0100,0.0000,0.510357,0.510357,0.020357,0.0100,False,0.5800,0.4200,False,HOLD,BUY,THRESHOLD_CHECK,BELOW_THRESHOLD,LOW,False,HOLD: Final 0.5104 between BUY>0.5800 and SELL<0.4200
2026-05-18T00:06:30.420185+00:00,London,RANGING,20.00,0.1429,0.001263,0.535805,0.5643,0.650000,0.4357,0.585561,0.114195,0.034259,-0.0100,0.0000,0.511303,0.511303,0.051303,0.0100,False,0.5800,0.4200,False,HOLD,BUY,THRESHOLD_CHECK,BELOW_THRESHOLD,LOW,False,HOLD: Final 0.5113 between BUY>0.5800 and SELL<0.4200
2026-05-18T00:06:30.422217+00:00,London,RANGING,20.00,0.1429,0.001263,0.535805,0.5643,0.650000,0.4357,0.585561,0.114195,0.034259,-0.0100,0.0000,0.541303,0.541303,0.051303,0.0100,False,0.5800,0.4200,False,HOLD,BUY,THRESHOLD_CHECK,BELOW_THRESHOLD,LOW,False,HOLD: Final 0.5413 between BUY>0.5800 and SELL<0.4200
2026-05-18T00:06:30.423939+00:00,London,RANGING,20.00,0.1429,0.001263,0.641012,0.5643,0.650000,0.4357,0.644928,0.008988,0.002696,-0.0100,0.0000,0.602232,0.602232,0.142232,0.0100,False,0.5800,0.4200,False,BUY,BUY,EXECUTION_READY,VALID_SIGNAL,MEDIUM,False,
2026-05-18T00:06:30.430655+00:00,London,RANGING,20.00,0.1429,0.001263,0.641012,0.5643,0.650000,0.4357,0.644928,0.008988,0.002696,-0.0100,0.0000,0.632232,0.632232,0.142232,0.0100,False,0.5800,0.4200,False,BUY,BUY,EXECUTION_READY,VALID_SIGNAL,MEDIUM,False,
2026-05-18T00:06:30.438971+00:00,London,RANGING,20.00,0.1429,0.001263,0.547523,0.5643,0.650000,0.4357,0.592173,0.102477,0.030743,-0.0100,0.0000,0.521430,0.521430,0.061430,0.0100,False,0.5800,0.4200,False,HOLD,BUY,THRESHOLD_CHECK,BELOW_THRESHOLD,LOW,False,HOLD: Final 0.5214 between BUY>0.5800 and SELL<0.4200
2026-05-18T00:06:30.441221+00:00,London,RANGING,20.00,0.1429,0.001263,0.547523,0.5643,0.650000,0.4357,0.592173,0.102477,0.030743,-0.0100,0.0000,0.551430,0.551430,0.061430,0.0100,False,0.5800,0.4200,False,HOLD,BUY,THRESHOLD_CHECK,BELOW_THRESHOLD,LOW,False,HOLD: Final 0.5514 between BUY>0.5800 and SELL<0.4200
2026-05-18T00:06:30.443047+00:00,London,RANGING,20.00,0.1429,0.001263,0.535610,0.5643,0.650000,0.4357,0.585451,0.114390,0.034317,-0.0100,0.0000,0.511134,0.511134,0.051134,0.0100,False,0.5800,0.4200,False,HOLD,BUY,THRESHOLD_CHECK,BELOW_THRESHOLD,LOW,False,HOLD: Final 0.5111 between BUY>0.5800 and SELL<0.4200
2026-05-18T00:06:30.449141+00:00,London,RANGING,20.00,0.1429,0.001263,0.535610,0.5643,0.650000,0.4357,0.585451,0.114390,0.034317,-0.0100,0.0000,0.541134,0.541134,0.051134,0.0100,False,0.5800,0.4200,False,HOLD,BUY,THRESHOLD_CHECK,BELOW_THRESHOLD,LOW,False,HOLD: Final 0.5411 between BUY>0.5800 and SELL<0.4200
2026-05-18T00:06:30.455460+00:00,London,RANGING,20.00,0.1429,0.001263,0.660424,0.5643,0.650000,0.4357,0.655882,0.010424,0.003127,-0.0100,0.0000,0.612755,0.612755,0.152755,0.0100,False,0.5800,0.4200,False,BUY,BUY,EXECUTION_READY,VALID_SIGNAL,MEDIUM,False,
2026-05-18T00:06:30.458778+00:00,London,RANGING,20.00,0.1429,0.001263,0.660424,0.5643,0.650000,0.4357,0.655882,0.010424,0.003127,-0.0100,0.0000,0.642755,0.642755,0.152755,0.0100,False,0.5800,0.4200,False,BUY,BUY,EXECUTION_READY,VALID_SIGNAL,MEDIUM,False,
2026-05-18T00:06:30.466942+00:00,London,RANGING,20.00,0.1429,0.001263,0.712587,0.5643,0.650000,0.4357,0.685317,0.062587,0.018776,-0.0100,0.0000,0.626541,0.626541,0.166541,0.0100,False,0.5800,0.4200,False,BUY,BUY,EXECUTION_READY,VALID_SIGNAL,MEDIUM,False,
2026-05-18T00:06:30.471111+00:00,London,RANGING,20.00,0.1429,0.001263,0.712587,0.5643,0.650000,0.4357,0.685317,0.062587,0.018776,-0.0100,0.0000,0.656541,0.656541,0.166541,0.0100,False,0.5800,0.4200,False,BUY,BUY,EXECUTION_READY,VALID_SIGNAL,HIGH,False,
2026-05-18T00:06:30.475602+00:00,London,RANGING,20.00,0.1429,0.001263,0.668658,0.5643,0.650000,0.4357,0.660529,0.018658,0.005597,-0.0100,0.0000,0.614931,0.614931,0.154931,0.0100,False,0.5800,0.4200,False,BUY,BUY,EXECUTION_READY,VALID_SIGNAL,MEDIUM,False,
2026-05-18T00:06:30.480043+00:00,London,RANGING,20.00,0.1429,0.001263,0.668658,0.5643,0.650000,0.4357,0.660529,0.018658,0.005597,-0.0100,0.0000,0.644931,0.644931,0.154931,0.0100,False,0.5800,0.4200,False,BUY,BUY,EXECUTION_READY,VALID_SIGNAL,MEDIUM,False,
2026-05-18T00:06:30.486212+00:00,London,RANGING,20.00,0.1429,0.001263,0.668713,0.5643,0.650000,0.4357,0.660560,0.018713,0.005614,-0.0100,0.0000,0.614946,0.614946,0.154946,0.0100,False,0.5800,0.4200,False,BUY,BUY,EXECUTION_READY,VALID_SIGNAL,MEDIUM,False,
2026-05-18T00:06:30.490376+00:00,London,RANGING,20.00,0.1429,0.001263,0.668713,0.5643,0.650000,0.4357,0.660560,0.018713,0.005614,-0.0100,0.0000,0.644946,0.644946,0.154946,0.0100,False,0.5800,0.4200,False,BUY,BUY,EXECUTION_READY,VALID_SIGNAL,MEDIUM,False,
2026-05-18T00:06:30.492402+00:00,London,RANGING,20.00,0.1429,0.001263,0.613319,0.5643,0.650000,0.4357,0.629301,0.036681,0.011004,-0.0100,0.0000,0.578297,0.578297,0.118297,0.0100,False,0.5800,0.4200,False,HOLD,BUY,THRESHOLD_CHECK,BELOW_THRESHOLD,LOW,False,HOLD: Final 0.5783 between BUY>0.5800 and SELL<0.4200
2026-05-18T00:06:30.498429+00:00,London,RANGING,20.00,0.1429,0.001263,0.613319,0.5643,0.650000,0.4357,0.629301,0.036681,0.011004,-0.0100,0.0000,0.608297,0.608297,0.118297,0.0100,False,0.5800,0.4200,False,BUY,BUY,EXECUTION_READY,VALID_SIGNAL,MEDIUM,False,
2026-05-18T00:06:30.503950+00:00,London,RANGING,20.00,0.1429,0.001263,0.500000,0.5643,0.650000,0.4357,0.565357,0.150000,0.045000,-0.0100,0.0000,0.480357,0.480357,0.020357,0.0100,False,0.5800,0.4200,False,HOLD,BUY,THRESHOLD_CHECK,BELOW_THRESHOLD,LOW,False,HOLD: Final 0.4804 between BUY>0.5800 and SELL<0.4200
2026-05-18T00:06:30.507394+00:00,London,RANGING,20.00,0.1429,0.001263,0.500000,0.5643,0.650000,0.4357,0.565357,0.150000,0.045000,-0.0100,0.0000,0.510357,0.510357,0.020357,0.0100,False,0.5800,0.4200,False,HOLD,BUY,THRESHOLD_CHECK,BELOW_THRESHOLD,LOW,False,HOLD: Final 0.5104 between BUY>0.5800 and SELL<0.4200
2026-05-18T00:06:30.509305+00:00,London,RANGING,20.00,0.1429,0.001263,0.619545,0.5643,0.650000,0.4357,0.632815,0.030455,0.009136,-0.0100,0.0000,0.583678,0.583678,0.123678,0.0100,False,0.5800,0.4200,False,BUY,BUY,EXECUTION_READY,VALID_SIGNAL,MEDIUM,False,
2026-05-18T00:06:30.513498+00:00,London,RANGING,20.00,0.1429,0.001263,0.619545,0.5643,0.650000,0.4357,0.632815,0.030455,0.009136,-0.0100,0.0000,0.613678,0.613678,0.123678,0.0100,False,0.5800,0.4200,False,BUY,BUY,EXECUTION_READY,VALID_SIGNAL,MEDIUM,False,
2026-05-18T00:06:30.518043+00:00,London,RANGING,20.00,0.1429,0.001263,0.532881,0.5643,0.650000,0.4357,0.583911,0.117119,0.035136,-0.0100,0.0000,0.508776,0.508776,0.048776,0.0100,False,0.5800,0.4200,False,HOLD,BUY,THRESHOLD_CHECK,BELOW_THRESHOLD,LOW,False,HOLD: Final 0.5088 between BUY>0.5800 and SELL<0.4200
2026-05-18T00:06:30.520041+00:00,London,RANGING,20.00,0.1429,0.001263,0.532881,0.5643,0.650000,0.4357,0.583911,0.117119,0.035136,-0.0100,0.0000,0.538776,0.538776,0.048776,0.0100,False,0.5800,0.4200,False,HOLD,BUY,THRESHOLD_CHECK,BELOW_THRESHOLD,LOW,False,HOLD: Final 0.5388 between BUY>0.5800 and SELL<0.4200
2026-05-18T00:06:30.523342+00:00,London,RANGING,20.00,0.1429,0.001263,0.606650,0.5643,0.650000,0.4357,0.625538,0.043350,0.013005,-0.0100,0.0000,0.572533,0.572533,0.112533,0.0100,False,0.5800,0.4200,False,HOLD,BUY,THRESHOLD_CHECK,BELOW_THRESHOLD,LOW,False,HOLD: Final 0.5725 between BUY>0.5800 and SELL<0.4200
2026-05-18T00:06:30.525520+00:00,London,RANGING,20.00,0.1429,0.001263,0.606650,0.5643,0.650000,0.4357,0.625538,0.043350,0.013005,-0.0100,0.0000,0.602533,0.602533,0.112533,0.0100,False,0.5800,0.4200,False,BUY,BUY,EXECUTION_READY,VALID_SIGNAL,MEDIUM,False,
2026-05-18T00:06:30.526967+00:00,London,RANGING,20.00,0.1429,0.001263,0.501331,0.5643,0.650000,0.4357,0.566108,0.148669,0.044601,-0.0100,0.0000,0.481507,0.481507,0.021507,0.0100,False,0.5800,0.4200,False,HOLD,BUY,THRESHOLD_CHECK,BELOW_THRESHOLD,LOW,False,HOLD: Final 0.4815 between BUY>0.5800 and SELL<0.4200
2026-05-18T00:06:30.530778+00:00,London,RANGING,20.00,0.1429,0.001263,0.501331,0.5643,0.650000,0.4357,0.566108,0.148669,0.044601,-0.0100,0.0000,0.511507,0.511507,0.021507,0.0100,False,0.5800,0.4200,False,HOLD,BUY,THRESHOLD_CHECK,BELOW_THRESHOLD,LOW,False,HOLD: Final 0.5115 between BUY>0.5800 and SELL<0.4200
2026-05-18T00:06:30.534722+00:00,London,RANGING,20.00,0.1429,0.001263,0.664772,0.5643,0.650000,0.4357,0.658336,0.014772,0.004432,-0.0100,0.0000,0.613904,0.613904,0.153904,0.0100,False,0.5800,0.4200,False,BUY,BUY,EXECUTION_READY,VALID_SIGNAL,MEDIUM,False,
2026-05-18T00:06:30.536750+00:00,London,RANGING,20.00,0.1429,0.001263,0.664772,0.5643,0.650000,0.4357,0.658336,0.014772,0.004432,-0.0100,0.0000,0.643904,0.643904,0.153904,0.0100,False,0.5800,0.4200,False,BUY,BUY,EXECUTION_READY,VALID_SIGNAL,MEDIUM,False,
2026-05-18T00:06:30.539375+00:00,London,RANGING,20.00,0.1429,0.001263,0.743615,0.5643,0.650000,0.4357,0.702825,0.093615,0.028084,-0.0100,0.0000,0.634741,0.634741,0.174741,0.0100,False,0.5800,0.4200,False,BUY,BUY,EXECUTION_READY,VALID_SIGNAL,MEDIUM,False,
2026-05-18T00:06:30.542103+00:00,London,RANGING,20.00,0.1429,0.001263,0.743615,0.5643,0.650000,0.4357,0.702825,0.093615,0.028084,-0.0100,0.0000,0.664741,0.664741,0.174741,0.0100,False,0.5800,0.4200,False,BUY,BUY,EXECUTION_READY,VALID_SIGNAL,HIGH,False,
2026-05-18T00:06:30.543524+00:00,London,RANGING,20.00,0.1429,0.001263,0.699587,0.5643,0.650000,0.4357,0.677981,0.049587,0.014876,-0.0100,0.0000,0.623105,0.623105,0.163105,0.0100,False,0.5800,0.4200,False,BUY,BUY,EXECUTION_READY,VALID_SIGNAL,MEDIUM,False,
2026-05-18T00:06:30.547615+00:00,London,RANGING,20.00,0.1429,0.001263,0.699587,0.5643,0.650000,0.4357,0.677981,0.049587,0.014876,-0.0100,0.0000,0.653105,0.653105,0.163105,0.0100,False,0.5800,0.4200,False,BUY,BUY,EXECUTION_READY,VALID_SIGNAL,HIGH,False,
2026-05-18T00:06:30.551517+00:00,London,RANGING,20.00,0.1429,0.001263,0.523342,0.5643,0.650000,0.4357,0.578529,0.126658,0.037997,-0.0100,0.0000,0.500531,0.500531,0.040531,0.0100,False,0.5800,0.4200,False,HOLD,BUY,THRESHOLD_CHECK,BELOW_THRESHOLD,LOW,False,HOLD: Final 0.5005 between BUY>0.5800 and SELL<0.4200
2026-05-18T00:06:30.553544+00:00,London,RANGING,20.00,0.1429,0.001263,0.523342,0.5643,0.650000,0.4357,0.578529,0.126658,0.037997,-0.0100,0.0000,0.530531,0.530531,0.040531,0.0100,False,0.5800,0.4200,False,HOLD,BUY,THRESHOLD_CHECK,BELOW_THRESHOLD,LOW,False,HOLD: Final 0.5305 between BUY>0.5800 and SELL<0.4200
2026-05-18T00:06:30.919998+00:00,London,RANGING,15.00,0.0000,0.001000,0.650000,0.5500,0.650000,0.4500,0.650000,0.000000,0.000000,-0.0100,0.0000,0.625000,0.625000,0.150000,0.0100,False,0.5800,0.4200,False,BUY,BUY,EXECUTION_READY,VALID_SIGNAL,MEDIUM,False,
2026-05-18T00:06:30.926402+00:00,London,RANGING,15.00,0.0000,0.001000,0.650000,0.5500,0.650000,0.4500,0.650000,0.000000,0.000000,-0.0100,0.0000,0.625000,0.625000,0.150000,0.0100,False,0.5800,0.4200,False,BUY,BUY,EXECUTION_READY,VALID_SIGNAL,MEDIUM,False,
2026-05-18T00:06:30.929206+00:00,London,RANGING,15.00,0.0000,0.001000,0.650000,0.5500,0.650000,0.4500,0.650000,0.000000,0.000000,-0.0100,0.0000,0.625000,0.625000,0.150000,0.0100,False,0.5800,0.4200,False,BUY,BUY,EXECUTION_READY,VALID_SIGNAL,MEDIUM,False,
2026-05-18T00:06:30.935063+00:00,London,RANGING,15.00,0.0000,0.001000,0.650000,0.5500,0.650000,0.4500,0.650000,0.000000,0.000000,-0.0100,0.0000,0.625000,0.625000,0.150000,0.0100,False,0.5800,0.4200,False,BUY,BUY,EXECUTION_READY,VALID_SIGNAL,MEDIUM,False,
2026-05-18T00:06:30.940634+00:00,London,TRENDING,50.00,1.0000,0.001000,0.650000,0.6500,0.650000,0.3500,0.650000,0.000000,0.000000,0.0200,0.0000,0.670000,0.670000,0.150000,0.0100,False,0.5600,0.4400,False,BUY,BUY,EXECUTION_READY,VALID_SIGNAL,HIGH,False,
2026-05-18T00:06:30.942663+00:00,London,TRANSITIONING,32.50,0.5000,0.001000,0.650000,0.6000,0.650000,0.4000,0.650000,0.000000,0.000000,0.0200,0.0000,0.670000,0.670000,0.150000,0.0100,False,0.5600,0.4400,False,BUY,BUY,EXECUTION_READY,VALID_SIGNAL,HIGH,False,
2026-05-18T00:06:30.948965+00:00,London,RANGING,15.00,0.0000,0.001000,0.650000,0.5500,0.650000,0.4500,0.650000,0.000000,0.000000,-0.0100,0.0000,0.625000,0.625000,0.150000,0.0100,False,0.5800,0.4200,False,BUY,BUY,EXECUTION_READY,VALID_SIGNAL,MEDIUM,False,
2026-05-18T00:06:30.953588+00:00,London,TRANSITIONING,32.49,0.4997,0.001000,0.650000,0.6000,0.650000,0.4000,0.650000,0.000000,0.000000,0.0100,0.0000,0.660000,0.660000,0.150000,0.0100,False,0.5600,0.4400,False,BUY,BUY,EXECUTION_READY,VALID_SIGNAL,HIGH,False,
2026-05-18T00:06:30.957505+00:00,London,RANGING,20.73,0.1636,0.001000,0.650000,0.5664,0.650000,0.4336,0.650000,0.000000,0.000000,-0.0100,0.0000,0.640000,0.640000,0.150000,0.0100,False,0.5800,0.4200,False,BUY,BUY,EXECUTION_READY,VALID_SIGNAL,MEDIUM,False,
2026-05-18T00:06:30.959217+00:00,London,TRANSITIONING,26.67,0.3333,0.001000,0.650000,0.5833,0.650000,0.4167,0.650000,0.000000,0.000000,0.0100,0.0000,0.660000,0.660000,0.150000,0.0100,False,0.5700,0.4300,False,BUY,BUY,EXECUTION_READY,VALID_SIGNAL,HIGH,False,
2026-05-18T00:06:30.965625+00:00,London,RANGING,15.00,0.0000,0.001000,0.650000,0.5500,0.650000,0.4500,0.650000,0.000000,0.000000,-0.0100,0.0000,0.625000,0.625000,0.150000,0.0100,False,0.5800,0.4200,False,BUY,BUY,EXECUTION_READY,VALID_SIGNAL,MEDIUM,False,
2026-05-18T00:06:30.970029+00:00,London,RANGING,15.00,0.0000,0.001000,0.650000,0.5500,0.650000,0.4500,0.650000,0.000000,0.000000,-0.0100,0.0000,0.625000,0.625000,0.150000,0.0100,False,0.5800,0.4200,False,BUY,BUY,EXECUTION_READY,VALID_SIGNAL,MEDIUM,False,
2026-05-18T00:06:30.972027+00:00,London,RANGING,15.00,0.0000,0.001000,0.650000,0.5500,0.650000,0.4500,0.650000,0.000000,0.000000,-0.0100,0.0000,0.625000,0.625000,0.150000,0.0100,False,0.5800,0.4200,False,BUY,BUY,EXECUTION_READY,VALID_SIGNAL,MEDIUM,False,
2026-05-18T00:06:30.975862+00:00,London,TRANSITIONING,33.27,0.5220,0.001000,0.650000,0.6022,0.650000,0.3978,0.650000,0.000000,0.000000,0.0200,0.0000,0.670000,0.670000,0.150000,0.0100,False,0.5600,0.4400,False,BUY,BUY,EXECUTION_READY,VALID_SIGNAL,HIGH,False,
2026-05-18T00:06:30.983282+00:00,London,RANGING,15.00,0.0000,0.001000,0.650000,0.5500,0.650000,0.4500,0.650000,0.000000,0.000000,-0.0100,0.0000,0.625000,0.625000,0.150000,0.0100,False,0.5800,0.4200,False,BUY,BUY,EXECUTION_READY,VALID_SIGNAL,MEDIUM,False,
2026-05-18T00:06:30.988179+00:00,London,RANGING,15.00,0.0000,0.001000,0.650000,0.5500,0.650000,0.4500,0.650000,0.000000,0.000000,-0.0100,0.0000,0.625000,0.625000,0.150000,0.0100,False,0.5800,0.4200,False,BUY,BUY,EXECUTION_READY,VALID_SIGNAL,MEDIUM,False,
2026-05-18T00:06:30.990360+00:00,London,RANGING,16.47,0.0419,0.001000,0.650000,0.5542,0.650000,0.4458,0.650000,0.000000,0.000000,-0.0100,0.0000,0.640000,0.640000,0.150000,0.0100,False,0.5800,0.4200,False,BUY,BUY,EXECUTION_READY,VALID_SIGNAL,MEDIUM,False,
2026-05-18T00:06:30.999933+00:00,London,RANGING,15.00,0.0000,0.001000,0.650000,0.5500,0.650000,0.4500,0.650000,0.000000,0.000000,-0.0100,0.0000,0.625000,0.625000,0.150000,0.0100,False,0.5800,0.4200,False,BUY,BUY,EXECUTION_READY,VALID_SIGNAL,MEDIUM,False,
2026-05-18T00:06:31.004390+00:00,London,TRANSITIONING,22.10,0.2029,0.001000,0.650000,0.5703,0.650000,0.4297,0.650000,0.000000,0.000000,-0.0100,0.0000,0.640000,0.640000,0.150000,0.0100,False,0.5800,0.4200,False,BUY,BUY,EXECUTION_READY,VALID_SIGNAL,MEDIUM,False,
2026-05-18T00:06:31.008522+00:00,London,TRENDING,44.86,0.8531,0.001000,0.650000,0.6353,0.650000,0.3647,0.650000,0.000000,0.000000,0.0200,0.0000,0.670000,0.670000,0.150000,0.0100,False,0.5600,0.4400,False,BUY,BUY,EXECUTION_READY,VALID_SIGNAL,HIGH,False,
2026-05-18T00:06:31.016805+00:00,London,RANGING,15.00,0.0000,0.001000,0.650000,0.5500,0.650000,0.4500,0.650000,0.000000,0.000000,-0.0100,0.0000,0.625001,0.625001,0.150000,0.0100,False,0.5800,0.4200,False,BUY,BUY,EXECUTION_READY,VALID_SIGNAL,MEDIUM,False,
2026-05-18T00:06:31.021435+00:00,London,RANGING,15.00,0.0001,0.001000,0.650000,0.5500,0.650000,0.4500,0.650000,0.000000,0.000000,-0.0100,0.0000,0.625006,0.625006,0.150000,0.0100,False,0.5800,0.4200,False,BUY,BUY,EXECUTION_READY,VALID_SIGNAL,MEDIUM,False,
2026-05-18T00:06:31.026027+00:00,London,TRANSITIONING,29.57,0.4162,0.001000,0.650000,0.5916,0.650000,0.4084,0.650000,0.000000,0.000000,0.0100,0.0000,0.660000,0.660000,0.150000,0.0100,False,0.5600,0.4400,False,BUY,BUY,EXECUTION_READY,VALID_SIGNAL,HIGH,False,
2026-05-18T00:06:31.033274+00:00,London,TRANSITIONING,34.72,0.5635,0.001000,0.650000,0.6063,0.650000,0.3937,0.650000,0.000000,0.000000,0.0200,0.0000,0.670000,0.670000,0.150000,0.0100,False,0.5600,0.4400,False,BUY,BUY,EXECUTION_READY,VALID_SIGNAL,HIGH,False,
2026-05-18T00:06:31.038905+00:00,London,TRANSITIONING,28.20,0.3772,0.001000,0.650000,0.5877,0.650000,0.4123,0.650000,0.000000,0.000000,0.0100,0.0000,0.660000,0.660000,0.150000,0.0100,False,0.5600,0.4400,False,BUY,BUY,EXECUTION_READY,VALID_SIGNAL,HIGH,False,
2026-05-18T00:06:31.044313+00:00,London,RANGING,15.00,0.0000,0.001000,0.650000,0.5500,0.650000,0.4500,0.650000,0.000000,0.000000,-0.0100,0.0000,0.625000,0.625000,0.150000,0.0100,False,0.5800,0.4200,False,BUY,BUY,EXECUTION_READY,VALID_SIGNAL,MEDIUM,False,
2026-05-18T00:06:31.054713+00:00,London,TRENDING,37.23,0.6353,0.001000,0.650000,0.6135,0.650000,0.3865,0.650000,0.000000,0.000000,0.0200,0.0000,0.670000,0.670000,0.150000,0.0100,False,0.5600,0.4400,False,BUY,BUY,EXECUTION_READY,VALID_SIGNAL,HIGH,False,
2026-05-18T00:06:31.057163+00:00,London,TRENDING,50.00,1.0000,0.001000,0.650000,0.6500,0.650000,0.3500,0.650000,0.000000,0.000000,0.0200,0.0000,0.670000,0.670000,0.150000,0.0100,False,0.5600,0.4400,False,BUY,BUY,EXECUTION_READY,VALID_SIGNAL,HIGH,False,
2026-05-18T00:06:31.065758+00:00,London,RANGING,15.00,0.0000,0.001000,0.650000,0.5500,0.650000,0.4500,0.650000,0.000000,0.000000,-0.0100,0.0000,0.625000,0.625000,0.150000,0.0100,False,0.5800,0.4200,False,BUY,BUY,EXECUTION_READY,VALID_SIGNAL,MEDIUM,False,
2026-05-18T00:06:31.072256+00:00,London,RANGING,15.00,0.0000,0.001000,0.650000,0.5500,0.650000,0.4500,0.650000,0.000000,0.000000,-0.0100,0.0000,0.625000,0.625000,0.150000,0.0100,False,0.5800,0.4200,False,BUY,BUY,EXECUTION_READY,VALID_SIGNAL,MEDIUM,False,
2026-05-18T00:06:31.074795+00:00,London,RANGING,15.00,0.0000,0.001000,0.650000,0.5500,0.650000,0.4500,0.650000,0.000000,0.000000,-0.0100,0.0000,0.625000,0.625000,0.150000,0.0100,False,0.5800,0.4200,False,BUY,BUY,EXECUTION_READY,VALID_SIGNAL,MEDIUM,False,
2026-05-18T00:06:31.086783+00:00,London,TRENDING,48.98,0.9707,0.001000,0.650000,0.6471,0.650000,0.3529,0.650000,0.000000,0.000000,0.0200,0.0000,0.670000,0.670000,0.150000,0.0100,False,0.5600,0.4400,False,BUY,BUY,EXECUTION_READY,VALID_SIGNAL,HIGH,False,
2026-05-18T00:06:31.087901+00:00,London,TRENDING,47.55,0.9301,0.001000,0.650000,0.6430,0.650000,0.3570,0.650000,0.000000,0.000000,0.0200,0.0000,0.670000,0.670000,0.150000,0.0100,False,0.5600,0.4400,False,BUY,BUY,EXECUTION_READY,VALID_SIGNAL,HIGH,False,
2026-05-18T00:06:31.094295+00:00,London,RANGING,15.00,0.0000,0.001000,0.650000,0.5500,0.650000,0.4500,0.650000,0.000000,0.000000,-0.0100,0.0000,0.625000,0.625000,0.150000,0.0100,False,0.5800,0.4200,False,BUY,BUY,EXECUTION_READY,VALID_SIGNAL,MEDIUM,False,
2026-05-18T00:06:31.103486+00:00,London,TRENDING,37.84,0.6527,0.001000,0.650000,0.6153,0.650000,0.3847,0.650000,0.000000,0.000000,0.0200,0.0000,0.670000,0.670000,0.150000,0.0100,False,0.5600,0.4400,False,BUY,BUY,EXECUTION_READY,VALID_SIGNAL,HIGH,False,
2026-05-18T00:06:31.105704+00:00,London,RANGING,15.00,0.0000,0.001000,0.650000,0.5500,0.650000,0.4500,0.650000,0.000000,0.000000,-0.0100,0.0000,0.625000,0.625000,0.150000,0.0100,False,0.5800,0.4200,False,BUY,BUY,EXECUTION_READY,VALID_SIGNAL,MEDIUM,False,
2026-05-18T00:06:31.118950+00:00,London,TRENDING,42.74,0.7925,0.001000,0.650000,0.6293,0.650000,0.3707,0.650000,0.000000,0.000000,0.0200,0.0000,0.670000,0.670000,0.150000,0.0100,False,0.5600,0.4400,False,BUY,BUY,EXECUTION_READY,VALID_SIGNAL,HIGH,False,
2026-05-18T00:06:31.120973+00:00,London,RANGING,20.79,0.1654,0.001000,0.650000,0.5665,0.650000,0.4335,0.650000,0.000000,0.000000,-0.0100,0.0000,0.640000,0.640000,0.150000,0.0100,False,0.5800,0.4200,False,BUY,BUY,EXECUTION_READY,VALID_SIGNAL,MEDIUM,False,
2026-05-18T00:06:31.126925+00:00,London,RANGING,15.00,0.0000,0.001000,0.650000,0.5500,0.650000,0.4500,0.650000,0.000000,0.000000,-0.0100,0.0000,0.625000,0.625000,0.150000,0.0100,False,0.5800,0.4200,False,BUY,BUY,EXECUTION_READY,VALID_SIGNAL,MEDIUM,False,
2026-05-18T00:06:31.134738+00:00,London,RANGING,15.00,0.0000,0.001000,0.650000,0.5500,0.650000,0.4500,0.650000,0.000000,0.000000,-0.0100,0.0000,0.625000,0.625000,0.150000,0.0100,False,0.5800,0.4200,False,BUY,BUY,EXECUTION_READY,VALID_SIGNAL,MEDIUM,False,
2026-05-18T00:06:31.136766+00:00,London,TRANSITIONING,27.66,0.3617,0.001000,0.650000,0.5862,0.650000,0.4138,0.650000,0.000000,0.000000,0.0100,0.0000,0.660000,0.660000,0.150000,0.0100,False,0.5600,0.4400,False,BUY,BUY,EXECUTION_READY,VALID_SIGNAL,HIGH,False,
2026-05-18T00:06:31.141240+00:00,London,TRANSITIONING,33.71,0.5346,0.001000,0.650000,0.6035,0.650000,0.3965,0.650000,0.000000,0.000000,0.0200,0.0000,0.670000,0.670000,0.150000,0.0100,False,0.5600,0.4400,False,BUY,BUY,EXECUTION_READY,VALID_SIGNAL,HIGH,False,
2026-05-18T00:06:31.144832+00:00,London,TRENDING,50.00,1.0000,0.001000,0.650000,0.6500,0.650000,0.3500,0.650000,0.000000,0.000000,0.0200,0.0000,0.670000,0.670000,0.150000,0.0100,False,0.5600,0.4400,False,BUY,BUY,EXECUTION_READY,VALID_SIGNAL,HIGH,False,
2026-05-18T00:06:31.149928+00:00,London,RANGING,18.98,0.1137,0.001000,0.650000,0.5614,0.650000,0.4386,0.650000,0.000000,0.000000,-0.0100,0.0000,0.640000,0.640000,0.150000,0.0100,False,0.5800,0.4200,False,BUY,BUY,EXECUTION_READY,VALID_SIGNAL,MEDIUM,False,
2026-05-18T00:06:31.153361+00:00,London,TRANSITIONING,30.19,0.4341,0.001000,0.650000,0.5934,0.650000,0.4066,0.650000,0.000000,0.000000,0.0100,0.0000,0.660000,0.660000,0.150000,0.0100,False,0.5600,0.4400,False,BUY,BUY,EXECUTION_READY,VALID_SIGNAL,HIGH,False,
2026-05-18T00:06:31.155054+00:00,London,TRENDING,42.29,0.7798,0.001000,0.650000,0.6280,0.650000,0.3720,0.650000,0.000000,0.000000,0.0200,0.0000,0.670000,0.670000,0.150000,0.0100,False,0.5600,0.4400,False,BUY,BUY,EXECUTION_READY,VALID_SIGNAL,HIGH,False,
2026-05-18T00:06:31.159299+00:00,London,RANGING,15.00,0.0000,0.001000,0.650000,0.5500,0.650000,0.4500,0.650000,0.000000,0.000000,-0.0100,0.0000,0.625000,0.625000,0.150000,0.0100,False,0.5800,0.4200,False,BUY,BUY,EXECUTION_READY,VALID_SIGNAL,MEDIUM,False,
2026-05-18T00:06:31.166716+00:00,London,RANGING,15.00,0.0000,0.001000,0.650000,0.5500,0.650000,0.4500,0.650000,0.000000,0.000000,-0.0100,0.0000,0.625000,0.625000,0.150000,0.0100,False,0.5800,0.4200,False,BUY,BUY,EXECUTION_READY,VALID_SIGNAL,MEDIUM,False,
2026-05-18T00:06:31.170625+00:00,London,RANGING,15.00,0.0000,0.001000,0.650000,0.5500,0.650000,0.4500,0.650000,0.000000,0.000000,-0.0100,0.0000,0.625000,0.625000,0.150000,0.0100,False,0.5800,0.4200,False,BUY,BUY,EXECUTION_READY,VALID_SIGNAL,MEDIUM,False,
2026-05-18T00:06:31.172933+00:00,London,RANGING,15.00,0.0000,0.001000,0.650000,0.5500,0.650000,0.4500,0.650000,0.000000,0.000000,-0.0100,0.0000,0.625000,0.625000,0.150000,0.0100,False,0.5800,0.4200,False,BUY,BUY,EXECUTION_READY,VALID_SIGNAL,MEDIUM,False,
2026-05-18T00:06:31.188847+00:00,London,RANGING,15.00,0.0000,0.001000,0.650000,0.5500,0.650000,0.4500,0.650000,0.000000,0.000000,-0.0100,0.0000,0.625000,0.625000,0.150000,0.0100,False,0.5800,0.4200,False,BUY,BUY,EXECUTION_READY,VALID_SIGNAL,MEDIUM,False,
2026-05-18T00:06:31.194264+00:00,London,TRENDING,50.00,1.0000,0.001000,0.650000,0.6500,0.650000,0.3500,0.650000,0.000000,0.000000,0.0200,0.0000,0.670000,0.670000,0.150000,0.0100,False,0.5600,0.4400,False,BUY,BUY,EXECUTION_READY,VALID_SIGNAL,HIGH,False,
2026-05-18T00:06:31.203126+00:00,London,RANGING,15.00,0.0000,0.001000,0.650000,0.5500,0.650000,0.4500,0.650000,0.000000,0.000000,-0.0100,0.0000,0.625000,0.625000,0.150000,0.0100,False,0.5800,0.4200,False,BUY,BUY,EXECUTION_READY,VALID_SIGNAL,MEDIUM,False,
2026-05-18T00:06:31.207317+00:00,London,RANGING,15.00,0.0000,0.001000,0.650000,0.5500,0.650000,0.4500,0.650000,0.000000,0.000000,-0.0100,0.0000,0.625000,0.625000,0.150000,0.0100,False,0.5800,0.4200,False,BUY,BUY,EXECUTION_READY,VALID_SIGNAL,MEDIUM,False,
2026-05-18T00:06:31.215763+00:00,London,RANGING,17.75,0.0786,0.001000,0.650000,0.5579,0.650000,0.4421,0.650000,0.000000,0.000000,-0.0100,0.0000,0.640000,0.640000,0.150000,0.0100,False,0.5800,0.4200,False,BUY,BUY,EXECUTION_READY,VALID_SIGNAL,MEDIUM,False,
2026-05-18T00:06:31.223396+00:00,London,RANGING,15.00,0.0000,0.001000,0.650000,0.5500,0.650000,0.4500,0.650000,0.000000,0.000000,-0.0100,0.0000,0.625000,0.625000,0.150000,0.0100,False,0.5800,0.4200,False,BUY,BUY,EXECUTION_READY,VALID_SIGNAL,MEDIUM,False,
2026-05-18T00:06:31.225724+00:00,London,TRENDING,50.00,1.0000,0.001000,0.650000,0.6500,0.650000,0.3500,0.650000,0.000000,0.000000,0.0200,0.0000,0.670000,0.670000,0.150000,0.0100,False,0.5600,0.4400,False,BUY,BUY,EXECUTION_READY,VALID_SIGNAL,HIGH,False,
2026-05-18T00:06:31.233872+00:00,London,TRENDING,50.00,1.0000,0.001000,0.650000,0.6500,0.650000,0.3500,0.650000,0.000000,0.000000,0.0200,0.0000,0.670000,0.670000,0.150000,0.0100,False,0.5600,0.4400,False,BUY,BUY,EXECUTION_READY,VALID_SIGNAL,HIGH,False,
2026-05-18T00:06:31.240897+00:00,London,RANGING,15.00,0.0000,0.001000,0.650000,0.5500,0.650000,0.4500,0.650000,0.000000,0.000000,-0.0100,0.0000,0.625000,0.625000,0.150000,0.0100,False,0.5800,0.4200,False,BUY,BUY,EXECUTION_READY,VALID_SIGNAL,MEDIUM,False,
2026-05-18T00:06:31.249957+00:00,London,RANGING,15.00,0.0000,0.001000,0.650000,0.5500,0.650000,0.4500,0.650000,0.000000,0.000000,-0.0100,0.0000,0.625000,0.625000,0.150000,0.0100,False,0.5800,0.4200,False,BUY,BUY,EXECUTION_READY,VALID_SIGNAL,MEDIUM,False,
2026-05-18T00:06:31.256852+00:00,London,RANGING,15.00,0.0000,0.001000,0.650000,0.5500,0.650000,0.4500,0.650000,0.000000,0.000000,-0.0100,0.0000,0.625000,0.625000,0.150000,0.0100,False,0.5800,0.4200,False,BUY,BUY,EXECUTION_READY,VALID_SIGNAL,MEDIUM,False,
2026-05-18T00:06:31.261286+00:00,London,RANGING,15.00,0.0000,0.001000,0.650000,0.5500,0.650000,0.4500,0.650000,0.000000,0.000000,-0.0100,0.0000,0.625000,0.625000,0.150000,0.0100,False,0.5800,0.4200,False,BUY,BUY,EXECUTION_READY,VALID_SIGNAL,MEDIUM,False,
2026-05-18T00:06:31.267317+00:00,London,RANGING,21.51,0.1861,0.001000,0.650000,0.5686,0.650000,0.4314,0.650000,0.000000,0.000000,-0.0100,0.0000,0.640000,0.640000,0.150000,0.0100,False,0.5800,0.4200,False,BUY,BUY,EXECUTION_READY,VALID_SIGNAL,MEDIUM,False,
2026-05-18T00:06:31.272795+00:00,London,RANGING,15.00,0.0000,0.001000,0.650000,0.5500,0.650000,0.4500,0.650000,0.000000,0.000000,-0.0100,0.0000,0.625000,0.625000,0.150000,0.0100,False,0.5800,0.4200,False,BUY,BUY,EXECUTION_READY,VALID_SIGNAL,MEDIUM,False,
2026-05-18T00:06:31.276716+00:00,London,TRANSITIONING,26.33,0.3237,0.001000,0.650000,0.5824,0.650000,0.4176,0.650000,0.000000,0.000000,0.0100,0.0000,0.660000,0.660000,0.150000,0.0100,False,0.5700,0.4300,False,BUY,BUY,EXECUTION_READY,VALID_SIGNAL,HIGH,False,
2026-05-18T00:06:31.284013+00:00,London,TRANSITIONING,22.06,0.2017,0.001000,0.650000,0.5702,0.650000,0.4298,0.650000,0.000000,0.000000,-0.0100,0.0000,0.640000,0.640000,0.150000,0.0100,False,0.5800,0.4200,False,BUY,BUY,EXECUTION_READY,VALID_SIGNAL,MEDIUM,False,
2026-05-18T00:06:31.290058+00:00,London,RANGING,15.00,0.0000,0.001000,0.650000,0.5500,0.650000,0.4500,0.650000,0.000000,0.000000,-0.0100,0.0000,0.625000,0.625000,0.150000,0.0100,False,0.5800,0.4200,False,BUY,BUY,EXECUTION_READY,VALID_SIGNAL,MEDIUM,False,
2026-05-18T00:06:31.298951+00:00,London,TRANSITIONING,32.50,0.5000,0.001000,0.650000,0.6000,0.650000,0.4000,0.650000,0.000000,0.000000,0.0200,0.0000,0.670000,0.670000,0.150000,0.0100,False,0.5600,0.4400,False,BUY,BUY,EXECUTION_READY,VALID_SIGNAL,HIGH,False,
2026-05-18T00:06:31.302977+00:00,London,RANGING,15.00,0.0000,0.001000,0.650000,0.5500,0.650000,0.4500,0.650000,0.000000,0.000000,-0.0100,0.0000,0.625000,0.625000,0.150000,0.0100,False,0.5800,0.4200,False,BUY,BUY,EXECUTION_READY,VALID_SIGNAL,MEDIUM,False,
2026-05-18T00:06:31.305192+00:00,London,RANGING,15.00,0.0000,0.001000,0.650000,0.5500,0.650000,0.4500,0.650000,0.000000,0.000000,-0.0100,0.0000,0.625001,0.625001,0.150000,0.0100,False,0.5800,0.4200,False,BUY,BUY,EXECUTION_READY,VALID_SIGNAL,MEDIUM,False,
2026-05-18T00:06:31.309766+00:00,London,TRANSITIONING,33.43,0.5267,0.001000,0.650000,0.6027,0.650000,0.3973,0.650000,0.000000,0.000000,0.0200,0.0000,0.670000,0.670000,0.150000,0.0100,False,0.5600,0.4400,False,BUY,BUY,EXECUTION_READY,VALID_SIGNAL,HIGH,False,
2026-05-18T00:06:31.312437+00:00,London,RANGING,15.00,0.0000,0.001000,0.650000,0.5500,0.650000,0.4500,0.650000,0.000000,0.000000,-0.0100,0.0000,0.625000,0.625000,0.150000,0.0100,False,0.5800,0.4200,False,BUY,BUY,EXECUTION_READY,VALID_SIGNAL,MEDIUM,False,
2026-05-18T00:06:31.318948+00:00,London,RANGING,15.00,0.0000,0.001000,0.650000,0.5500,0.650000,0.4500,0.650000,0.000000,0.000000,-0.0100,0.0000,0.625000,0.625000,0.150000,0.0100,False,0.5800,0.4200,False,BUY,BUY,EXECUTION_READY,VALID_SIGNAL,MEDIUM,False,
2026-05-18T00:06:31.321217+00:00,London,TRANSITIONING,26.67,0.3333,0.001000,0.650000,0.5833,0.650000,0.4167,0.650000,0.000000,0.000000,0.0100,0.0000,0.660000,0.660000,0.150000,0.0100,False,0.5700,0.4300,False,BUY,BUY,EXECUTION_READY,VALID_SIGNAL,HIGH,False,
2026-05-18T00:06:31.324320+00:00,London,TRENDING,45.47,0.8706,0.001000,0.650000,0.6371,0.650000,0.3629,0.650000,0.000000,0.000000,0.0200,0.0000,0.670000,0.670000,0.150000,0.0100,False,0.5600,0.4400,False,BUY,BUY,EXECUTION_READY,VALID_SIGNAL,HIGH,False,
2026-05-18T00:06:31.329191+00:00,London,TRANSITIONING,26.25,0.3213,0.001000,0.650000,0.5821,0.650000,0.4179,0.650000,0.000000,0.000000,0.0100,0.0000,0.660000,0.660000,0.150000,0.0100,False,0.5700,0.4300,False,BUY,BUY,EXECUTION_READY,VALID_SIGNAL,HIGH,False,
2026-05-18T00:06:31.334490+00:00,London,RANGING,15.00,0.0001,0.001000,0.650000,0.5500,0.650000,0.4500,0.650000,0.000000,0.000000,-0.0100,0.0000,0.625006,0.625006,0.150000,0.0100,False,0.5800,0.4200,False,BUY,BUY,EXECUTION_READY,VALID_SIGNAL,MEDIUM,False,
2026-05-18T00:06:31.338155+00:00,London,RANGING,15.00,0.0000,0.001000,0.650000,0.5500,0.650000,0.4500,0.650000,0.000000,0.000000,-0.0100,0.0000,0.625000,0.625000,0.150000,0.0100,False,0.5800,0.4200,False,BUY,BUY,EXECUTION_READY,VALID_SIGNAL,MEDIUM,False,
2026-05-18T00:06:31.342060+00:00,London,TRENDING,37.09,0.6312,0.001000,0.650000,0.6131,0.650000,0.3869,0.650000,0.000000,0.000000,0.0200,0.0000,0.670000,0.670000,0.150000,0.0100,False,0.5600,0.4400,False,BUY,BUY,EXECUTION_READY,VALID_SIGNAL,HIGH,False,
2026-05-18T00:06:31.350073+00:00,London,RANGING,15.00,0.0000,0.001000,0.650000,0.5500,0.650000,0.4500,0.650000,0.000000,0.000000,-0.0100,0.0000,0.625000,0.625000,0.150000,0.0100,False,0.5800,0.4200,False,BUY,BUY,EXECUTION_READY,VALID_SIGNAL,MEDIUM,False,
2026-05-18T00:06:31.354270+00:00,London,RANGING,18.70,0.1058,0.001000,0.650000,0.5606,0.650000,0.4394,0.650000,0.000000,0.000000,-0.0100,0.0000,0.640000,0.640000,0.150000,0.0100,False,0.5800,0.4200,False,BUY,BUY,EXECUTION_READY,VALID_SIGNAL,MEDIUM,False,
2026-05-18T00:06:31.356539+00:00,London,RANGING,15.00,0.0000,0.001000,0.650000,0.5500,0.650000,0.4500,0.650000,0.000000,0.000000,-0.0100,0.0000,0.625000,0.625000,0.150000,0.0100,False,0.5800,0.4200,False,BUY,BUY,EXECUTION_READY,VALID_SIGNAL,MEDIUM,False,
2026-05-18T00:06:31.360893+00:00,London,RANGING,15.00,0.0000,0.001000,0.650000,0.5500,0.650000,0.4500,0.650000,0.000000,0.000000,-0.0100,0.0000,0.625000,0.625000,0.150000,0.0100,False,0.5800,0.4200,False,BUY,BUY,EXECUTION_READY,VALID_SIGNAL,MEDIUM,False,
2026-05-18T00:06:31.370235+00:00,London,RANGING,15.00,0.0000,0.001000,0.650000,0.5500,0.650000,0.4500,0.650000,0.000000,0.000000,-0.0100,0.0000,0.625000,0.625000,0.150000,0.0100,False,0.5800,0.4200,False,BUY,BUY,EXECUTION_READY,VALID_SIGNAL,MEDIUM,False,
2026-05-18T00:06:31.372782+00:00,London,RANGING,15.47,0.0134,0.001000,0.650000,0.5513,0.650000,0.4487,0.650000,0.000000,0.000000,-0.0100,0.0000,0.626339,0.626339,0.150000,0.0100,False,0.5800,0.4200,False,BUY,BUY,EXECUTION_READY,VALID_SIGNAL,MEDIUM,False,
2026-05-18T00:06:31.378334+00:00,London,TRENDING,40.11,0.7175,0.001000,0.650000,0.6218,0.650000,0.3782,0.650000,0.000000,0.000000,0.0200,0.0000,0.670000,0.670000,0.150000,0.0100,False,0.5600,0.4400,False,BUY,BUY,EXECUTION_READY,VALID_SIGNAL,HIGH,False,
2026-05-18T00:06:31.386790+00:00,London,TRANSITIONING,30.81,0.4518,0.001000,0.650000,0.5952,0.650000,0.4048,0.650000,0.000000,0.000000,0.0100,0.0000,0.660000,0.660000,0.150000,0.0100,False,0.5600,0.4400,False,BUY,BUY,EXECUTION_READY,VALID_SIGNAL,HIGH,False,
2026-05-18T00:06:31.389972+00:00,London,TRANSITIONING,24.67,0.2762,0.001000,0.650000,0.5776,0.650000,0.4224,0.650000,0.000000,0.000000,-0.0100,0.0000,0.640000,0.640000,0.150000,0.0100,False,0.5700,0.4300,False,BUY,BUY,EXECUTION_READY,VALID_SIGNAL,MEDIUM,False,
2026-05-18T00:06:31.399066+00:00,London,TRANSITIONING,34.81,0.5661,0.001000,0.650000,0.6066,0.650000,0.3934,0.650000,0.000000,0.000000,0.0200,0.0000,0.670000,0.670000,0.150000,0.0100,False,0.5600,0.4400,False,BUY,BUY,EXECUTION_READY,VALID_SIGNAL,HIGH,False,
2026-05-18T00:06:31.404949+00:00,London,TRENDING,37.15,0.6328,0.001000,0.650000,0.6133,0.650000,0.3867,0.650000,0.000000,0.000000,0.0200,0.0000,0.670000,0.670000,0.150000,0.0100,False,0.5600,0.4400,False,BUY,BUY,EXECUTION_READY,VALID_SIGNAL,HIGH,False,
2026-05-18T00:06:31.407607+00:00,London,RANGING,15.00,0.0000,0.001000,0.650000,0.5500,0.650000,0.4500,0.650000,0.000000,0.000000,-0.0100,0.0000,0.625000,0.625000,0.150000,0.0100,False,0.5800,0.4200,False,BUY,BUY,EXECUTION_READY,VALID_SIGNAL,MEDIUM,False,
2026-05-18T00:06:31.416462+00:00,London,TRENDING,42.95,0.7985,0.001000,0.650000,0.6299,0.650000,0.3701,0.650000,0.000000,0.000000,0.0200,0.0000,0.670000,0.670000,0.150000,0.0100,False,0.5600,0.4400,False,BUY,BUY,EXECUTION_READY,VALID_SIGNAL,HIGH,False,
2026-05-18T00:06:31.423645+00:00,London,RANGING,15.00,0.0000,0.001000,0.650000,0.5500,0.650000,0.4500,0.650000,0.000000,0.000000,-0.0100,0.0000,0.625000,0.625000,0.150000,0.0100,False,0.5800,0.4200,False,BUY,BUY,EXECUTION_READY,VALID_SIGNAL,MEDIUM,False,
2026-05-18T00:06:31.426284+00:00,London,TRENDING,42.19,0.7768,0.001000,0.650000,0.6277,0.650000,0.3723,0.650000,0.000000,0.000000,0.0200,0.0000,0.670000,0.670000,0.150000,0.0100,False,0.5600,0.4400,False,BUY,BUY,EXECUTION_READY,VALID_SIGNAL,HIGH,False,
2026-05-18T00:06:31.435977+00:00,London,RANGING,18.45,0.0986,0.001000,0.650000,0.5599,0.650000,0.4401,0.650000,0.000000,0.000000,-0.0100,0.0000,0.640000,0.640000,0.150000,0.0100,False,0.5800,0.4200,False,BUY,BUY,EXECUTION_READY,VALID_SIGNAL,MEDIUM,False,
2026-05-18T00:06:31.439035+00:00,London,RANGING,15.00,0.0000,0.001000,0.650000,0.5500,0.650000,0.4500,0.650000,0.000000,0.000000,-0.0100,0.0000,0.625000,0.625000,0.150000,0.0100,False,0.5800,0.4200,False,BUY,BUY,EXECUTION_READY,VALID_SIGNAL,MEDIUM,False,
2026-05-18T00:06:31.448964+00:00,London,RANGING,15.00,0.0000,0.001000,0.650000,0.5500,0.650000,0.4500,0.650000,0.000000,0.000000,-0.0100,0.0000,0.625000,0.625000,0.150000,0.0100,False,0.5800,0.4200,False,BUY,BUY,EXECUTION_READY,VALID_SIGNAL,MEDIUM,False,
2026-05-18T00:06:31.459792+00:00,London,RANGING,15.00,0.0000,0.001000,0.650000,0.5500,0.650000,0.4500,0.650000,0.000000,0.000000,-0.0100,0.0000,0.625000,0.625000,0.150000,0.0100,False,0.5800,0.4200,False,BUY,BUY,EXECUTION_READY,VALID_SIGNAL,MEDIUM,False,
2026-05-18T00:06:31.465650+00:00,London,TRANSITIONING,30.91,0.4544,0.001000,0.650000,0.5954,0.650000,0.4046,0.650000,0.000000,0.000000,0.0100,0.0000,0.660000,0.660000,0.150000,0.0100,False,0.5600,0.4400,False,BUY,BUY,EXECUTION_READY,VALID_SIGNAL,HIGH,False,
2026-05-18T00:06:31.471558+00:00,London,RANGING,15.00,0.0000,0.001000,0.650000,0.5500,0.650000,0.4500,0.650000,0.000000,0.000000,-0.0100,0.0000,0.625000,0.625000,0.150000,0.0100,False,0.5800,0.4200,False,BUY,BUY,EXECUTION_READY,VALID_SIGNAL,MEDIUM,False,
2026-05-18T00:12:08.699720+00:00,Pacific,RANGING,18.50,0.1000,0.001000,0.800000,0.5600,0.700000,0.4400,0.756000,0.100000,0.030000,0.0000,0.0000,0.726000,0.726000,0.226000,0.0100,False,0.5800,0.4200,False,BUY,BUY,EXECUTION_READY,VALID_SIGNAL,HIGH,False,
2026-05-18T00:12:08.711767+00:00,London,RANGING,18.50,0.1000,0.001000,0.650000,0.5600,0.650000,0.4400,0.650000,0.000000,0.000000,-0.0100,0.0000,0.640000,0.640000,0.150000,0.0100,False,0.6200,0.3800,False,BUY,BUY,EXECUTION_READY,VALID_SIGNAL,MEDIUM,False,
2026-05-18T00:12:08.714588+00:00,London,TRANSITIONING,25.50,0.3000,0.001000,0.650000,0.5800,0.650000,0.4200,0.650000,0.000000,0.000000,0.0100,0.0000,0.660000,0.660000,0.150000,0.0100,False,0.6200,0.3800,False,BUY,BUY,EXECUTION_READY,VALID_SIGNAL,HIGH,False,
2026-05-18T00:12:08.718009+00:00,London,TRANSITIONING,32.50,0.5000,0.001000,0.650000,0.6000,0.650000,0.4000,0.650000,0.000000,0.000000,0.0200,0.0000,0.670000,0.670000,0.150000,0.0100,False,0.6200,0.3800,False,BUY,BUY,EXECUTION_READY,VALID_SIGNAL,HIGH,False,
2026-05-18T00:12:08.720998+00:00,London,TRENDING,43.00,0.8000,0.001000,0.650000,0.6300,0.650000,0.3700,0.650000,0.000000,0.000000,0.0200,0.0000,0.670000,0.670000,0.150000,0.0100,False,0.6200,0.3800,False,BUY,BUY,EXECUTION_READY,VALID_SIGNAL,HIGH,False,
2026-05-18T00:12:51.678522+00:00,London,RANGING,20.00,0.1429,0.001263,0.750000,0.5643,0.650000,0.4357,0.706429,0.100000,0.030000,-0.0100,0.0000,0.666429,0.666429,0.176429,0.0100,False,0.5800,0.4200,False,BUY,BUY,EXECUTION_READY,VALID_SIGNAL,HIGH,False,
2026-05-18T00:12:51.688790+00:00,London,RANGING,20.00,0.1429,0.001263,0.990000,0.5643,0.650000,0.4357,0.841857,0.340000,0.102000,-0.0100,0.0000,0.729857,0.729857,0.239857,0.0100,False,0.5800,0.4200,False,BUY,BUY,EXECUTION_READY,VALID_SIGNAL,HIGH,False,
2026-05-18T00:12:51.692606+00:00,London,RANGING,20.00,0.1429,0.001263,0.010000,0.5643,0.350000,0.4357,0.158143,0.340000,0.102000,-0.0100,0.0000,0.239331,0.239331,0.239857,0.0100,False,0.5800,0.4200,False,SELL,SELL,EXECUTION_READY,VALID_SIGNAL,HIGH,False,
2026-05-18T00:12:51.695216+00:00,London,RANGING,20.00,0.1429,0.001263,0.750000,0.5643,0.650000,0.4357,0.706429,0.100000,0.030000,-0.0100,0.0000,0.666429,0.666429,0.176429,0.0100,False,0.5800,0.4200,False,BUY,BUY,EXECUTION_READY,VALID_SIGNAL,HIGH,False,
2026-05-18T00:12:51.700427+00:00,London,RANGING,20.00,0.1429,0.001263,0.250000,0.5643,0.350000,0.4357,0.293571,0.100000,0.030000,-0.0100,0.0000,0.297686,0.297686,0.176429,0.0100,False,0.5800,0.4200,False,SELL,SELL,EXECUTION_READY,VALID_SIGNAL,HIGH,False,
2026-05-18T00:12:51.706279+00:00,London,RANGING,20.00,0.1429,0.001263,0.990000,0.5643,0.650000,0.4357,0.841857,0.340000,0.102000,-0.0100,0.0000,0.729857,0.729857,0.239857,0.0100,False,0.5800,0.4200,False,BUY,BUY,EXECUTION_READY,VALID_SIGNAL,HIGH,False,
2026-05-18T00:12:51.709229+00:00,London,RANGING,20.00,0.1429,0.001263,0.010000,0.5643,0.350000,0.4357,0.158143,0.340000,0.102000,-0.0100,0.0000,0.239331,0.239331,0.239857,0.0100,False,0.5800,0.4200,False,SELL,SELL,EXECUTION_READY,VALID_SIGNAL,HIGH,False,
2026-05-18T00:12:51.713147+00:00,London,RANGING,20.00,0.1429,0.001263,0.972291,0.5643,0.650000,0.4357,0.831864,0.322291,0.096687,-0.0100,0.0000,0.725177,0.725177,0.235177,0.0100,False,0.5800,0.4200,False,BUY,BUY,EXECUTION_READY,VALID_SIGNAL,HIGH,False,
2026-05-18T00:12:51.718525+00:00,London,RANGING,20.00,0.1429,0.001263,0.027709,0.5643,0.350000,0.4357,0.168136,0.322291,0.096687,-0.0100,0.0000,0.243637,0.243637,0.235177,0.0100,False,0.5800,0.4200,False,SELL,SELL,EXECUTION_READY,VALID_SIGNAL,HIGH,False,
2026-05-18T00:12:51.722935+00:00,London,RANGING,20.00,0.1429,0.001263,0.250000,0.5643,0.350000,0.4357,0.293571,0.100000,0.030000,-0.0100,0.0000,0.297686,0.297686,0.176429,0.0100,False,0.5800,0.4200,False,SELL,SELL,EXECUTION_READY,VALID_SIGNAL,HIGH,False,
2026-05-18T00:12:51.725925+00:00,London,RANGING,20.00,0.1429,0.001263,0.753954,0.5643,0.650000,0.4357,0.708660,0.103954,0.031186,-0.0100,0.0000,0.667473,0.667473,0.177473,0.0100,False,0.5800,0.4200,False,BUY,BUY,EXECUTION_READY,VALID_SIGNAL,HIGH,False,
2026-05-18T00:12:51.730112+00:00,London,RANGING,20.00,0.1429,0.001263,0.865423,0.5643,0.650000,0.4357,0.771560,0.215423,0.064627,-0.0100,0.0000,0.696933,0.696933,0.206933,0.0100,False,0.5800,0.4200,False,BUY,BUY,EXECUTION_READY,VALID_SIGNAL,HIGH,False,
2026-05-18T00:12:51.734280+00:00,London,RANGING,20.00,0.1429,0.001263,0.098559,0.5643,0.350000,0.4357,0.208116,0.251441,0.075432,-0.0100,0.0000,0.260864,0.260864,0.216452,0.0100,False,0.5800,0.4200,False,SELL,SELL,EXECUTION_READY,VALID_SIGNAL,HIGH,False,
2026-05-18T00:12:51.740098+00:00,London,RANGING,20.00,0.1429,0.001263,0.905589,0.5643,0.650000,0.4357,0.794225,0.255589,0.076677,-0.0100,0.0000,0.707549,0.707549,0.217549,0.0100,False,0.5800,0.4200,False,BUY,BUY,EXECUTION_READY,VALID_SIGNAL,HIGH,False,
2026-05-18T00:12:51.743541+00:00,London,RANGING,20.00,0.1429,0.001263,0.250000,0.5643,0.350000,0.4357,0.293571,0.100000,0.030000,-0.0100,0.0000,0.297686,0.297686,0.176429,0.0100,False,0.5800,0.4200,False,SELL,SELL,EXECUTION_READY,VALID_SIGNAL,HIGH,False,
2026-05-18T00:12:51.748078+00:00,London,RANGING,20.00,0.1429,0.001263,0.239108,0.5643,0.350000,0.4357,0.287425,0.110892,0.033268,-0.0100,0.0000,0.295037,0.295037,0.179307,0.0100,False,0.5800,0.4200,False,SELL,SELL,EXECUTION_READY,VALID_SIGNAL,HIGH,False,
2026-05-18T00:12:51.752546+00:00,London,RANGING,20.00,0.1429,0.001263,0.789377,0.5643,0.650000,0.4357,0.728648,0.139377,0.041813,-0.0100,0.0000,0.676835,0.676835,0.186835,0.0100,False,0.5800,0.4200,False,BUY,BUY,EXECUTION_READY,VALID_SIGNAL,HIGH,False,
2026-05-18T00:12:51.758834+00:00,London,RANGING,20.00,0.1429,0.001263,0.947197,0.5643,0.650000,0.4357,0.817704,0.297197,0.089159,-0.0100,0.0000,0.718545,0.718545,0.228545,0.0100,False,0.5800,0.4200,False,BUY,BUY,EXECUTION_READY,VALID_SIGNAL,HIGH,False,
2026-05-18T00:12:51.762262+00:00,London,RANGING,20.00,0.1429,0.001263,0.120089,0.5643,0.350000,0.4357,0.220264,0.229911,0.068973,-0.0100,0.0000,0.266099,0.266099,0.210762,0.0100,False,0.5800,0.4200,False,SELL,SELL,EXECUTION_READY,VALID_SIGNAL,HIGH,False,
2026-05-18T00:12:51.768176+00:00,London,RANGING,20.00,0.1429,0.001263,0.750000,0.5643,0.650000,0.4357,0.706429,0.100000,0.030000,-0.0100,0.0000,0.666429,0.666429,0.176429,0.0100,False,0.5800,0.4200,False,BUY,BUY,EXECUTION_READY,VALID_SIGNAL,HIGH,False,
2026-05-18T00:12:51.776246+00:00,London,RANGING,20.00,0.1429,0.001263,0.969925,0.5643,0.650000,0.4357,0.830529,0.319925,0.095977,-0.0100,0.0000,0.724552,0.724552,0.234552,0.0100,False,0.5800,0.4200,False,BUY,BUY,EXECUTION_READY,VALID_SIGNAL,HIGH,False,
2026-05-18T00:12:51.778345+00:00,London,RANGING,20.00,0.1429,0.001263,0.192800,0.5643,0.350000,0.4357,0.261294,0.157200,0.047160,-0.0100,0.0000,0.283778,0.283778,0.191546,0.0100,False,0.5800,0.4200,False,SELL,SELL,EXECUTION_READY,VALID_SIGNAL,HIGH,False,
2026-05-18T00:12:51.783972+00:00,London,RANGING,20.00,0.1429,0.001263,0.914158,0.5643,0.650000,0.4357,0.799061,0.264158,0.079248,-0.0100,0.0000,0.709813,0.709813,0.219813,0.0100,False,0.5800,0.4200,False,BUY,BUY,EXECUTION_READY,VALID_SIGNAL,HIGH,False,
2026-05-18T00:12:51.794239+00:00,London,RANGING,20.00,0.1429,0.001263,0.041018,0.5643,0.350000,0.4357,0.175646,0.308982,0.092695,-0.0100,0.0000,0.246873,0.246873,0.231660,0.0100,False,0.5800,0.4200,False,SELL,SELL,EXECUTION_READY,VALID_SIGNAL,HIGH,False,
2026-05-18T00:12:51.797692+00:00,London,RANGING,20.00,0.1429,0.001263,0.112929,0.5643,0.350000,0.4357,0.216224,0.237071,0.071121,-0.0100,0.0000,0.264358,0.264358,0.212654,0.0100,False,0.5800,0.4200,False,SELL,SELL,EXECUTION_READY,VALID_SIGNAL,HIGH,False,
2026-05-18T00:12:51.813048+00:00,London,RANGING,20.00,0.1429,0.001263,0.121549,0.5643,0.350000,0.4357,0.221089,0.228451,0.068535,-0.0100,0.0000,0.266454,0.266454,0.210376,0.0100,False,0.5800,0.4200,False,SELL,SELL,EXECUTION_READY,VALID_SIGNAL,HIGH,False,
2026-05-18T00:12:51.814944+00:00,London,RANGING,20.00,0.1429,0.001263,0.859530,0.5643,0.650000,0.4357,0.768235,0.209530,0.062859,-0.0100,0.0000,0.695376,0.695376,0.205376,0.0100,False,0.5800,0.4200,False,BUY,BUY,EXECUTION_READY,VALID_SIGNAL,HIGH,False,
2026-05-18T00:12:51.825850+00:00,London,RANGING,20.00,0.1429,0.001263,0.983309,0.5643,0.650000,0.4357,0.838081,0.333309,0.099993,-0.0100,0.0000,0.728089,0.728089,0.238089,0.0100,False,0.5800,0.4200,False,BUY,BUY,EXECUTION_READY,VALID_SIGNAL,HIGH,False,
2026-05-18T00:12:51.828250+00:00,London,RANGING,20.00,0.1429,0.001263,0.751013,0.5643,0.650000,0.4357,0.707000,0.101013,0.030304,-0.0100,0.0000,0.666696,0.666696,0.176696,0.0100,False,0.5800,0.4200,False,BUY,BUY,EXECUTION_READY,VALID_SIGNAL,HIGH,False,
2026-05-18T00:12:51.839747+00:00,London,RANGING,20.00,0.1429,0.001263,0.063585,0.5643,0.350000,0.4357,0.188380,0.286415,0.085925,-0.0100,0.0000,0.252360,0.252360,0.225696,0.0100,False,0.5800,0.4200,False,SELL,SELL,EXECUTION_READY,VALID_SIGNAL,HIGH,False,
2026-05-18T00:12:51.842735+00:00,London,RANGING,20.00,0.1429,0.001263,0.099839,0.5643,0.350000,0.4357,0.208838,0.250161,0.075048,-0.0100,0.0000,0.261175,0.261175,0.216114,0.0100,False,0.5800,0.4200,False,SELL,SELL,EXECUTION_READY,VALID_SIGNAL,HIGH,False,
2026-05-18T00:12:51.851190+00:00,London,RANGING,20.00,0.1429,0.001263,0.111458,0.5643,0.350000,0.4357,0.215394,0.238542,0.071563,-0.0100,0.0000,0.264000,0.264000,0.213043,0.0100,False,0.5800,0.4200,False,SELL,SELL,EXECUTION_READY,VALID_SIGNAL,HIGH,False,
2026-05-18T00:12:51.861586+00:00,London,RANGING,20.00,0.1429,0.001263,0.229931,0.5643,0.350000,0.4357,0.282247,0.120069,0.036021,-0.0100,0.0000,0.292806,0.292806,0.181733,0.0100,False,0.5800,0.4200,False,SELL,SELL,EXECUTION_READY,VALID_SIGNAL,HIGH,False,
2026-05-18T00:12:51.863782+00:00,London,RANGING,20.00,0.1429,0.001263,0.793665,0.5643,0.650000,0.4357,0.731068,0.143665,0.043100,-0.0100,0.0000,0.677969,0.677969,0.187969,0.0100,False,0.5800,0.4200,False,BUY,BUY,EXECUTION_READY,VALID_SIGNAL,HIGH,False,
2026-05-18T00:12:51.873022+00:00,London,RANGING,20.00,0.1429,0.001263,0.124891,0.5643,0.350000,0.4357,0.222974,0.225109,0.067533,-0.0100,0.0000,0.267266,0.267266,0.209493,0.0100,False,0.5800,0.4200,False,SELL,SELL,EXECUTION_READY,VALID_SIGNAL,HIGH,False,
2026-05-18T00:12:51.877604+00:00,London,RANGING,20.00,0.1429,0.001263,0.759486,0.5643,0.650000,0.4357,0.711781,0.109486,0.032846,-0.0100,0.0000,0.668936,0.668936,0.178936,0.0100,False,0.5800,0.4200,False,BUY,BUY,EXECUTION_READY,VALID_SIGNAL,HIGH,False,
2026-05-18T00:12:51.889668+00:00,London,RANGING,20.00,0.1429,0.001263,0.935321,0.5643,0.650000,0.4357,0.811003,0.285321,0.085596,-0.0100,0.0000,0.715406,0.715406,0.225406,0.0100,False,0.5800,0.4200,False,BUY,BUY,EXECUTION_READY,VALID_SIGNAL,HIGH,False,
2026-05-18T00:12:51.894733+00:00,London,RANGING,20.00,0.1429,0.001263,0.799372,0.5643,0.650000,0.4357,0.734288,0.149372,0.044812,-0.0100,0.0000,0.679477,0.679477,0.189477,0.0100,False,0.5800,0.4200,False,BUY,BUY,EXECUTION_READY,VALID_SIGNAL,HIGH,False,
2026-05-18T00:12:51.905640+00:00,London,RANGING,20.00,0.1429,0.001263,0.025369,0.5643,0.350000,0.4357,0.166815,0.324631,0.097389,-0.0100,0.0000,0.243068,0.243068,0.235795,0.0100,False,0.5800,0.4200,False,SELL,SELL,EXECUTION_READY,VALID_SIGNAL,HIGH,False,
2026-05-18T00:12:51.911586+00:00,London,RANGING,20.00,0.1429,0.001263,0.056308,0.5643,0.350000,0.4357,0.184274,0.293692,0.088108,-0.0100,0.0000,0.250591,0.250591,0.227619,0.0100,False,0.5800,0.4200,False,SELL,SELL,EXECUTION_READY,VALID_SIGNAL,HIGH,False,
2026-05-18T00:12:51.915396+00:00,London,RANGING,20.00,0.1429,0.001263,0.810364,0.5643,0.650000,0.4357,0.740491,0.160364,0.048109,-0.0100,0.0000,0.682382,0.682382,0.192382,0.0100,False,0.5800,0.4200,False,BUY,BUY,EXECUTION_READY,VALID_SIGNAL,HIGH,False,
2026-05-18T00:12:51.926871+00:00,London,RANGING,20.00,0.1429,0.001263,0.815627,0.5643,0.650000,0.4357,0.743461,0.165627,0.049688,-0.0100,0.0000,0.683773,0.683773,0.193773,0.0100,False,0.5800,0.4200,False,BUY,BUY,EXECUTION_READY,VALID_SIGNAL,HIGH,False,
2026-05-18T00:12:51.928897+00:00,London,RANGING,20.00,0.1429,0.001263,0.140017,0.5643,0.350000,0.4357,0.231510,0.209983,0.062995,-0.0100,0.0000,0.270944,0.270944,0.205495,0.0100,False,0.5800,0.4200,False,SELL,SELL,EXECUTION_READY,VALID_SIGNAL,HIGH,False,
2026-05-18T00:12:51.938943+00:00,London,RANGING,20.00,0.1429,0.001263,0.151556,0.5643,0.350000,0.4357,0.238021,0.198444,0.059533,-0.0100,0.0000,0.273750,0.273750,0.202446,0.0100,False,0.5800,0.4200,False,SELL,SELL,EXECUTION_READY,VALID_SIGNAL,HIGH,False,
2026-05-18T00:12:51.945307+00:00,London,RANGING,20.00,0.1429,0.001263,0.882227,0.5643,0.650000,0.4357,0.781042,0.232227,0.069668,-0.0100,0.0000,0.701374,0.701374,0.211374,0.0100,False,0.5800,0.4200,False,BUY,BUY,EXECUTION_READY,VALID_SIGNAL,HIGH,False,
2026-05-18T00:12:51.949892+00:00,London,RANGING,20.00,0.1429,0.001263,0.191122,0.5643,0.350000,0.4357,0.260347,0.158878,0.047664,-0.0100,0.0000,0.283370,0.283370,0.191989,0.0100,False,0.5800,0.4200,False,SELL,SELL,EXECUTION_READY,VALID_SIGNAL,HIGH,False,
2026-05-18T00:12:51.961986+00:00,London,RANGING,20.00,0.1429,0.001263,0.250000,0.5643,0.350000,0.4357,0.293571,0.100000,0.030000,-0.0100,0.0000,0.297686,0.297686,0.176429,0.0100,False,0.5800,0.4200,False,SELL,SELL,EXECUTION_READY,VALID_SIGNAL,HIGH,False,
2026-05-18T00:12:51.973046+00:00,London,RANGING,20.00,0.1429,0.001263,0.250000,0.5643,0.350000,0.4357,0.293571,0.100000,0.030000,-0.0100,0.0000,0.297686,0.297686,0.176429,0.0100,False,0.5800,0.4200,False,SELL,SELL,EXECUTION_READY,VALID_SIGNAL,HIGH,False,
2026-05-18T00:12:51.977204+00:00,London,RANGING,20.00,0.1429,0.001263,0.238351,0.5643,0.350000,0.4357,0.286998,0.111649,0.033495,-0.0100,0.0000,0.294853,0.294853,0.179507,0.0100,False,0.5800,0.4200,False,SELL,SELL,EXECUTION_READY,VALID_SIGNAL,HIGH,False,
2026-05-18T00:12:51.980166+00:00,London,RANGING,20.00,0.1429,0.001263,0.918330,0.5643,0.650000,0.4357,0.801415,0.268330,0.080499,-0.0100,0.0000,0.710916,0.710916,0.220916,0.0100,False,0.5800,0.4200,False,BUY,BUY,EXECUTION_READY,VALID_SIGNAL,HIGH,False,
2026-05-18T00:12:51.993107+00:00,London,RANGING,20.00,0.1429,0.001263,0.500000,0.5643,0.650000,0.4357,0.565357,0.150000,0.045000,-0.0100,0.0000,0.480357,0.480357,0.020357,0.0100,False,0.5800,0.4200,False,HOLD,BUY,THRESHOLD_CHECK,BELOW_THRESHOLD,LOW,False,HOLD: Final 0.4804 between BUY>0.5800 and SELL<0.4200
2026-05-18T00:12:52.000448+00:00,London,RANGING,20.00,0.1429,0.001263,0.500000,0.5643,0.650000,0.4357,0.565357,0.150000,0.045000,-0.0100,0.0000,0.510357,0.510357,0.020357,0.0100,False,0.5800,0.4200,False,HOLD,BUY,THRESHOLD_CHECK,BELOW_THRESHOLD,LOW,False,HOLD: Final 0.5104 between BUY>0.5800 and SELL<0.4200
2026-05-18T00:12:52.006734+00:00,London,RANGING,20.00,0.1429,0.001263,0.714941,0.5643,0.650000,0.4357,0.686645,0.064941,0.019482,-0.0100,0.0000,0.627163,0.627163,0.167163,0.0100,False,0.5800,0.4200,False,BUY,BUY,EXECUTION_READY,VALID_SIGNAL,MEDIUM,False,
2026-05-18T00:12:52.010299+00:00,London,RANGING,20.00,0.1429,0.001263,0.714941,0.5643,0.650000,0.4357,0.686645,0.064941,0.019482,-0.0100,0.0000,0.657163,0.657163,0.167163,0.0100,False,0.5800,0.4200,False,BUY,BUY,EXECUTION_READY,VALID_SIGNAL,HIGH,False,
2026-05-18T00:12:52.012389+00:00,London,RANGING,20.00,0.1429,0.001263,0.500000,0.5643,0.650000,0.4357,0.565357,0.150000,0.045000,-0.0100,0.0000,0.480357,0.480357,0.020357,0.0100,False,0.5800,0.4200,False,HOLD,BUY,THRESHOLD_CHECK,BELOW_THRESHOLD,LOW,False,HOLD: Final 0.4804 between BUY>0.5800 and SELL<0.4200
2026-05-18T00:12:52.020621+00:00,London,RANGING,20.00,0.1429,0.001263,0.500000,0.5643,0.650000,0.4357,0.565357,0.150000,0.045000,-0.0100,0.0000,0.510357,0.510357,0.020357,0.0100,False,0.5800,0.4200,False,HOLD,BUY,THRESHOLD_CHECK,BELOW_THRESHOLD,LOW,False,HOLD: Final 0.5104 between BUY>0.5800 and SELL<0.4200
2026-05-18T00:12:52.028086+00:00,London,RANGING,20.00,0.1429,0.001263,0.749000,0.5643,0.650000,0.4357,0.705864,0.099000,0.029700,-0.0100,0.0000,0.636164,0.636164,0.176164,0.0100,False,0.5800,0.4200,False,BUY,BUY,EXECUTION_READY,VALID_SIGNAL,MEDIUM,False,
2026-05-18T00:12:52.030470+00:00,London,RANGING,20.00,0.1429,0.001263,0.749000,0.5643,0.650000,0.4357,0.705864,0.099000,0.029700,-0.0100,0.0000,0.666164,0.666164,0.176164,0.0100,False,0.5800,0.4200,False,BUY,BUY,EXECUTION_READY,VALID_SIGNAL,HIGH,False,
2026-05-18T00:12:52.038942+00:00,London,RANGING,20.00,0.1429,0.001263,0.576429,0.5643,0.650000,0.4357,0.608485,0.073571,0.022071,-0.0100,0.0000,0.546414,0.546414,0.086414,0.0100,False,0.5800,0.4200,False,HOLD,BUY,THRESHOLD_CHECK,BELOW_THRESHOLD,LOW,False,HOLD: Final 0.5464 between BUY>0.5800 and SELL<0.4200
2026-05-18T00:12:52.042476+00:00,London,RANGING,20.00,0.1429,0.001263,0.576429,0.5643,0.650000,0.4357,0.608485,0.073571,0.022071,-0.0100,0.0000,0.576414,0.576414,0.086414,0.0100,False,0.5800,0.4200,False,HOLD,BUY,THRESHOLD_CHECK,BELOW_THRESHOLD,LOW,False,HOLD: Final 0.5764 between BUY>0.5800 and SELL<0.4200
2026-05-18T00:12:52.048421+00:00,London,RANGING,20.00,0.1429,0.001263,0.749000,0.5643,0.650000,0.4357,0.705864,0.099000,0.029700,-0.0100,0.0000,0.636164,0.636164,0.176164,0.0100,False,0.5800,0.4200,False,BUY,BUY,EXECUTION_READY,VALID_SIGNAL,MEDIUM,False,
2026-05-18T00:12:52.053175+00:00,London,RANGING,20.00,0.1429,0.001263,0.749000,0.5643,0.650000,0.4357,0.705864,0.099000,0.029700,-0.0100,0.0000,0.666164,0.666164,0.176164,0.0100,False,0.5800,0.4200,False,BUY,BUY,EXECUTION_READY,VALID_SIGNAL,HIGH,False,
2026-05-18T00:12:52.061377+00:00,London,RANGING,20.00,0.1429,0.001263,0.722386,0.5643,0.650000,0.4357,0.690847,0.072386,0.021716,-0.0100,0.0000,0.629131,0.629131,0.169131,0.0100,False,0.5800,0.4200,False,BUY,BUY,EXECUTION_READY,VALID_SIGNAL,MEDIUM,False,
2026-05-18T00:12:52.064405+00:00,London,RANGING,20.00,0.1429,0.001263,0.722386,0.5643,0.650000,0.4357,0.690847,0.072386,0.021716,-0.0100,0.0000,0.659131,0.659131,0.169131,0.0100,False,0.5800,0.4200,False,BUY,BUY,EXECUTION_READY,VALID_SIGNAL,HIGH,False,
2026-05-18T00:12:52.073318+00:00,London,RANGING,20.00,0.1429,0.001263,0.554169,0.5643,0.650000,0.4357,0.595924,0.095831,0.028749,-0.0100,0.0000,0.527175,0.527175,0.067175,0.0100,False,0.5800,0.4200,False,HOLD,BUY,THRESHOLD_CHECK,BELOW_THRESHOLD,LOW,False,HOLD: Final 0.5272 between BUY>0.5800 and SELL<0.4200
2026-05-18T00:12:52.076160+00:00,London,RANGING,20.00,0.1429,0.001263,0.554169,0.5643,0.650000,0.4357,0.595924,0.095831,0.028749,-0.0100,0.0000,0.557175,0.557175,0.067175,0.0100,False,0.5800,0.4200,False,HOLD,BUY,THRESHOLD_CHECK,BELOW_THRESHOLD,LOW,False,HOLD: Final 0.5572 between BUY>0.5800 and SELL<0.4200
2026-05-18T00:12:52.079186+00:00,London,RANGING,20.00,0.1429,0.001263,0.636839,0.5643,0.650000,0.4357,0.642573,0.013161,0.003948,-0.0100,0.0000,0.598625,0.598625,0.138625,0.0100,False,0.5800,0.4200,False,BUY,BUY,EXECUTION_READY,VALID_SIGNAL,MEDIUM,False,
2026-05-18T00:12:52.085511+00:00,London,RANGING,20.00,0.1429,0.001263,0.636839,0.5643,0.650000,0.4357,0.642573,0.013161,0.003948,-0.0100,0.0000,0.628625,0.628625,0.138625,0.0100,False,0.5800,0.4200,False,BUY,BUY,EXECUTION_READY,VALID_SIGNAL,MEDIUM,False,
2026-05-18T00:12:52.094326+00:00,London,RANGING,20.00,0.1429,0.001263,0.560666,0.5643,0.650000,0.4357,0.599590,0.089334,0.026800,-0.0100,0.0000,0.532790,0.532790,0.072790,0.0100,False,0.5800,0.4200,False,HOLD,BUY,THRESHOLD_CHECK,BELOW_THRESHOLD,LOW,False,HOLD: Final 0.5328 between BUY>0.5800 and SELL<0.4200
2026-05-18T00:12:52.098287+00:00,London,RANGING,20.00,0.1429,0.001263,0.560666,0.5643,0.650000,0.4357,0.599590,0.089334,0.026800,-0.0100,0.0000,0.562790,0.562790,0.072790,0.0100,False,0.5800,0.4200,False,HOLD,BUY,THRESHOLD_CHECK,BELOW_THRESHOLD,LOW,False,HOLD: Final 0.5628 between BUY>0.5800 and SELL<0.4200
2026-05-18T00:12:52.106762+00:00,London,RANGING,20.00,0.1429,0.001263,0.655332,0.5643,0.650000,0.4357,0.653009,0.005332,0.001600,-0.0100,0.0000,0.611409,0.611409,0.151409,0.0100,False,0.5800,0.4200,False,BUY,BUY,EXECUTION_READY,VALID_SIGNAL,MEDIUM,False,
2026-05-18T00:12:52.110748+00:00,London,RANGING,20.00,0.1429,0.001263,0.655332,0.5643,0.650000,0.4357,0.653009,0.005332,0.001600,-0.0100,0.0000,0.641409,0.641409,0.151409,0.0100,False,0.5800,0.4200,False,BUY,BUY,EXECUTION_READY,VALID_SIGNAL,MEDIUM,False,
2026-05-18T00:12:52.113495+00:00,London,RANGING,20.00,0.1429,0.001263,0.748887,0.5643,0.650000,0.4357,0.705801,0.098887,0.029666,-0.0100,0.0000,0.636135,0.636135,0.176135,0.0100,False,0.5800,0.4200,False,BUY,BUY,EXECUTION_READY,VALID_SIGNAL,MEDIUM,False,
2026-05-18T00:12:52.120306+00:00,London,RANGING,20.00,0.1429,0.001263,0.748887,0.5643,0.650000,0.4357,0.705801,0.098887,0.029666,-0.0100,0.0000,0.666135,0.666135,0.176135,0.0100,False,0.5800,0.4200,False,BUY,BUY,EXECUTION_READY,VALID_SIGNAL,HIGH,False,
2026-05-18T00:12:52.125714+00:00,London,RANGING,20.00,0.1429,0.001263,0.717684,0.5643,0.650000,0.4357,0.688193,0.067684,0.020305,-0.0100,0.0000,0.627888,0.627888,0.167888,0.0100,False,0.5800,0.4200,False,BUY,BUY,EXECUTION_READY,VALID_SIGNAL,MEDIUM,False,
2026-05-18T00:12:52.127709+00:00,London,RANGING,20.00,0.1429,0.001263,0.717684,0.5643,0.650000,0.4357,0.688193,0.067684,0.020305,-0.0100,0.0000,0.657888,0.657888,0.167888,0.0100,False,0.5800,0.4200,False,BUY,BUY,EXECUTION_READY,VALID_SIGNAL,HIGH,False,
2026-05-18T00:12:52.129498+00:00,London,RANGING,20.00,0.1429,0.001263,0.611341,0.5643,0.650000,0.4357,0.628185,0.038659,0.011598,-0.0100,0.0000,0.576587,0.576587,0.116587,0.0100,False,0.5800,0.4200,False,HOLD,BUY,THRESHOLD_CHECK,BELOW_THRESHOLD,LOW,False,HOLD: Final 0.5766 between BUY>0.5800 and SELL<0.4200
2026-05-18T00:12:52.136186+00:00,London,RANGING,20.00,0.1429,0.001263,0.611341,0.5643,0.650000,0.4357,0.628185,0.038659,0.011598,-0.0100,0.0000,0.606587,0.606587,0.116587,0.0100,False,0.5800,0.4200,False,BUY,BUY,EXECUTION_READY,VALID_SIGNAL,MEDIUM,False,
2026-05-18T00:12:52.139425+00:00,London,RANGING,20.00,0.1429,0.001263,0.577374,0.5643,0.650000,0.4357,0.609018,0.072626,0.021788,-0.0100,0.0000,0.547230,0.547230,0.087230,0.0100,False,0.5800,0.4200,False,HOLD,BUY,THRESHOLD_CHECK,BELOW_THRESHOLD,LOW,False,HOLD: Final 0.5472 between BUY>0.5800 and SELL<0.4200
2026-05-18T00:12:52.141418+00:00,London,RANGING,20.00,0.1429,0.001263,0.577374,0.5643,0.650000,0.4357,0.609018,0.072626,0.021788,-0.0100,0.0000,0.577230,0.577230,0.087230,0.0100,False,0.5800,0.4200,False,HOLD,BUY,THRESHOLD_CHECK,BELOW_THRESHOLD,LOW,False,HOLD: Final 0.5772 between BUY>0.5800 and SELL<0.4200
2026-05-18T00:12:52.143445+00:00,London,RANGING,20.00,0.1429,0.001263,0.669729,0.5643,0.650000,0.4357,0.661133,0.019729,0.005919,-0.0100,0.0000,0.615214,0.615214,0.155214,0.0100,False,0.5800,0.4200,False,BUY,BUY,EXECUTION_READY,VALID_SIGNAL,MEDIUM,False,
2026-05-18T00:12:52.146774+00:00,London,RANGING,20.00,0.1429,0.001263,0.669729,0.5643,0.650000,0.4357,0.661133,0.019729,0.005919,-0.0100,0.0000,0.645214,0.645214,0.155214,0.0100,False,0.5800,0.4200,False,BUY,BUY,EXECUTION_READY,VALID_SIGNAL,MEDIUM,False,
2026-05-18T00:12:52.148994+00:00,London,RANGING,20.00,0.1429,0.001263,0.682448,0.5643,0.650000,0.4357,0.668310,0.032448,0.009734,-0.0100,0.0000,0.618576,0.618576,0.158576,0.0100,False,0.5800,0.4200,False,BUY,BUY,EXECUTION_READY,VALID_SIGNAL,MEDIUM,False,
2026-05-18T00:12:52.152358+00:00,London,RANGING,20.00,0.1429,0.001263,0.682448,0.5643,0.650000,0.4357,0.668310,0.032448,0.009734,-0.0100,0.0000,0.648576,0.648576,0.158576,0.0100,False,0.5800,0.4200,False,BUY,BUY,EXECUTION_READY,VALID_SIGNAL,MEDIUM,False,
2026-05-18T00:12:52.156130+00:00,London,RANGING,20.00,0.1429,0.001263,0.692876,0.5643,0.650000,0.4357,0.674195,0.042876,0.012863,-0.0100,0.0000,0.621332,0.621332,0.161332,0.0100,False,0.5800,0.4200,False,BUY,BUY,EXECUTION_READY,VALID_SIGNAL,MEDIUM,False,
2026-05-18T00:12:52.158059+00:00,London,RANGING,20.00,0.1429,0.001263,0.692876,0.5643,0.650000,0.4357,0.674195,0.042876,0.012863,-0.0100,0.0000,0.651332,0.651332,0.161332,0.0100,False,0.5800,0.4200,False,BUY,BUY,EXECUTION_READY,VALID_SIGNAL,HIGH,False,
2026-05-18T00:12:52.160269+00:00,London,RANGING,20.00,0.1429,0.001263,0.633219,0.5643,0.650000,0.4357,0.640531,0.016781,0.005034,-0.0100,0.0000,0.595497,0.595497,0.135497,0.0100,False,0.5800,0.4200,False,BUY,BUY,EXECUTION_READY,VALID_SIGNAL,MEDIUM,False,
2026-05-18T00:12:52.163204+00:00,London,RANGING,20.00,0.1429,0.001263,0.633219,0.5643,0.650000,0.4357,0.640531,0.016781,0.005034,-0.0100,0.0000,0.625497,0.625497,0.135497,0.0100,False,0.5800,0.4200,False,BUY,BUY,EXECUTION_READY,VALID_SIGNAL,MEDIUM,False,
2026-05-18T00:12:52.164799+00:00,London,RANGING,20.00,0.1429,0.001263,0.578554,0.5643,0.650000,0.4357,0.609684,0.071446,0.021434,-0.0100,0.0000,0.548250,0.548250,0.088250,0.0100,False,0.5800,0.4200,False,HOLD,BUY,THRESHOLD_CHECK,BELOW_THRESHOLD,LOW,False,HOLD: Final 0.5483 between BUY>0.5800 and SELL<0.4200
2026-05-18T00:12:52.168435+00:00,London,RANGING,20.00,0.1429,0.001263,0.578554,0.5643,0.650000,0.4357,0.609684,0.071446,0.021434,-0.0100,0.0000,0.578250,0.578250,0.088250,0.0100,False,0.5800,0.4200,False,HOLD,BUY,THRESHOLD_CHECK,BELOW_THRESHOLD,LOW,False,HOLD: Final 0.5783 between BUY>0.5800 and SELL<0.4200
2026-05-18T00:12:52.172746+00:00,London,RANGING,20.00,0.1429,0.001263,0.540426,0.5643,0.650000,0.4357,0.588169,0.109574,0.032872,-0.0100,0.0000,0.515297,0.515297,0.055297,0.0100,False,0.5800,0.4200,False,HOLD,BUY,THRESHOLD_CHECK,BELOW_THRESHOLD,LOW,False,HOLD: Final 0.5153 between BUY>0.5800 and SELL<0.4200
2026-05-18T00:12:52.174728+00:00,London,RANGING,20.00,0.1429,0.001263,0.540426,0.5643,0.650000,0.4357,0.588169,0.109574,0.032872,-0.0100,0.0000,0.545297,0.545297,0.055297,0.0100,False,0.5800,0.4200,False,HOLD,BUY,THRESHOLD_CHECK,BELOW_THRESHOLD,LOW,False,HOLD: Final 0.5453 between BUY>0.5800 and SELL<0.4200
2026-05-18T00:12:52.176042+00:00,London,RANGING,20.00,0.1429,0.001263,0.631590,0.5643,0.650000,0.4357,0.639611,0.018410,0.005523,-0.0100,0.0000,0.594088,0.594088,0.134088,0.0100,False,0.5800,0.4200,False,BUY,BUY,EXECUTION_READY,VALID_SIGNAL,MEDIUM,False,
2026-05-18T00:12:52.180755+00:00,London,RANGING,20.00,0.1429,0.001263,0.631590,0.5643,0.650000,0.4357,0.639611,0.018410,0.005523,-0.0100,0.0000,0.624088,0.624088,0.134088,0.0100,False,0.5800,0.4200,False,BUY,BUY,EXECUTION_READY,VALID_SIGNAL,MEDIUM,False,
2026-05-18T00:12:52.181967+00:00,London,RANGING,20.00,0.1429,0.001263,0.627354,0.5643,0.650000,0.4357,0.637221,0.022646,0.006794,-0.0100,0.0000,0.590428,0.590428,0.130428,0.0100,False,0.5800,0.4200,False,BUY,BUY,EXECUTION_READY,VALID_SIGNAL,MEDIUM,False,
2026-05-18T00:12:52.185798+00:00,London,RANGING,20.00,0.1429,0.001263,0.627354,0.5643,0.650000,0.4357,0.637221,0.022646,0.006794,-0.0100,0.0000,0.620428,0.620428,0.130428,0.0100,False,0.5800,0.4200,False,BUY,BUY,EXECUTION_READY,VALID_SIGNAL,MEDIUM,False,
2026-05-18T00:12:52.189655+00:00,London,RANGING,20.00,0.1429,0.001263,0.504034,0.5643,0.650000,0.4357,0.567633,0.145966,0.043790,-0.0100,0.0000,0.483844,0.483844,0.023844,0.0100,False,0.5800,0.4200,False,HOLD,BUY,THRESHOLD_CHECK,BELOW_THRESHOLD,LOW,False,HOLD: Final 0.4838 between BUY>0.5800 and SELL<0.4200
2026-05-18T00:12:52.191506+00:00,London,RANGING,20.00,0.1429,0.001263,0.504034,0.5643,0.650000,0.4357,0.567633,0.145966,0.043790,-0.0100,0.0000,0.513844,0.513844,0.023844,0.0100,False,0.5800,0.4200,False,HOLD,BUY,THRESHOLD_CHECK,BELOW_THRESHOLD,LOW,False,HOLD: Final 0.5138 between BUY>0.5800 and SELL<0.4200
2026-05-18T00:12:52.193076+00:00,London,RANGING,20.00,0.1429,0.001263,0.610133,0.5643,0.650000,0.4357,0.627503,0.039867,0.011960,-0.0100,0.0000,0.575543,0.575543,0.115543,0.0100,False,0.5800,0.4200,False,HOLD,BUY,THRESHOLD_CHECK,BELOW_THRESHOLD,LOW,False,HOLD: Final 0.5755 between BUY>0.5800 and SELL<0.4200
2026-05-18T00:12:52.197128+00:00,London,RANGING,20.00,0.1429,0.001263,0.610133,0.5643,0.650000,0.4357,0.627503,0.039867,0.011960,-0.0100,0.0000,0.605543,0.605543,0.115543,0.0100,False,0.5800,0.4200,False,BUY,BUY,EXECUTION_READY,VALID_SIGNAL,MEDIUM,False,
2026-05-18T00:12:52.198522+00:00,London,RANGING,20.00,0.1429,0.001263,0.682110,0.5643,0.650000,0.4357,0.668119,0.032110,0.009633,-0.0100,0.0000,0.618486,0.618486,0.158486,0.0100,False,0.5800,0.4200,False,BUY,BUY,EXECUTION_READY,VALID_SIGNAL,MEDIUM,False,
2026-05-18T00:12:52.201855+00:00,London,RANGING,20.00,0.1429,0.001263,0.682110,0.5643,0.650000,0.4357,0.668119,0.032110,0.009633,-0.0100,0.0000,0.648486,0.648486,0.158486,0.0100,False,0.5800,0.4200,False,BUY,BUY,EXECUTION_READY,VALID_SIGNAL,MEDIUM,False,
2026-05-18T00:12:52.206072+00:00,London,RANGING,20.00,0.1429,0.001263,0.736672,0.5643,0.650000,0.4357,0.698908,0.086672,0.026002,-0.0100,0.0000,0.632906,0.632906,0.172906,0.0100,False,0.5800,0.4200,False,BUY,BUY,EXECUTION_READY,VALID_SIGNAL,MEDIUM,False,
2026-05-18T00:12:52.208066+00:00,London,RANGING,20.00,0.1429,0.001263,0.736672,0.5643,0.650000,0.4357,0.698908,0.086672,0.026002,-0.0100,0.0000,0.662906,0.662906,0.172906,0.0100,False,0.5800,0.4200,False,BUY,BUY,EXECUTION_READY,VALID_SIGNAL,HIGH,False,
2026-05-18T00:12:52.210092+00:00,London,RANGING,20.00,0.1429,0.001263,0.677062,0.5643,0.650000,0.4357,0.665270,0.027062,0.008118,-0.0100,0.0000,0.617152,0.617152,0.157152,0.0100,False,0.5800,0.4200,False,BUY,BUY,EXECUTION_READY,VALID_SIGNAL,MEDIUM,False,
2026-05-18T00:12:52.212792+00:00,London,RANGING,20.00,0.1429,0.001263,0.677062,0.5643,0.650000,0.4357,0.665270,0.027062,0.008118,-0.0100,0.0000,0.647152,0.647152,0.157152,0.0100,False,0.5800,0.4200,False,BUY,BUY,EXECUTION_READY,VALID_SIGNAL,MEDIUM,False,
2026-05-18T00:12:52.215129+00:00,London,RANGING,20.00,0.1429,0.001263,0.589674,0.5643,0.650000,0.4357,0.615959,0.060326,0.018098,-0.0100,0.0000,0.557861,0.557861,0.097861,0.0100,False,0.5800,0.4200,False,HOLD,BUY,THRESHOLD_CHECK,BELOW_THRESHOLD,LOW,False,HOLD: Final 0.5579 between BUY>0.5800 and SELL<0.4200
2026-05-18T00:12:52.219616+00:00,London,RANGING,20.00,0.1429,0.001263,0.589674,0.5643,0.650000,0.4357,0.615959,0.060326,0.018098,-0.0100,0.0000,0.587861,0.587861,0.097861,0.0100,False,0.5800,0.4200,False,BUY,BUY,EXECUTION_READY,VALID_SIGNAL,MEDIUM,False,
2026-05-18T00:12:52.223853+00:00,London,RANGING,20.00,0.1429,0.001263,0.506767,0.5643,0.650000,0.4357,0.569176,0.143233,0.042970,-0.0100,0.0000,0.486206,0.486206,0.026206,0.0100,False,0.5800,0.4200,False,HOLD,BUY,THRESHOLD_CHECK,BELOW_THRESHOLD,LOW,False,HOLD: Final 0.4862 between BUY>0.5800 and SELL<0.4200
2026-05-18T00:12:52.225886+00:00,London,RANGING,20.00,0.1429,0.001263,0.506767,0.5643,0.650000,0.4357,0.569176,0.143233,0.042970,-0.0100,0.0000,0.516206,0.516206,0.026206,0.0100,False,0.5800,0.4200,False,HOLD,BUY,THRESHOLD_CHECK,BELOW_THRESHOLD,LOW,False,HOLD: Final 0.5162 between BUY>0.5800 and SELL<0.4200
2026-05-18T00:12:52.227439+00:00,London,RANGING,20.00,0.1429,0.001263,0.637147,0.5643,0.650000,0.4357,0.642747,0.012853,0.003856,-0.0100,0.0000,0.598891,0.598891,0.138891,0.0100,False,0.5800,0.4200,False,BUY,BUY,EXECUTION_READY,VALID_SIGNAL,MEDIUM,False,
2026-05-18T00:12:52.231517+00:00,London,RANGING,20.00,0.1429,0.001263,0.637147,0.5643,0.650000,0.4357,0.642747,0.012853,0.003856,-0.0100,0.0000,0.628891,0.628891,0.138891,0.0100,False,0.5800,0.4200,False,BUY,BUY,EXECUTION_READY,VALID_SIGNAL,MEDIUM,False,
2026-05-18T00:12:52.232707+00:00,London,RANGING,20.00,0.1429,0.001263,0.690289,0.5643,0.650000,0.4357,0.672734,0.040289,0.012087,-0.0100,0.0000,0.620648,0.620648,0.160648,0.0100,False,0.5800,0.4200,False,BUY,BUY,EXECUTION_READY,VALID_SIGNAL,MEDIUM,False,
2026-05-18T00:12:52.237678+00:00,London,RANGING,20.00,0.1429,0.001263,0.690289,0.5643,0.650000,0.4357,0.672734,0.040289,0.012087,-0.0100,0.0000,0.650648,0.650648,0.160648,0.0100,False,0.5800,0.4200,False,BUY,BUY,EXECUTION_READY,VALID_SIGNAL,HIGH,False,
2026-05-18T00:12:52.241989+00:00,London,RANGING,20.00,0.1429,0.001263,0.677245,0.5643,0.650000,0.4357,0.665374,0.027245,0.008173,-0.0100,0.0000,0.617200,0.617200,0.157200,0.0100,False,0.5800,0.4200,False,BUY,BUY,EXECUTION_READY,VALID_SIGNAL,MEDIUM,False,
2026-05-18T00:12:52.242988+00:00,London,RANGING,20.00,0.1429,0.001263,0.677245,0.5643,0.650000,0.4357,0.665374,0.027245,0.008173,-0.0100,0.0000,0.647200,0.647200,0.157200,0.0100,False,0.5800,0.4200,False,BUY,BUY,EXECUTION_READY,VALID_SIGNAL,MEDIUM,False,
2026-05-18T00:12:52.245171+00:00,London,RANGING,20.00,0.1429,0.001263,0.719112,0.5643,0.650000,0.4357,0.688999,0.069112,0.020734,-0.0100,0.0000,0.628265,0.628265,0.168265,0.0100,False,0.5800,0.4200,False,BUY,BUY,EXECUTION_READY,VALID_SIGNAL,MEDIUM,False,
2026-05-18T00:12:52.248089+00:00,London,RANGING,20.00,0.1429,0.001263,0.719112,0.5643,0.650000,0.4357,0.688999,0.069112,0.020734,-0.0100,0.0000,0.658265,0.658265,0.168265,0.0100,False,0.5800,0.4200,False,BUY,BUY,EXECUTION_READY,VALID_SIGNAL,HIGH,False,
2026-05-18T00:12:52.250327+00:00,London,RANGING,20.00,0.1429,0.001263,0.724686,0.5643,0.650000,0.4357,0.692144,0.074686,0.022406,-0.0100,0.0000,0.629739,0.629739,0.169739,0.0100,False,0.5800,0.4200,False,BUY,BUY,EXECUTION_READY,VALID_SIGNAL,MEDIUM,False,
2026-05-18T00:12:52.253075+00:00,London,RANGING,20.00,0.1429,0.001263,0.724686,0.5643,0.650000,0.4357,0.692144,0.074686,0.022406,-0.0100,0.0000,0.659739,0.659739,0.169739,0.0100,False,0.5800,0.4200,False,BUY,BUY,EXECUTION_READY,VALID_SIGNAL,HIGH,False,
2026-05-18T00:12:52.258093+00:00,London,RANGING,20.00,0.1429,0.001263,0.553272,0.5643,0.650000,0.4357,0.595418,0.096728,0.029018,-0.0100,0.0000,0.526399,0.526399,0.066399,0.0100,False,0.5800,0.4200,False,HOLD,BUY,THRESHOLD_CHECK,BELOW_THRESHOLD,LOW,False,HOLD: Final 0.5264 between BUY>0.5800 and SELL<0.4200
2026-05-18T00:12:52.260226+00:00,London,RANGING,20.00,0.1429,0.001263,0.553272,0.5643,0.650000,0.4357,0.595418,0.096728,0.029018,-0.0100,0.0000,0.556399,0.556399,0.066399,0.0100,False,0.5800,0.4200,False,HOLD,BUY,THRESHOLD_CHECK,BELOW_THRESHOLD,LOW,False,HOLD: Final 0.5564 between BUY>0.5800 and SELL<0.4200
2026-05-18T00:12:52.261432+00:00,London,RANGING,20.00,0.1429,0.001263,0.580567,0.5643,0.650000,0.4357,0.610820,0.069433,0.020830,-0.0100,0.0000,0.549990,0.549990,0.089990,0.0100,False,0.5800,0.4200,False,HOLD,BUY,THRESHOLD_CHECK,BELOW_THRESHOLD,LOW,False,HOLD: Final 0.5500 between BUY>0.5800 and SELL<0.4200
2026-05-18T00:12:52.265576+00:00,London,RANGING,20.00,0.1429,0.001263,0.580567,0.5643,0.650000,0.4357,0.610820,0.069433,0.020830,-0.0100,0.0000,0.579990,0.579990,0.089990,0.0100,False,0.5800,0.4200,False,HOLD,BUY,THRESHOLD_CHECK,BELOW_THRESHOLD,LOW,False,HOLD: Final 0.5800 between BUY>0.5800 and SELL<0.4200
2026-05-18T00:12:52.266905+00:00,London,RANGING,20.00,0.1429,0.001263,0.657715,0.5643,0.650000,0.4357,0.654353,0.007715,0.002314,-0.0100,0.0000,0.612039,0.612039,0.152039,0.0100,False,0.5800,0.4200,False,BUY,BUY,EXECUTION_READY,VALID_SIGNAL,MEDIUM,False,
2026-05-18T00:12:52.270133+00:00,London,RANGING,20.00,0.1429,0.001263,0.657715,0.5643,0.650000,0.4357,0.654353,0.007715,0.002314,-0.0100,0.0000,0.642039,0.642039,0.152039,0.0100,False,0.5800,0.4200,False,BUY,BUY,EXECUTION_READY,VALID_SIGNAL,MEDIUM,False,
2026-05-18T00:12:52.275941+00:00,London,RANGING,20.00,0.1429,0.001263,0.611411,0.5643,0.650000,0.4357,0.628225,0.038589,0.011577,-0.0100,0.0000,0.576648,0.576648,0.116648,0.0100,False,0.5800,0.4200,False,HOLD,BUY,THRESHOLD_CHECK,BELOW_THRESHOLD,LOW,False,HOLD: Final 0.5766 between BUY>0.5800 and SELL<0.4200
2026-05-18T00:12:52.277393+00:00,London,RANGING,20.00,0.1429,0.001263,0.611411,0.5643,0.650000,0.4357,0.628225,0.038589,0.011577,-0.0100,0.0000,0.606648,0.606648,0.116648,0.0100,False,0.5800,0.4200,False,BUY,BUY,EXECUTION_READY,VALID_SIGNAL,MEDIUM,False,
2026-05-18T00:12:52.278759+00:00,London,RANGING,20.00,0.1429,0.001263,0.661207,0.5643,0.650000,0.4357,0.656324,0.011207,0.003362,-0.0100,0.0000,0.612962,0.612962,0.152962,0.0100,False,0.5800,0.4200,False,BUY,BUY,EXECUTION_READY,VALID_SIGNAL,MEDIUM,False,
2026-05-18T00:12:52.282535+00:00,London,RANGING,20.00,0.1429,0.001263,0.661207,0.5643,0.650000,0.4357,0.656324,0.011207,0.003362,-0.0100,0.0000,0.642962,0.642962,0.152962,0.0100,False,0.5800,0.4200,False,BUY,BUY,EXECUTION_READY,VALID_SIGNAL,MEDIUM,False,
2026-05-18T00:12:52.285701+00:00,London,RANGING,20.00,0.1429,0.001263,0.607368,0.5643,0.650000,0.4357,0.625943,0.042632,0.012790,-0.0100,0.0000,0.573154,0.573154,0.113154,0.0100,False,0.5800,0.4200,False,HOLD,BUY,THRESHOLD_CHECK,BELOW_THRESHOLD,LOW,False,HOLD: Final 0.5732 between BUY>0.5800 and SELL<0.4200
2026-05-18T00:12:52.287855+00:00,London,RANGING,20.00,0.1429,0.001263,0.607368,0.5643,0.650000,0.4357,0.625943,0.042632,0.012790,-0.0100,0.0000,0.603154,0.603154,0.113154,0.0100,False,0.5800,0.4200,False,BUY,BUY,EXECUTION_READY,VALID_SIGNAL,MEDIUM,False,
2026-05-18T00:12:52.291994+00:00,London,RANGING,20.00,0.1429,0.001263,0.733541,0.5643,0.650000,0.4357,0.697141,0.083541,0.025062,-0.0100,0.0000,0.632079,0.632079,0.172079,0.0100,False,0.5800,0.4200,False,BUY,BUY,EXECUTION_READY,VALID_SIGNAL,MEDIUM,False,
2026-05-18T00:12:52.294021+00:00,London,RANGING,20.00,0.1429,0.001263,0.733541,0.5643,0.650000,0.4357,0.697141,0.083541,0.025062,-0.0100,0.0000,0.662079,0.662079,0.172079,0.0100,False,0.5800,0.4200,False,BUY,BUY,EXECUTION_READY,VALID_SIGNAL,HIGH,False,
2026-05-18T00:12:52.295735+00:00,London,RANGING,20.00,0.1429,0.001263,0.571628,0.5643,0.650000,0.4357,0.605776,0.078372,0.023512,-0.0100,0.0000,0.542264,0.542264,0.082264,0.0100,False,0.5800,0.4200,False,HOLD,BUY,THRESHOLD_CHECK,BELOW_THRESHOLD,LOW,False,HOLD: Final 0.5423 between BUY>0.5800 and SELL<0.4200
2026-05-18T00:12:52.300047+00:00,London,RANGING,20.00,0.1429,0.001263,0.571628,0.5643,0.650000,0.4357,0.605776,0.078372,0.023512,-0.0100,0.0000,0.572264,0.572264,0.082264,0.0100,False,0.5800,0.4200,False,HOLD,BUY,THRESHOLD_CHECK,BELOW_THRESHOLD,LOW,False,HOLD: Final 0.5723 between BUY>0.5800 and SELL<0.4200
2026-05-18T00:12:52.302074+00:00,London,RANGING,20.00,0.1429,0.001263,0.707803,0.5643,0.650000,0.4357,0.682617,0.057803,0.017341,-0.0100,0.0000,0.625276,0.625276,0.165276,0.0100,False,0.5800,0.4200,False,BUY,BUY,EXECUTION_READY,VALID_SIGNAL,MEDIUM,False,
2026-05-18T00:12:52.306631+00:00,London,RANGING,20.00,0.1429,0.001263,0.707803,0.5643,0.650000,0.4357,0.682617,0.057803,0.017341,-0.0100,0.0000,0.655276,0.655276,0.165276,0.0100,False,0.5800,0.4200,False,BUY,BUY,EXECUTION_READY,VALID_SIGNAL,HIGH,False,
2026-05-18T00:12:52.310942+00:00,London,RANGING,20.00,0.1429,0.001263,0.621262,0.5643,0.650000,0.4357,0.633784,0.028738,0.008621,-0.0100,0.0000,0.585162,0.585162,0.125162,0.0100,False,0.5800,0.4200,False,BUY,BUY,EXECUTION_READY,VALID_SIGNAL,MEDIUM,False,
2026-05-18T00:12:52.314872+00:00,London,RANGING,20.00,0.1429,0.001263,0.621262,0.5643,0.650000,0.4357,0.633784,0.028738,0.008621,-0.0100,0.0000,0.615162,0.615162,0.125162,0.0100,False,0.5800,0.4200,False,BUY,BUY,EXECUTION_READY,VALID_SIGNAL,MEDIUM,False,
2026-05-18T00:12:52.322009+00:00,London,RANGING,20.00,0.1429,0.001263,0.647163,0.5643,0.650000,0.4357,0.648399,0.002837,0.000851,-0.0100,0.0000,0.607548,0.607548,0.147548,0.0100,False,0.5800,0.4200,False,BUY,BUY,EXECUTION_READY,VALID_SIGNAL,MEDIUM,False,
2026-05-18T00:12:52.325144+00:00,London,RANGING,20.00,0.1429,0.001263,0.647163,0.5643,0.650000,0.4357,0.648399,0.002837,0.000851,-0.0100,0.0000,0.637548,0.637548,0.147548,0.0100,False,0.5800,0.4200,False,BUY,BUY,EXECUTION_READY,VALID_SIGNAL,MEDIUM,False,
2026-05-18T00:12:52.329671+00:00,London,RANGING,20.00,0.1429,0.001263,0.669218,0.5643,0.650000,0.4357,0.660844,0.019218,0.005765,-0.0100,0.0000,0.615079,0.615079,0.155079,0.0100,False,0.5800,0.4200,False,BUY,BUY,EXECUTION_READY,VALID_SIGNAL,MEDIUM,False,
2026-05-18T00:12:52.333316+00:00,London,RANGING,20.00,0.1429,0.001263,0.669218,0.5643,0.650000,0.4357,0.660844,0.019218,0.005765,-0.0100,0.0000,0.645079,0.645079,0.155079,0.0100,False,0.5800,0.4200,False,BUY,BUY,EXECUTION_READY,VALID_SIGNAL,MEDIUM,False,
2026-05-18T00:12:52.339812+00:00,London,RANGING,20.00,0.1429,0.001263,0.556573,0.5643,0.650000,0.4357,0.597281,0.093427,0.028028,-0.0100,0.0000,0.529253,0.529253,0.069253,0.0100,False,0.5800,0.4200,False,HOLD,BUY,THRESHOLD_CHECK,BELOW_THRESHOLD,LOW,False,HOLD: Final 0.5293 between BUY>0.5800 and SELL<0.4200
2026-05-18T00:12:52.342535+00:00,London,RANGING,20.00,0.1429,0.001263,0.556573,0.5643,0.650000,0.4357,0.597281,0.093427,0.028028,-0.0100,0.0000,0.559253,0.559253,0.069253,0.0100,False,0.5800,0.4200,False,HOLD,BUY,THRESHOLD_CHECK,BELOW_THRESHOLD,LOW,False,HOLD: Final 0.5593 between BUY>0.5800 and SELL<0.4200
2026-05-18T00:12:52.345736+00:00,London,RANGING,20.00,0.1429,0.001263,0.500000,0.5643,0.650000,0.4357,0.565357,0.150000,0.045000,-0.0100,0.0000,0.480357,0.480357,0.020357,0.0100,False,0.5800,0.4200,False,HOLD,BUY,THRESHOLD_CHECK,BELOW_THRESHOLD,LOW,False,HOLD: Final 0.4804 between BUY>0.5800 and SELL<0.4200
2026-05-18T00:12:52.353415+00:00,London,RANGING,20.00,0.1429,0.001263,0.500000,0.5643,0.650000,0.4357,0.565357,0.150000,0.045000,-0.0100,0.0000,0.510357,0.510357,0.020357,0.0100,False,0.5800,0.4200,False,HOLD,BUY,THRESHOLD_CHECK,BELOW_THRESHOLD,LOW,False,HOLD: Final 0.5104 between BUY>0.5800 and SELL<0.4200
2026-05-18T00:12:52.359956+00:00,London,RANGING,20.00,0.1429,0.001263,0.741351,0.5643,0.650000,0.4357,0.701548,0.091351,0.027405,-0.0100,0.0000,0.634143,0.634143,0.174143,0.0100,False,0.5800,0.4200,False,BUY,BUY,EXECUTION_READY,VALID_SIGNAL,MEDIUM,False,
2026-05-18T00:12:52.362980+00:00,London,RANGING,20.00,0.1429,0.001263,0.741351,0.5643,0.650000,0.4357,0.701548,0.091351,0.027405,-0.0100,0.0000,0.664143,0.664143,0.174143,0.0100,False,0.5800,0.4200,False,BUY,BUY,EXECUTION_READY,VALID_SIGNAL,HIGH,False,
2026-05-18T00:12:52.760936+00:00,London,RANGING,15.00,0.0000,0.001000,0.650000,0.5500,0.650000,0.4500,0.650000,0.000000,0.000000,-0.0100,0.0000,0.625000,0.625000,0.150000,0.0100,False,0.5800,0.4200,False,BUY,BUY,EXECUTION_READY,VALID_SIGNAL,MEDIUM,False,
2026-05-18T00:12:52.771659+00:00,London,RANGING,15.00,0.0000,0.001000,0.650000,0.5500,0.650000,0.4500,0.650000,0.000000,0.000000,-0.0100,0.0000,0.625000,0.625000,0.150000,0.0100,False,0.5800,0.4200,False,BUY,BUY,EXECUTION_READY,VALID_SIGNAL,MEDIUM,False,
2026-05-18T00:12:52.778221+00:00,London,TRENDING,50.00,1.0000,0.001000,0.650000,0.6500,0.650000,0.3500,0.650000,0.000000,0.000000,0.0200,0.0000,0.670000,0.670000,0.150000,0.0100,False,0.5600,0.4400,False,BUY,BUY,EXECUTION_READY,VALID_SIGNAL,HIGH,False,
2026-05-18T00:12:52.781192+00:00,London,RANGING,15.00,0.0000,0.001000,0.650000,0.5500,0.650000,0.4500,0.650000,0.000000,0.000000,-0.0100,0.0000,0.625000,0.625000,0.150000,0.0100,False,0.5800,0.4200,False,BUY,BUY,EXECUTION_READY,VALID_SIGNAL,MEDIUM,False,
2026-05-18T00:12:52.792113+00:00,London,TRENDING,41.83,0.7665,0.001000,0.650000,0.6267,0.650000,0.3733,0.650000,0.000000,0.000000,0.0200,0.0000,0.670000,0.670000,0.150000,0.0100,False,0.5600,0.4400,False,BUY,BUY,EXECUTION_READY,VALID_SIGNAL,HIGH,False,
2026-05-18T00:12:52.794547+00:00,London,TRANSITIONING,32.50,0.5000,0.001000,0.650000,0.6000,0.650000,0.4000,0.650000,0.000000,0.000000,0.0200,0.0000,0.670000,0.670000,0.150000,0.0100,False,0.5600,0.4400,False,BUY,BUY,EXECUTION_READY,VALID_SIGNAL,HIGH,False,
2026-05-18T00:12:52.806208+00:00,London,RANGING,15.00,0.0000,0.001000,0.650000,0.5500,0.650000,0.4500,0.650000,0.000000,0.000000,-0.0100,0.0000,0.625000,0.625000,0.150000,0.0100,False,0.5800,0.4200,False,BUY,BUY,EXECUTION_READY,VALID_SIGNAL,MEDIUM,False,
2026-05-18T00:12:52.811368+00:00,London,RANGING,15.00,0.0000,0.001000,0.650000,0.5500,0.650000,0.4500,0.650000,0.000000,0.000000,-0.0100,0.0000,0.625000,0.625000,0.150000,0.0100,False,0.5800,0.4200,False,BUY,BUY,EXECUTION_READY,VALID_SIGNAL,MEDIUM,False,
2026-05-18T00:12:52.815171+00:00,London,RANGING,15.00,0.0000,0.001000,0.650000,0.5500,0.650000,0.4500,0.650000,0.000000,0.000000,-0.0100,0.0000,0.625000,0.625000,0.150000,0.0100,False,0.5800,0.4200,False,BUY,BUY,EXECUTION_READY,VALID_SIGNAL,MEDIUM,False,
2026-05-18T00:12:52.825895+00:00,London,TRENDING,38.77,0.6793,0.001000,0.650000,0.6179,0.650000,0.3821,0.650000,0.000000,0.000000,0.0200,0.0000,0.670000,0.670000,0.150000,0.0100,False,0.5600,0.4400,False,BUY,BUY,EXECUTION_READY,VALID_SIGNAL,HIGH,False,
2026-05-18T00:12:52.828175+00:00,London,RANGING,15.00,0.0000,0.001000,0.650000,0.5500,0.650000,0.4500,0.650000,0.000000,0.000000,-0.0100,0.0000,0.625000,0.625000,0.150000,0.0100,False,0.5800,0.4200,False,BUY,BUY,EXECUTION_READY,VALID_SIGNAL,MEDIUM,False,
2026-05-18T00:12:52.833550+00:00,London,TRANSITIONING,30.85,0.4527,0.001000,0.650000,0.5953,0.650000,0.4047,0.650000,0.000000,0.000000,0.0100,0.0000,0.660000,0.660000,0.150000,0.0100,False,0.5600,0.4400,False,BUY,BUY,EXECUTION_READY,VALID_SIGNAL,HIGH,False,
2026-05-18T00:12:52.839535+00:00,London,TRANSITIONING,26.67,0.3333,0.001000,0.650000,0.5833,0.650000,0.4167,0.650000,0.000000,0.000000,0.0100,0.0000,0.660000,0.660000,0.150000,0.0100,False,0.5700,0.4300,False,BUY,BUY,EXECUTION_READY,VALID_SIGNAL,HIGH,False,
2026-05-18T00:12:52.843182+00:00,London,RANGING,15.00,0.0001,0.001000,0.650000,0.5500,0.650000,0.4500,0.650000,0.000000,0.000000,-0.0100,0.0000,0.625006,0.625006,0.150000,0.0100,False,0.5800,0.4200,False,BUY,BUY,EXECUTION_READY,VALID_SIGNAL,MEDIUM,False,
2026-05-18T00:12:52.845067+00:00,London,RANGING,15.00,0.0000,0.001000,0.650000,0.5500,0.650000,0.4500,0.650000,0.000000,0.000000,-0.0100,0.0000,0.625001,0.625001,0.150000,0.0100,False,0.5800,0.4200,False,BUY,BUY,EXECUTION_READY,VALID_SIGNAL,MEDIUM,False,
2026-05-18T00:12:52.849221+00:00,London,TRENDING,50.00,1.0000,0.001000,0.650000,0.6500,0.650000,0.3500,0.650000,0.000000,0.000000,0.0200,0.0000,0.670000,0.670000,0.150000,0.0100,False,0.5600,0.4400,False,BUY,BUY,EXECUTION_READY,VALID_SIGNAL,HIGH,False,
2026-05-18T00:12:52.854971+00:00,London,TRANSITIONING,22.94,0.2268,0.001000,0.650000,0.5727,0.650000,0.4273,0.650000,0.000000,0.000000,-0.0100,0.0000,0.640000,0.640000,0.150000,0.0100,False,0.5800,0.4200,False,BUY,BUY,EXECUTION_READY,VALID_SIGNAL,MEDIUM,False,
2026-05-18T00:12:52.857551+00:00,London,RANGING,21.88,0.1965,0.001000,0.650000,0.5697,0.650000,0.4303,0.650000,0.000000,0.000000,-0.0100,0.0000,0.640000,0.640000,0.150000,0.0100,False,0.5800,0.4200,False,BUY,BUY,EXECUTION_READY,VALID_SIGNAL,MEDIUM,False,
2026-05-18T00:12:52.860575+00:00,London,TRENDING,50.00,1.0000,0.001000,0.650000,0.6500,0.650000,0.3500,0.650000,0.000000,0.000000,0.0200,0.0000,0.670000,0.670000,0.150000,0.0100,False,0.5600,0.4400,False,BUY,BUY,EXECUTION_READY,VALID_SIGNAL,HIGH,False,
2026-05-18T00:12:52.863055+00:00,London,RANGING,15.00,0.0000,0.001000,0.650000,0.5500,0.650000,0.4500,0.650000,0.000000,0.000000,-0.0100,0.0000,0.625000,0.625000,0.150000,0.0100,False,0.5800,0.4200,False,BUY,BUY,EXECUTION_READY,VALID_SIGNAL,MEDIUM,False,
2026-05-18T00:12:52.866047+00:00,London,TRANSITIONING,33.33,0.5237,0.001000,0.650000,0.6024,0.650000,0.3976,0.650000,0.000000,0.000000,0.0200,0.0000,0.670000,0.670000,0.150000,0.0100,False,0.5600,0.4400,False,BUY,BUY,EXECUTION_READY,VALID_SIGNAL,HIGH,False,
2026-05-18T00:12:52.868631+00:00,London,RANGING,15.00,0.0000,0.001000,0.650000,0.5500,0.650000,0.4500,0.650000,0.000000,0.000000,-0.0100,0.0000,0.625000,0.625000,0.150000,0.0100,False,0.5800,0.4200,False,BUY,BUY,EXECUTION_READY,VALID_SIGNAL,MEDIUM,False,
2026-05-18T00:12:52.872992+00:00,London,RANGING,18.09,0.0883,0.001000,0.650000,0.5588,0.650000,0.4412,0.650000,0.000000,0.000000,-0.0100,0.0000,0.640000,0.640000,0.150000,0.0100,False,0.5800,0.4200,False,BUY,BUY,EXECUTION_READY,VALID_SIGNAL,MEDIUM,False,
2026-05-18T00:12:52.877014+00:00,London,RANGING,15.00,0.0000,0.001000,0.650000,0.5500,0.650000,0.4500,0.650000,0.000000,0.000000,-0.0100,0.0000,0.625000,0.625000,0.150000,0.0100,False,0.5800,0.4200,False,BUY,BUY,EXECUTION_READY,VALID_SIGNAL,MEDIUM,False,
2026-05-18T00:12:52.879732+00:00,London,TRANSITIONING,23.07,0.2305,0.001000,0.650000,0.5730,0.650000,0.4270,0.650000,0.000000,0.000000,-0.0100,0.0000,0.640000,0.640000,0.150000,0.0100,False,0.5800,0.4200,False,BUY,BUY,EXECUTION_READY,VALID_SIGNAL,MEDIUM,False,
2026-05-18T00:12:52.882540+00:00,London,RANGING,15.00,0.0000,0.001000,0.650000,0.5500,0.650000,0.4500,0.650000,0.000000,0.000000,-0.0100,0.0000,0.625000,0.625000,0.150000,0.0100,False,0.5800,0.4200,False,BUY,BUY,EXECUTION_READY,VALID_SIGNAL,MEDIUM,False,
2026-05-18T00:12:52.885432+00:00,London,TRANSITIONING,26.46,0.3275,0.001000,0.650000,0.5828,0.650000,0.4172,0.650000,0.000000,0.000000,0.0100,0.0000,0.660000,0.660000,0.150000,0.0100,False,0.5700,0.4300,False,BUY,BUY,EXECUTION_READY,VALID_SIGNAL,HIGH,False,
2026-05-18T00:12:52.890943+00:00,London,TRANSITIONING,27.81,0.3660,0.001000,0.650000,0.5866,0.650000,0.4134,0.650000,0.000000,0.000000,0.0100,0.0000,0.660000,0.660000,0.150000,0.0100,False,0.5600,0.4400,False,BUY,BUY,EXECUTION_READY,VALID_SIGNAL,HIGH,False,
2026-05-18T00:12:52.892971+00:00,London,RANGING,15.00,0.0000,0.001000,0.650000,0.5500,0.650000,0.4500,0.650000,0.000000,0.000000,-0.0100,0.0000,0.625000,0.625000,0.150000,0.0100,False,0.5800,0.4200,False,BUY,BUY,EXECUTION_READY,VALID_SIGNAL,MEDIUM,False,
2026-05-18T00:12:52.896353+00:00,London,TRANSITIONING,32.39,0.4969,0.001000,0.650000,0.5997,0.650000,0.4003,0.650000,0.000000,0.000000,0.0100,0.0000,0.660000,0.660000,0.150000,0.0100,False,0.5600,0.4400,False,BUY,BUY,EXECUTION_READY,VALID_SIGNAL,HIGH,False,
2026-05-18T00:12:52.899428+00:00,London,TRENDING,37.17,0.6334,0.001000,0.650000,0.6133,0.650000,0.3867,0.650000,0.000000,0.000000,0.0200,0.0000,0.670000,0.670000,0.150000,0.0100,False,0.5600,0.4400,False,BUY,BUY,EXECUTION_READY,VALID_SIGNAL,HIGH,False,
2026-05-18T00:12:52.908711+00:00,London,RANGING,15.00,0.0000,0.001000,0.650000,0.5500,0.650000,0.4500,0.650000,0.000000,0.000000,-0.0100,0.0000,0.625000,0.625000,0.150000,0.0100,False,0.5800,0.4200,False,BUY,BUY,EXECUTION_READY,VALID_SIGNAL,MEDIUM,False,
2026-05-18T00:12:52.910733+00:00,London,RANGING,15.60,0.0172,0.001000,0.650000,0.5517,0.650000,0.4483,0.650000,0.000000,0.000000,-0.0100,0.0000,0.626723,0.626723,0.150000,0.0100,False,0.5800,0.4200,False,BUY,BUY,EXECUTION_READY,VALID_SIGNAL,MEDIUM,False,
2026-05-18T00:12:52.914232+00:00,London,RANGING,15.00,0.0000,0.001000,0.650000,0.5500,0.650000,0.4500,0.650000,0.000000,0.000000,-0.0100,0.0000,0.625000,0.625000,0.150000,0.0100,False,0.5800,0.4200,False,BUY,BUY,EXECUTION_READY,VALID_SIGNAL,MEDIUM,False,
2026-05-18T00:12:52.919400+00:00,London,RANGING,15.00,0.0000,0.001000,0.650000,0.5500,0.650000,0.4500,0.650000,0.000000,0.000000,-0.0100,0.0000,0.625000,0.625000,0.150000,0.0100,False,0.5800,0.4200,False,BUY,BUY,EXECUTION_READY,VALID_SIGNAL,MEDIUM,False,
2026-05-18T00:12:52.925464+00:00,London,RANGING,15.00,0.0000,0.001000,0.650000,0.5500,0.650000,0.4500,0.650000,0.000000,0.000000,-0.0100,0.0000,0.625000,0.625000,0.150000,0.0100,False,0.5800,0.4200,False,BUY,BUY,EXECUTION_READY,VALID_SIGNAL,MEDIUM,False,
2026-05-18T00:12:52.927491+00:00,London,TRENDING,48.36,0.9532,0.001000,0.650000,0.6453,0.650000,0.3547,0.650000,0.000000,0.000000,0.0200,0.0000,0.670000,0.670000,0.150000,0.0100,False,0.5600,0.4400,False,BUY,BUY,EXECUTION_READY,VALID_SIGNAL,HIGH,False,
2026-05-18T00:12:52.932015+00:00,London,TRANSITIONING,24.54,0.2724,0.001000,0.650000,0.5772,0.650000,0.4228,0.650000,0.000000,0.000000,-0.0100,0.0000,0.640000,0.640000,0.150000,0.0100,False,0.5700,0.4300,False,BUY,BUY,EXECUTION_READY,VALID_SIGNAL,MEDIUM,False,
2026-05-18T00:12:52.939488+00:00,London,TRANSITIONING,28.67,0.3904,0.001000,0.650000,0.5890,0.650000,0.4110,0.650000,0.000000,0.000000,0.0100,0.0000,0.660000,0.660000,0.150000,0.0100,False,0.5600,0.4400,False,BUY,BUY,EXECUTION_READY,VALID_SIGNAL,HIGH,False,
2026-05-18T00:12:52.943259+00:00,London,RANGING,15.00,0.0000,0.001000,0.650000,0.5500,0.650000,0.4500,0.650000,0.000000,0.000000,-0.0100,0.0000,0.625000,0.625000,0.150000,0.0100,False,0.5800,0.4200,False,BUY,BUY,EXECUTION_READY,VALID_SIGNAL,MEDIUM,False,
2026-05-18T00:12:52.948227+00:00,London,TRANSITIONING,22.79,0.2227,0.001000,0.650000,0.5723,0.650000,0.4277,0.650000,0.000000,0.000000,-0.0100,0.0000,0.640000,0.640000,0.150000,0.0100,False,0.5800,0.4200,False,BUY,BUY,EXECUTION_READY,VALID_SIGNAL,MEDIUM,False,
2026-05-18T00:12:52.951665+00:00,London,TRENDING,46.40,0.8971,0.001000,0.650000,0.6397,0.650000,0.3603,0.650000,0.000000,0.000000,0.0200,0.0000,0.670000,0.670000,0.150000,0.0100,False,0.5600,0.4400,False,BUY,BUY,EXECUTION_READY,VALID_SIGNAL,HIGH,False,
2026-05-18T00:12:52.957860+00:00,London,TRENDING,37.52,0.6434,0.001000,0.650000,0.6143,0.650000,0.3857,0.650000,0.000000,0.000000,0.0200,0.0000,0.670000,0.670000,0.150000,0.0100,False,0.5600,0.4400,False,BUY,BUY,EXECUTION_READY,VALID_SIGNAL,HIGH,False,
2026-05-18T00:12:52.959888+00:00,London,RANGING,15.00,0.0000,0.001000,0.650000,0.5500,0.650000,0.4500,0.650000,0.000000,0.000000,-0.0100,0.0000,0.625000,0.625000,0.150000,0.0100,False,0.5800,0.4200,False,BUY,BUY,EXECUTION_READY,VALID_SIGNAL,MEDIUM,False,
2026-05-18T00:12:52.963879+00:00,London,RANGING,15.00,0.0000,0.001000,0.650000,0.5500,0.650000,0.4500,0.650000,0.000000,0.000000,-0.0100,0.0000,0.625000,0.625000,0.150000,0.0100,False,0.5800,0.4200,False,BUY,BUY,EXECUTION_READY,VALID_SIGNAL,MEDIUM,False,
2026-05-18T00:12:52.967825+00:00,London,TRANSITIONING,24.90,0.2828,0.001000,0.650000,0.5783,0.650000,0.4217,0.650000,0.000000,0.000000,-0.0100,0.0000,0.640000,0.640000,0.150000,0.0100,False,0.5700,0.4300,False,BUY,BUY,EXECUTION_READY,VALID_SIGNAL,MEDIUM,False,
2026-05-18T00:12:52.973938+00:00,London,TRANSITIONING,32.45,0.4984,0.001000,0.650000,0.5998,0.650000,0.4002,0.650000,0.000000,0.000000,0.0100,0.0000,0.660000,0.660000,0.150000,0.0100,False,0.5600,0.4400,False,BUY,BUY,EXECUTION_READY,VALID_SIGNAL,HIGH,False,
2026-05-18T00:12:52.977206+00:00,London,TRENDING,40.31,0.7232,0.001000,0.650000,0.6223,0.650000,0.3777,0.650000,0.000000,0.000000,0.0200,0.0000,0.670000,0.670000,0.150000,0.0100,False,0.5600,0.4400,False,BUY,BUY,EXECUTION_READY,VALID_SIGNAL,HIGH,False,
2026-05-18T00:12:52.979864+00:00,London,RANGING,16.07,0.0307,0.001000,0.650000,0.5531,0.650000,0.4469,0.650000,0.000000,0.000000,-0.0100,0.0000,0.640000,0.640000,0.150000,0.0100,False,0.5800,0.4200,False,BUY,BUY,EXECUTION_READY,VALID_SIGNAL,MEDIUM,False,
2026-05-18T00:12:52.983982+00:00,London,TRENDING,42.70,0.7914,0.001000,0.650000,0.6291,0.650000,0.3709,0.650000,0.000000,0.000000,0.0200,0.0000,0.670000,0.670000,0.150000,0.0100,False,0.5600,0.4400,False,BUY,BUY,EXECUTION_READY,VALID_SIGNAL,HIGH,False,
2026-05-18T00:12:52.994311+00:00,London,RANGING,15.00,0.0000,0.001000,0.650000,0.5500,0.650000,0.4500,0.650000,0.000000,0.000000,-0.0100,0.0000,0.625000,0.625000,0.150000,0.0100,False,0.5800,0.4200,False,BUY,BUY,EXECUTION_READY,VALID_SIGNAL,MEDIUM,False,
2026-05-18T00:12:53.004799+00:00,London,RANGING,15.00,0.0000,0.001000,0.650000,0.5500,0.650000,0.4500,0.650000,0.000000,0.000000,-0.0100,0.0000,0.625000,0.625000,0.150000,0.0100,False,0.5800,0.4200,False,BUY,BUY,EXECUTION_READY,VALID_SIGNAL,MEDIUM,False,
2026-05-18T00:12:53.009884+00:00,London,RANGING,15.00,0.0000,0.001000,0.650000,0.5500,0.650000,0.4500,0.650000,0.000000,0.000000,-0.0100,0.0000,0.625000,0.625000,0.150000,0.0100,False,0.5800,0.4200,False,BUY,BUY,EXECUTION_READY,VALID_SIGNAL,MEDIUM,False,
2026-05-18T00:12:53.012432+00:00,London,TRENDING,50.00,1.0000,0.001000,0.650000,0.6500,0.650000,0.3500,0.650000,0.000000,0.000000,0.0200,0.0000,0.670000,0.670000,0.150000,0.0100,False,0.5600,0.4400,False,BUY,BUY,EXECUTION_READY,VALID_SIGNAL,HIGH,False,
2026-05-18T00:12:53.019234+00:00,London,RANGING,15.00,0.0000,0.001000,0.650000,0.5500,0.650000,0.4500,0.650000,0.000000,0.000000,-0.0100,0.0000,0.625000,0.625000,0.150000,0.0100,False,0.5800,0.4200,False,BUY,BUY,EXECUTION_READY,VALID_SIGNAL,MEDIUM,False,
2026-05-18T00:12:53.027505+00:00,London,RANGING,15.00,0.0001,0.001000,0.650000,0.5500,0.650000,0.4500,0.650000,0.000000,0.000000,-0.0100,0.0000,0.625006,0.625006,0.150000,0.0100,False,0.5800,0.4200,False,BUY,BUY,EXECUTION_READY,VALID_SIGNAL,MEDIUM,False,
2026-05-18T00:12:53.029426+00:00,London,TRANSITIONING,27.05,0.3444,0.001000,0.650000,0.5844,0.650000,0.4156,0.650000,0.000000,0.000000,0.0100,0.0000,0.660000,0.660000,0.150000,0.0100,False,0.5700,0.4300,False,BUY,BUY,EXECUTION_READY,VALID_SIGNAL,HIGH,False,
2026-05-18T00:12:53.040877+00:00,London,TRENDING,50.00,1.0000,0.001000,0.650000,0.6500,0.650000,0.3500,0.650000,0.000000,0.000000,0.0200,0.0000,0.670000,0.670000,0.150000,0.0100,False,0.5600,0.4400,False,BUY,BUY,EXECUTION_READY,VALID_SIGNAL,HIGH,False,
2026-05-18T00:12:53.044291+00:00,London,RANGING,15.00,0.0000,0.001000,0.650000,0.5500,0.650000,0.4500,0.650000,0.000000,0.000000,-0.0100,0.0000,0.625000,0.625000,0.150000,0.0100,False,0.5800,0.4200,False,BUY,BUY,EXECUTION_READY,VALID_SIGNAL,MEDIUM,False,
2026-05-18T00:12:53.049480+00:00,London,RANGING,15.00,0.0000,0.001000,0.650000,0.5500,0.650000,0.4500,0.650000,0.000000,0.000000,-0.0100,0.0000,0.625000,0.625000,0.150000,0.0100,False,0.5800,0.4200,False,BUY,BUY,EXECUTION_READY,VALID_SIGNAL,MEDIUM,False,
2026-05-18T00:12:53.059961+00:00,London,TRENDING,46.01,0.8860,0.001000,0.650000,0.6386,0.650000,0.3614,0.650000,0.000000,0.000000,0.0200,0.0000,0.670000,0.670000,0.150000,0.0100,False,0.5600,0.4400,False,BUY,BUY,EXECUTION_READY,VALID_SIGNAL,HIGH,False,
2026-05-18T00:12:53.060989+00:00,London,RANGING,15.00,0.0000,0.001000,0.650000,0.5500,0.650000,0.4500,0.650000,0.000000,0.000000,-0.0100,0.0000,0.625000,0.625000,0.150000,0.0100,False,0.5800,0.4200,False,BUY,BUY,EXECUTION_READY,VALID_SIGNAL,MEDIUM,False,
2026-05-18T00:12:53.067348+00:00,London,RANGING,15.00,0.0000,0.001000,0.650000,0.5500,0.650000,0.4500,0.650000,0.000000,0.000000,-0.0100,0.0000,0.625000,0.625000,0.150000,0.0100,False,0.5800,0.4200,False,BUY,BUY,EXECUTION_READY,VALID_SIGNAL,MEDIUM,False,
2026-05-18T00:12:53.077783+00:00,London,RANGING,15.00,0.0000,0.001000,0.650000,0.5500,0.650000,0.4500,0.650000,0.000000,0.000000,-0.0100,0.0000,0.625000,0.625000,0.150000,0.0100,False,0.5800,0.4200,False,BUY,BUY,EXECUTION_READY,VALID_SIGNAL,MEDIUM,False,
2026-05-18T00:12:53.079567+00:00,London,TRENDING,39.13,0.6894,0.001000,0.650000,0.6189,0.650000,0.3811,0.650000,0.000000,0.000000,0.0200,0.0000,0.670000,0.670000,0.150000,0.0100,False,0.5600,0.4400,False,BUY,BUY,EXECUTION_READY,VALID_SIGNAL,HIGH,False,
2026-05-18T00:12:53.090394+00:00,London,RANGING,15.00,0.0000,0.001000,0.650000,0.5500,0.650000,0.4500,0.650000,0.000000,0.000000,-0.0100,0.0000,0.625000,0.625000,0.150000,0.0100,False,0.5800,0.4200,False,BUY,BUY,EXECUTION_READY,VALID_SIGNAL,MEDIUM,False,
2026-05-18T00:12:53.094827+00:00,London,RANGING,15.00,0.0000,0.001000,0.650000,0.5500,0.650000,0.4500,0.650000,0.000000,0.000000,-0.0100,0.0000,0.625000,0.625000,0.150000,0.0100,False,0.5800,0.4200,False,BUY,BUY,EXECUTION_READY,VALID_SIGNAL,MEDIUM,False,
2026-05-18T00:12:53.102887+00:00,London,RANGING,15.00,0.0000,0.001000,0.650000,0.5500,0.650000,0.4500,0.650000,0.000000,0.000000,-0.0100,0.0000,0.625000,0.625000,0.150000,0.0100,False,0.5800,0.4200,False,BUY,BUY,EXECUTION_READY,VALID_SIGNAL,MEDIUM,False,
2026-05-18T00:12:53.108705+00:00,London,RANGING,15.00,0.0000,0.001000,0.650000,0.5500,0.650000,0.4500,0.650000,0.000000,0.000000,-0.0100,0.0000,0.625000,0.625000,0.150000,0.0100,False,0.5800,0.4200,False,BUY,BUY,EXECUTION_READY,VALID_SIGNAL,MEDIUM,False,
2026-05-18T00:12:53.111656+00:00,London,RANGING,15.00,0.0000,0.001000,0.650000,0.5500,0.650000,0.4500,0.650000,0.000000,0.000000,-0.0100,0.0000,0.625001,0.625001,0.150000,0.0100,False,0.5800,0.4200,False,BUY,BUY,EXECUTION_READY,VALID_SIGNAL,MEDIUM,False,
2026-05-18T00:12:53.122805+00:00,London,RANGING,15.00,0.0000,0.001000,0.650000,0.5500,0.650000,0.4500,0.650000,0.000000,0.000000,-0.0100,0.0000,0.625000,0.625000,0.150000,0.0100,False,0.5800,0.4200,False,BUY,BUY,EXECUTION_READY,VALID_SIGNAL,MEDIUM,False,
2026-05-18T00:12:53.128765+00:00,London,TRANSITIONING,28.21,0.3774,0.001000,0.650000,0.5877,0.650000,0.4123,0.650000,0.000000,0.000000,0.0100,0.0000,0.660000,0.660000,0.150000,0.0100,False,0.5600,0.4400,False,BUY,BUY,EXECUTION_READY,VALID_SIGNAL,HIGH,False,
2026-05-18T00:12:53.130591+00:00,London,TRENDING,50.00,1.0000,0.001000,0.650000,0.6500,0.650000,0.3500,0.650000,0.000000,0.000000,0.0200,0.0000,0.670000,0.670000,0.150000,0.0100,False,0.5600,0.4400,False,BUY,BUY,EXECUTION_READY,VALID_SIGNAL,HIGH,False,
2026-05-18T00:12:53.139234+00:00,London,RANGING,15.00,0.0000,0.001000,0.650000,0.5500,0.650000,0.4500,0.650000,0.000000,0.000000,-0.0100,0.0000,0.625000,0.625000,0.150000,0.0100,False,0.5800,0.4200,False,BUY,BUY,EXECUTION_READY,VALID_SIGNAL,MEDIUM,False,
2026-05-18T00:12:53.146051+00:00,London,TRANSITIONING,26.67,0.3333,0.001000,0.650000,0.5833,0.650000,0.4167,0.650000,0.000000,0.000000,0.0100,0.0000,0.660000,0.660000,0.150000,0.0100,False,0.5700,0.4300,False,BUY,BUY,EXECUTION_READY,VALID_SIGNAL,HIGH,False,
2026-05-18T00:12:53.148597+00:00,London,TRENDING,42.98,0.7996,0.001000,0.650000,0.6300,0.650000,0.3700,0.650000,0.000000,0.000000,0.0200,0.0000,0.670000,0.670000,0.150000,0.0100,False,0.5600,0.4400,False,BUY,BUY,EXECUTION_READY,VALID_SIGNAL,HIGH,False,
2026-05-18T00:12:53.158747+00:00,London,TRANSITIONING,34.90,0.5686,0.001000,0.650000,0.6069,0.650000,0.3931,0.650000,0.000000,0.000000,0.0200,0.0000,0.670000,0.670000,0.150000,0.0100,False,0.5600,0.4400,False,BUY,BUY,EXECUTION_READY,VALID_SIGNAL,HIGH,False,
2026-05-18T00:12:53.161773+00:00,London,TRENDING,43.09,0.8026,0.001000,0.650000,0.6303,0.650000,0.3697,0.650000,0.000000,0.000000,0.0200,0.0000,0.670000,0.670000,0.150000,0.0100,False,0.5600,0.4400,False,BUY,BUY,EXECUTION_READY,VALID_SIGNAL,HIGH,False,
2026-05-18T00:12:53.171923+00:00,London,TRANSITIONING,27.15,0.3471,0.001000,0.650000,0.5847,0.650000,0.4153,0.650000,0.000000,0.000000,0.0100,0.0000,0.660000,0.660000,0.150000,0.0100,False,0.5700,0.4300,False,BUY,BUY,EXECUTION_READY,VALID_SIGNAL,HIGH,False,
2026-05-18T00:12:53.177851+00:00,London,RANGING,15.00,0.0000,0.001000,0.650000,0.5500,0.650000,0.4500,0.650000,0.000000,0.000000,-0.0100,0.0000,0.625000,0.625000,0.150000,0.0100,False,0.5800,0.4200,False,BUY,BUY,EXECUTION_READY,VALID_SIGNAL,MEDIUM,False,
2026-05-18T00:12:53.180560+00:00,London,RANGING,21.41,0.1832,0.001000,0.650000,0.5683,0.650000,0.4317,0.650000,0.000000,0.000000,-0.0100,0.0000,0.640000,0.640000,0.150000,0.0100,False,0.5800,0.4200,False,BUY,BUY,EXECUTION_READY,VALID_SIGNAL,MEDIUM,False,
2026-05-18T00:12:53.192010+00:00,London,TRENDING,36.67,0.6191,0.001000,0.650000,0.6119,0.650000,0.3881,0.650000,0.000000,0.000000,0.0200,0.0000,0.670000,0.670000,0.150000,0.0100,False,0.5600,0.4400,False,BUY,BUY,EXECUTION_READY,VALID_SIGNAL,HIGH,False,
2026-05-18T00:12:53.194536+00:00,London,TRENDING,41.17,0.7478,0.001000,0.650000,0.6248,0.650000,0.3752,0.650000,0.000000,0.000000,0.0200,0.0000,0.670000,0.670000,0.150000,0.0100,False,0.5600,0.4400,False,BUY,BUY,EXECUTION_READY,VALID_SIGNAL,HIGH,False,
2026-05-18T00:12:53.199587+00:00,London,TRANSITIONING,31.77,0.4791,0.001000,0.650000,0.5979,0.650000,0.4021,0.650000,0.000000,0.000000,0.0100,0.0000,0.660000,0.660000,0.150000,0.0100,False,0.5600,0.4400,False,BUY,BUY,EXECUTION_READY,VALID_SIGNAL,HIGH,False,
2026-05-18T00:12:53.206951+00:00,London,TRANSITIONING,22.75,0.2216,0.001000,0.650000,0.5722,0.650000,0.4278,0.650000,0.000000,0.000000,-0.0100,0.0000,0.640000,0.640000,0.150000,0.0100,False,0.5800,0.4200,False,BUY,BUY,EXECUTION_READY,VALID_SIGNAL,MEDIUM,False,
2026-05-18T00:12:53.209675+00:00,London,TRANSITIONING,30.61,0.4461,0.001000,0.650000,0.5946,0.650000,0.4054,0.650000,0.000000,0.000000,0.0100,0.0000,0.660000,0.660000,0.150000,0.0100,False,0.5600,0.4400,False,BUY,BUY,EXECUTION_READY,VALID_SIGNAL,HIGH,False,
2026-05-18T00:12:53.212561+00:00,London,RANGING,16.34,0.0383,0.001000,0.650000,0.5538,0.650000,0.4462,0.650000,0.000000,0.000000,-0.0100,0.0000,0.640000,0.640000,0.150000,0.0100,False,0.5800,0.4200,False,BUY,BUY,EXECUTION_READY,VALID_SIGNAL,MEDIUM,False,
2026-05-18T00:12:53.215931+00:00,London,RANGING,18.65,0.1043,0.001000,0.650000,0.5604,0.650000,0.4396,0.650000,0.000000,0.000000,-0.0100,0.0000,0.640000,0.640000,0.150000,0.0100,False,0.5800,0.4200,False,BUY,BUY,EXECUTION_READY,VALID_SIGNAL,MEDIUM,False,
2026-05-18T00:12:53.218925+00:00,London,TRENDING,41.34,0.7525,0.001000,0.650000,0.6253,0.650000,0.3747,0.650000,0.000000,0.000000,0.0200,0.0000,0.670000,0.670000,0.150000,0.0100,False,0.5600,0.4400,False,BUY,BUY,EXECUTION_READY,VALID_SIGNAL,HIGH,False,
2026-05-18T00:12:53.222837+00:00,London,TRENDING,46.41,0.8974,0.001000,0.650000,0.6397,0.650000,0.3603,0.650000,0.000000,0.000000,0.0200,0.0000,0.670000,0.670000,0.150000,0.0100,False,0.5600,0.4400,False,BUY,BUY,EXECUTION_READY,VALID_SIGNAL,HIGH,False,
2026-05-18T00:12:53.227375+00:00,London,RANGING,15.00,0.0000,0.001000,0.650000,0.5500,0.650000,0.4500,0.650000,0.000000,0.000000,-0.0100,0.0000,0.625000,0.625000,0.150000,0.0100,False,0.5800,0.4200,False,BUY,BUY,EXECUTION_READY,VALID_SIGNAL,MEDIUM,False,
2026-05-18T00:12:53.229619+00:00,London,TRENDING,46.13,0.8894,0.001000,0.650000,0.6389,0.650000,0.3611,0.650000,0.000000,0.000000,0.0200,0.0000,0.670000,0.670000,0.150000,0.0100,False,0.5600,0.4400,False,BUY,BUY,EXECUTION_READY,VALID_SIGNAL,HIGH,False,
2026-05-18T00:12:53.232031+00:00,London,RANGING,15.00,0.0000,0.001000,0.650000,0.5500,0.650000,0.4500,0.650000,0.000000,0.000000,-0.0100,0.0000,0.625000,0.625000,0.150000,0.0100,False,0.5800,0.4200,False,BUY,BUY,EXECUTION_READY,VALID_SIGNAL,MEDIUM,False,
2026-05-18T00:12:53.236326+00:00,London,RANGING,15.00,0.0000,0.001000,0.650000,0.5500,0.650000,0.4500,0.650000,0.000000,0.000000,-0.0100,0.0000,0.625000,0.625000,0.150000,0.0100,False,0.5800,0.4200,False,BUY,BUY,EXECUTION_READY,VALID_SIGNAL,MEDIUM,False,
2026-05-18T00:12:53.239688+00:00,London,RANGING,15.00,0.0000,0.001000,0.650000,0.5500,0.650000,0.4500,0.650000,0.000000,0.000000,-0.0100,0.0000,0.625000,0.625000,0.150000,0.0100,False,0.5800,0.4200,False,BUY,BUY,EXECUTION_READY,VALID_SIGNAL,MEDIUM,False,
2026-05-18T00:12:53.242747+00:00,London,TRANSITIONING,32.50,0.5000,0.001000,0.650000,0.6000,0.650000,0.4000,0.650000,0.000000,0.000000,0.0200,0.0000,0.670000,0.670000,0.150000,0.0100,False,0.5600,0.4400,False,BUY,BUY,EXECUTION_READY,VALID_SIGNAL,HIGH,False,
2026-05-18T00:12:53.245848+00:00,London,TRANSITIONING,23.53,0.2438,0.001000,0.650000,0.5744,0.650000,0.4256,0.650000,0.000000,0.000000,-0.0100,0.0000,0.640000,0.640000,0.150000,0.0100,False,0.5800,0.4200,False,BUY,BUY,EXECUTION_READY,VALID_SIGNAL,MEDIUM,False,
2026-05-18T00:12:53.250690+00:00,London,TRANSITIONING,34.33,0.5523,0.001000,0.650000,0.6052,0.650000,0.3948,0.650000,0.000000,0.000000,0.0200,0.0000,0.670000,0.670000,0.150000,0.0100,False,0.5600,0.4400,False,BUY,BUY,EXECUTION_READY,VALID_SIGNAL,HIGH,False,
2026-05-18T00:12:53.251994+00:00,London,RANGING,15.00,0.0000,0.001000,0.650000,0.5500,0.650000,0.4500,0.650000,0.000000,0.000000,-0.0100,0.0000,0.625000,0.625000,0.150000,0.0100,False,0.5800,0.4200,False,BUY,BUY,EXECUTION_READY,VALID_SIGNAL,MEDIUM,False,
2026-05-18T00:12:53.257667+00:00,London,TRANSITIONING,28.25,0.3785,0.001000,0.650000,0.5878,0.650000,0.4122,0.650000,0.000000,0.000000,0.0100,0.0000,0.660000,0.660000,0.150000,0.0100,False,0.5600,0.4400,False,BUY,BUY,EXECUTION_READY,VALID_SIGNAL,HIGH,False,
2026-05-18T00:12:54.560142+00:00,Pacific,RANGING,18.50,0.1000,0.001000,0.800000,0.5600,0.700000,0.4400,0.756000,0.100000,0.030000,0.0000,0.0000,0.726000,0.726000,0.226000,0.0100,False,0.5800,0.4200,False,BUY,BUY,EXECUTION_READY,VALID_SIGNAL,HIGH,False,
2026-05-18T00:12:54.567242+00:00,London,RANGING,18.50,0.1000,0.001000,0.650000,0.5600,0.650000,0.4400,0.650000,0.000000,0.000000,-0.0100,0.0000,0.640000,0.640000,0.150000,0.0100,False,0.6200,0.3800,False,BUY,BUY,EXECUTION_READY,VALID_SIGNAL,MEDIUM,False,
2026-05-18T00:12:54.570234+00:00,London,TRANSITIONING,25.50,0.3000,0.001000,0.650000,0.5800,0.650000,0.4200,0.650000,0.000000,0.000000,0.0100,0.0000,0.660000,0.660000,0.150000,0.0100,False,0.6200,0.3800,False,BUY,BUY,EXECUTION_READY,VALID_SIGNAL,HIGH,False,
2026-05-18T00:12:54.574249+00:00,London,TRANSITIONING,32.50,0.5000,0.001000,0.650000,0.6000,0.650000,0.4000,0.650000,0.000000,0.000000,0.0200,0.0000,0.670000,0.670000,0.150000,0.0100,False,0.6200,0.3800,False,BUY,BUY,EXECUTION_READY,VALID_SIGNAL,HIGH,False,
2026-05-18T00:12:54.579233+00:00,London,TRENDING,43.00,0.8000,0.001000,0.650000,0.6300,0.650000,0.3700,0.650000,0.000000,0.000000,0.0200,0.0000,0.670000,0.670000,0.150000,0.0100,False,0.6200,0.3800,False,BUY,BUY,EXECUTION_READY,VALID_SIGNAL,HIGH,False,
2026-05-18T00:15:28.509046+00:00,London,RANGING,20.00,0.1429,0.001263,0.750000,0.5643,0.650000,0.4357,0.706429,0.100000,0.030000,-0.0100,0.0000,0.666429,0.666429,0.176429,0.0100,False,0.5800,0.4200,False,BUY,BUY,EXECUTION_READY,VALID_SIGNAL,HIGH,False,
2026-05-18T00:15:28.519471+00:00,London,RANGING,20.00,0.1429,0.001263,0.990000,0.5643,0.650000,0.4357,0.841857,0.340000,0.102000,-0.0100,0.0000,0.729857,0.729857,0.239857,0.0100,False,0.5800,0.4200,False,BUY,BUY,EXECUTION_READY,VALID_SIGNAL,HIGH,False,
2026-05-18T00:15:28.524435+00:00,London,RANGING,20.00,0.1429,0.001263,0.010000,0.5643,0.350000,0.4357,0.158143,0.340000,0.102000,-0.0100,0.0000,0.239331,0.239331,0.239857,0.0100,False,0.5800,0.4200,False,SELL,SELL,EXECUTION_READY,VALID_SIGNAL,HIGH,False,
2026-05-18T00:15:28.526277+00:00,London,RANGING,20.00,0.1429,0.001263,0.750000,0.5643,0.650000,0.4357,0.706429,0.100000,0.030000,-0.0100,0.0000,0.666429,0.666429,0.176429,0.0100,False,0.5800,0.4200,False,BUY,BUY,EXECUTION_READY,VALID_SIGNAL,HIGH,False,
2026-05-18T00:15:28.531325+00:00,London,RANGING,20.00,0.1429,0.001263,0.250000,0.5643,0.350000,0.4357,0.293571,0.100000,0.030000,-0.0100,0.0000,0.297686,0.297686,0.176429,0.0100,False,0.5800,0.4200,False,SELL,SELL,EXECUTION_READY,VALID_SIGNAL,HIGH,False,
2026-05-18T00:15:28.537002+00:00,London,RANGING,20.00,0.1429,0.001263,0.951112,0.5643,0.650000,0.4357,0.819913,0.301112,0.090334,-0.0100,0.0000,0.719580,0.719580,0.229580,0.0100,False,0.5800,0.4200,False,BUY,BUY,EXECUTION_READY,VALID_SIGNAL,HIGH,False,
2026-05-18T00:15:28.540026+00:00,London,RANGING,20.00,0.1429,0.001263,0.990000,0.5643,0.650000,0.4357,0.841857,0.340000,0.102000,-0.0100,0.0000,0.729857,0.729857,0.239857,0.0100,False,0.5800,0.4200,False,BUY,BUY,EXECUTION_READY,VALID_SIGNAL,HIGH,False,
2026-05-18T00:15:28.543706+00:00,London,RANGING,20.00,0.1429,0.001263,0.010000,0.5643,0.350000,0.4357,0.158143,0.340000,0.102000,-0.0100,0.0000,0.239331,0.239331,0.239857,0.0100,False,0.5800,0.4200,False,SELL,SELL,EXECUTION_READY,VALID_SIGNAL,HIGH,False,
2026-05-18T00:15:28.547396+00:00,London,RANGING,20.00,0.1429,0.001263,0.984900,0.5643,0.650000,0.4357,0.838979,0.334900,0.100470,-0.0100,0.0000,0.728509,0.728509,0.238509,0.0100,False,0.5800,0.4200,False,BUY,BUY,EXECUTION_READY,VALID_SIGNAL,HIGH,False,
2026-05-18T00:15:28.555141+00:00,London,RANGING,20.00,0.1429,0.001263,0.914398,0.5643,0.650000,0.4357,0.799196,0.264398,0.079319,-0.0100,0.0000,0.709877,0.709877,0.219877,0.0100,False,0.5800,0.4200,False,BUY,BUY,EXECUTION_READY,VALID_SIGNAL,HIGH,False,
2026-05-18T00:15:28.557137+00:00,London,RANGING,20.00,0.1429,0.001263,0.085602,0.5643,0.350000,0.4357,0.200804,0.264398,0.079319,-0.0100,0.0000,0.257713,0.257713,0.219877,0.0100,False,0.5800,0.4200,False,SELL,SELL,EXECUTION_READY,VALID_SIGNAL,HIGH,False,
2026-05-18T00:15:28.563781+00:00,London,RANGING,20.00,0.1429,0.001263,0.250000,0.5643,0.350000,0.4357,0.293571,0.100000,0.030000,-0.0100,0.0000,0.297686,0.297686,0.176429,0.0100,False,0.5800,0.4200,False,SELL,SELL,EXECUTION_READY,VALID_SIGNAL,HIGH,False,
2026-05-18T00:15:28.569576+00:00,London,RANGING,20.00,0.1429,0.001263,0.926807,0.5643,0.650000,0.4357,0.806199,0.276807,0.083042,-0.0100,0.0000,0.713156,0.713156,0.223156,0.0100,False,0.5800,0.4200,False,BUY,BUY,EXECUTION_READY,VALID_SIGNAL,HIGH,False,
2026-05-18T00:15:28.570592+00:00,London,RANGING,20.00,0.1429,0.001263,0.218693,0.5643,0.350000,0.4357,0.275905,0.131307,0.039392,-0.0100,0.0000,0.290074,0.290074,0.184703,0.0100,False,0.5800,0.4200,False,SELL,SELL,EXECUTION_READY,VALID_SIGNAL,HIGH,False,
2026-05-18T00:15:28.577427+00:00,London,RANGING,20.00,0.1429,0.001263,0.953918,0.5643,0.650000,0.4357,0.821497,0.303918,0.091175,-0.0100,0.0000,0.720321,0.720321,0.230321,0.0100,False,0.5800,0.4200,False,BUY,BUY,EXECUTION_READY,VALID_SIGNAL,HIGH,False,
2026-05-18T00:15:28.587169+00:00,London,RANGING,20.00,0.1429,0.001263,0.771916,0.5643,0.650000,0.4357,0.718795,0.121916,0.036575,-0.0100,0.0000,0.672221,0.672221,0.182221,0.0100,False,0.5800,0.4200,False,BUY,BUY,EXECUTION_READY,VALID_SIGNAL,HIGH,False,
2026-05-18T00:15:28.591942+00:00,London,RANGING,20.00,0.1429,0.001263,0.863294,0.5643,0.650000,0.4357,0.770359,0.213294,0.063988,-0.0100,0.0000,0.696371,0.696371,0.206371,0.0100,False,0.5800,0.4200,False,BUY,BUY,EXECUTION_READY,VALID_SIGNAL,HIGH,False,
2026-05-18T00:15:28.593399+00:00,London,RANGING,20.00,0.1429,0.001263,0.907877,0.5643,0.650000,0.4357,0.795517,0.257877,0.077363,-0.0100,0.0000,0.708153,0.708153,0.218153,0.0100,False,0.5800,0.4200,False,BUY,BUY,EXECUTION_READY,VALID_SIGNAL,HIGH,False,
2026-05-18T00:15:28.602624+00:00,London,RANGING,20.00,0.1429,0.001263,0.831279,0.5643,0.650000,0.4357,0.752293,0.181279,0.054384,-0.0100,0.0000,0.687909,0.687909,0.197909,0.0100,False,0.5800,0.4200,False,BUY,BUY,EXECUTION_READY,VALID_SIGNAL,HIGH,False,
2026-05-18T00:15:28.606286+00:00,London,RANGING,20.00,0.1429,0.001263,0.034712,0.5643,0.350000,0.4357,0.172088,0.315288,0.094586,-0.0100,0.0000,0.245340,0.245340,0.233326,0.0100,False,0.5800,0.4200,False,SELL,SELL,EXECUTION_READY,VALID_SIGNAL,HIGH,False,
2026-05-18T00:15:28.609865+00:00,London,RANGING,20.00,0.1429,0.001263,0.904524,0.5643,0.650000,0.4357,0.793624,0.254524,0.076357,-0.0100,0.0000,0.707267,0.707267,0.217267,0.0100,False,0.5800,0.4200,False,BUY,BUY,EXECUTION_READY,VALID_SIGNAL,HIGH,False,
2026-05-18T00:15:28.618038+00:00,London,RANGING,20.00,0.1429,0.001263,0.234742,0.5643,0.350000,0.4357,0.284962,0.115258,0.034577,-0.0100,0.0000,0.293976,0.293976,0.180461,0.0100,False,0.5800,0.4200,False,SELL,SELL,EXECUTION_READY,VALID_SIGNAL,HIGH,False,
2026-05-18T00:15:28.622100+00:00,London,RANGING,20.00,0.1429,0.001263,0.191100,0.5643,0.350000,0.4357,0.260335,0.158900,0.047670,-0.0100,0.0000,0.283365,0.283365,0.191995,0.0100,False,0.5800,0.4200,False,SELL,SELL,EXECUTION_READY,VALID_SIGNAL,HIGH,False,
2026-05-18T00:15:28.626962+00:00,London,RANGING,20.00,0.1429,0.001263,0.843433,0.5643,0.650000,0.4357,0.759151,0.193433,0.058030,-0.0100,0.0000,0.691121,0.691121,0.201121,0.0100,False,0.5800,0.4200,False,BUY,BUY,EXECUTION_READY,VALID_SIGNAL,HIGH,False,
2026-05-18T00:15:28.638384+00:00,London,RANGING,20.00,0.1429,0.001263,0.890064,0.5643,0.650000,0.4357,0.785465,0.240064,0.072019,-0.0100,0.0000,0.703446,0.703446,0.213446,0.0100,False,0.5800,0.4200,False,BUY,BUY,EXECUTION_READY,VALID_SIGNAL,HIGH,False,
2026-05-18T00:15:28.640396+00:00,London,RANGING,20.00,0.1429,0.001263,0.250000,0.5643,0.350000,0.4357,0.293571,0.100000,0.030000,-0.0100,0.0000,0.297686,0.297686,0.176429,0.0100,False,0.5800,0.4200,False,SELL,SELL,EXECUTION_READY,VALID_SIGNAL,HIGH,False,
2026-05-18T00:15:28.654787+00:00,London,RANGING,20.00,0.1429,0.001263,0.212058,0.5643,0.350000,0.4357,0.272161,0.137942,0.041383,-0.0100,0.0000,0.288460,0.288460,0.186456,0.0100,False,0.5800,0.4200,False,SELL,SELL,EXECUTION_READY,VALID_SIGNAL,HIGH,False,
2026-05-18T00:15:28.658115+00:00,London,RANGING,20.00,0.1429,0.001263,0.122397,0.5643,0.350000,0.4357,0.221567,0.227603,0.068281,-0.0100,0.0000,0.266660,0.266660,0.210152,0.0100,False,0.5800,0.4200,False,SELL,SELL,EXECUTION_READY,VALID_SIGNAL,HIGH,False,
2026-05-18T00:15:28.672531+00:00,London,RANGING,20.00,0.1429,0.001263,0.849231,0.5643,0.650000,0.4357,0.762423,0.199231,0.059769,-0.0100,0.0000,0.692654,0.692654,0.202654,0.0100,False,0.5800,0.4200,False,BUY,BUY,EXECUTION_READY,VALID_SIGNAL,HIGH,False,
2026-05-18T00:15:28.675556+00:00,London,RANGING,20.00,0.1429,0.001263,0.066287,0.5643,0.350000,0.4357,0.189905,0.283713,0.085114,-0.0100,0.0000,0.253017,0.253017,0.224981,0.0100,False,0.5800,0.4200,False,SELL,SELL,EXECUTION_READY,VALID_SIGNAL,HIGH,False,
2026-05-18T00:15:28.688581+00:00,London,RANGING,20.00,0.1429,0.001263,0.907412,0.5643,0.650000,0.4357,0.795254,0.257412,0.077224,-0.0100,0.0000,0.708030,0.708030,0.218030,0.0100,False,0.5800,0.4200,False,BUY,BUY,EXECUTION_READY,VALID_SIGNAL,HIGH,False,
2026-05-18T00:15:28.690834+00:00,London,RANGING,20.00,0.1429,0.001263,0.789192,0.5643,0.650000,0.4357,0.728544,0.139192,0.041757,-0.0100,0.0000,0.676786,0.676786,0.186786,0.0100,False,0.5800,0.4200,False,BUY,BUY,EXECUTION_READY,VALID_SIGNAL,HIGH,False,
2026-05-18T00:15:28.702159+00:00,London,RANGING,20.00,0.1429,0.001263,0.160666,0.5643,0.350000,0.4357,0.243161,0.189334,0.056800,-0.0100,0.0000,0.275965,0.275965,0.200038,0.0100,False,0.5800,0.4200,False,SELL,SELL,EXECUTION_READY,VALID_SIGNAL,HIGH,False,
2026-05-18T00:15:28.706515+00:00,London,RANGING,20.00,0.1429,0.001263,0.250000,0.5643,0.350000,0.4357,0.293571,0.100000,0.030000,-0.0100,0.0000,0.297686,0.297686,0.176429,0.0100,False,0.5800,0.4200,False,SELL,SELL,EXECUTION_READY,VALID_SIGNAL,HIGH,False,
2026-05-18T00:15:28.720057+00:00,London,RANGING,20.00,0.1429,0.001263,0.214427,0.5643,0.350000,0.4357,0.273498,0.135573,0.040672,-0.0100,0.0000,0.289036,0.289036,0.185830,0.0100,False,0.5800,0.4200,False,SELL,SELL,EXECUTION_READY,VALID_SIGNAL,HIGH,False,
2026-05-18T00:15:28.724308+00:00,London,RANGING,20.00,0.1429,0.001263,0.836354,0.5643,0.650000,0.4357,0.755157,0.186354,0.055906,-0.0100,0.0000,0.689251,0.689251,0.199251,0.0100,False,0.5800,0.4200,False,BUY,BUY,EXECUTION_READY,VALID_SIGNAL,HIGH,False,
2026-05-18T00:15:28.734763+00:00,London,RANGING,20.00,0.1429,0.001263,0.928880,0.5643,0.650000,0.4357,0.807368,0.278880,0.083664,-0.0100,0.0000,0.713704,0.713704,0.223704,0.0100,False,0.5800,0.4200,False,BUY,BUY,EXECUTION_READY,VALID_SIGNAL,HIGH,False,
2026-05-18T00:15:28.739715+00:00,London,RANGING,20.00,0.1429,0.001263,0.814067,0.5643,0.650000,0.4357,0.742581,0.164067,0.049220,-0.0100,0.0000,0.683361,0.683361,0.193361,0.0100,False,0.5800,0.4200,False,BUY,BUY,EXECUTION_READY,VALID_SIGNAL,HIGH,False,
2026-05-18T00:15:28.751142+00:00,London,RANGING,20.00,0.1429,0.001263,0.238069,0.5643,0.350000,0.4357,0.286839,0.111931,0.033579,-0.0100,0.0000,0.294785,0.294785,0.179582,0.0100,False,0.5800,0.4200,False,SELL,SELL,EXECUTION_READY,VALID_SIGNAL,HIGH,False,
2026-05-18T00:15:28.756583+00:00,London,RANGING,20.00,0.1429,0.001263,0.212593,0.5643,0.350000,0.4357,0.272463,0.137407,0.041222,-0.0100,0.0000,0.288590,0.288590,0.186315,0.0100,False,0.5800,0.4200,False,SELL,SELL,EXECUTION_READY,VALID_SIGNAL,HIGH,False,
2026-05-18T00:15:28.760821+00:00,London,RANGING,20.00,0.1429,0.001263,0.041603,0.5643,0.350000,0.4357,0.175976,0.308397,0.092519,-0.0100,0.0000,0.247016,0.247016,0.231505,0.0100,False,0.5800,0.4200,False,SELL,SELL,EXECUTION_READY,VALID_SIGNAL,HIGH,False,
2026-05-18T00:15:28.774986+00:00,London,RANGING,20.00,0.1429,0.001263,0.866614,0.5643,0.650000,0.4357,0.772232,0.216614,0.064984,-0.0100,0.0000,0.697248,0.697248,0.207248,0.0100,False,0.5800,0.4200,False,BUY,BUY,EXECUTION_READY,VALID_SIGNAL,HIGH,False,
2026-05-18T00:15:28.777983+00:00,London,RANGING,20.00,0.1429,0.001263,0.915554,0.5643,0.650000,0.4357,0.799848,0.265554,0.079666,-0.0100,0.0000,0.710182,0.710182,0.220182,0.0100,False,0.5800,0.4200,False,BUY,BUY,EXECUTION_READY,VALID_SIGNAL,HIGH,False,
2026-05-18T00:15:28.789796+00:00,London,RANGING,20.00,0.1429,0.001263,0.965228,0.5643,0.650000,0.4357,0.827879,0.315228,0.094568,-0.0100,0.0000,0.723310,0.723310,0.233310,0.0100,False,0.5800,0.4200,False,BUY,BUY,EXECUTION_READY,VALID_SIGNAL,HIGH,False,
2026-05-18T00:15:28.792637+00:00,London,RANGING,20.00,0.1429,0.001263,0.917269,0.5643,0.650000,0.4357,0.800816,0.267269,0.080181,-0.0100,0.0000,0.710635,0.710635,0.220635,0.0100,False,0.5800,0.4200,False,BUY,BUY,EXECUTION_READY,VALID_SIGNAL,HIGH,False,
2026-05-18T00:15:28.804746+00:00,London,RANGING,20.00,0.1429,0.001263,0.194260,0.5643,0.350000,0.4357,0.262118,0.155740,0.046722,-0.0100,0.0000,0.284133,0.284133,0.191160,0.0100,False,0.5800,0.4200,False,SELL,SELL,EXECUTION_READY,VALID_SIGNAL,HIGH,False,
2026-05-18T00:15:28.806775+00:00,London,RANGING,20.00,0.1429,0.001263,0.094964,0.5643,0.350000,0.4357,0.206087,0.255036,0.076511,-0.0100,0.0000,0.259990,0.259990,0.217402,0.0100,False,0.5800,0.4200,False,SELL,SELL,EXECUTION_READY,VALID_SIGNAL,HIGH,False,
2026-05-18T00:15:28.819803+00:00,London,RANGING,20.00,0.1429,0.001263,0.750000,0.5643,0.650000,0.4357,0.706429,0.100000,0.030000,-0.0100,0.0000,0.666429,0.666429,0.176429,0.0100,False,0.5800,0.4200,False,BUY,BUY,EXECUTION_READY,VALID_SIGNAL,HIGH,False,
2026-05-18T00:15:28.823457+00:00,London,RANGING,20.00,0.1429,0.001263,0.136242,0.5643,0.350000,0.4357,0.229379,0.213758,0.064127,-0.0100,0.0000,0.270026,0.270026,0.206493,0.0100,False,0.5800,0.4200,False,SELL,SELL,EXECUTION_READY,VALID_SIGNAL,HIGH,False,
2026-05-18T00:15:28.833474+00:00,London,RANGING,20.00,0.1429,0.001263,0.765631,0.5643,0.650000,0.4357,0.715249,0.115631,0.034689,-0.0100,0.0000,0.670560,0.670560,0.180560,0.0100,False,0.5800,0.4200,False,BUY,BUY,EXECUTION_READY,VALID_SIGNAL,HIGH,False,
2026-05-18T00:15:28.857076+00:00,London,RANGING,20.00,0.1429,0.001263,0.500000,0.5643,0.650000,0.4357,0.565357,0.150000,0.045000,-0.0100,0.0000,0.480357,0.480357,0.020357,0.0100,False,0.5800,0.4200,False,HOLD,BUY,THRESHOLD_CHECK,BELOW_THRESHOLD,LOW,False,HOLD: Final 0.4804 between BUY>0.5800 and SELL<0.4200
2026-05-18T00:15:28.860255+00:00,London,RANGING,20.00,0.1429,0.001263,0.500000,0.5643,0.650000,0.4357,0.565357,0.150000,0.045000,-0.0100,0.0000,0.510357,0.510357,0.020357,0.0100,False,0.5800,0.4200,False,HOLD,BUY,THRESHOLD_CHECK,BELOW_THRESHOLD,LOW,False,HOLD: Final 0.5104 between BUY>0.5800 and SELL<0.4200
2026-05-18T00:15:28.861793+00:00,London,RANGING,20.00,0.1429,0.001263,0.500000,0.5643,0.650000,0.4357,0.565357,0.150000,0.045000,-0.0100,0.0000,0.480357,0.480357,0.020357,0.0100,False,0.5800,0.4200,False,HOLD,BUY,THRESHOLD_CHECK,BELOW_THRESHOLD,LOW,False,HOLD: Final 0.4804 between BUY>0.5800 and SELL<0.4200
2026-05-18T00:15:28.870546+00:00,London,RANGING,20.00,0.1429,0.001263,0.500000,0.5643,0.650000,0.4357,0.565357,0.150000,0.045000,-0.0100,0.0000,0.510357,0.510357,0.020357,0.0100,False,0.5800,0.4200,False,HOLD,BUY,THRESHOLD_CHECK,BELOW_THRESHOLD,LOW,False,HOLD: Final 0.5104 between BUY>0.5800 and SELL<0.4200
2026-05-18T00:15:28.875861+00:00,London,RANGING,20.00,0.1429,0.001263,0.749000,0.5643,0.650000,0.4357,0.705864,0.099000,0.029700,-0.0100,0.0000,0.636164,0.636164,0.176164,0.0100,False,0.5800,0.4200,False,BUY,BUY,EXECUTION_READY,VALID_SIGNAL,MEDIUM,False,
2026-05-18T00:15:28.888031+00:00,London,RANGING,20.00,0.1429,0.001263,0.749000,0.5643,0.650000,0.4357,0.705864,0.099000,0.029700,-0.0100,0.0000,0.666164,0.666164,0.176164,0.0100,False,0.5800,0.4200,False,BUY,BUY,EXECUTION_READY,VALID_SIGNAL,HIGH,False,
2026-05-18T00:15:28.904375+00:00,London,RANGING,20.00,0.1429,0.001263,0.704867,0.5643,0.650000,0.4357,0.680961,0.054867,0.016460,-0.0100,0.0000,0.624501,0.624501,0.164501,0.0100,False,0.5800,0.4200,False,BUY,BUY,EXECUTION_READY,VALID_SIGNAL,MEDIUM,False,
2026-05-18T00:15:28.910443+00:00,London,RANGING,20.00,0.1429,0.001263,0.704867,0.5643,0.650000,0.4357,0.680961,0.054867,0.016460,-0.0100,0.0000,0.654501,0.654501,0.164501,0.0100,False,0.5800,0.4200,False,BUY,BUY,EXECUTION_READY,VALID_SIGNAL,HIGH,False,
2026-05-18T00:15:28.926760+00:00,London,RANGING,20.00,0.1429,0.001263,0.749000,0.5643,0.650000,0.4357,0.705864,0.099000,0.029700,-0.0100,0.0000,0.636164,0.636164,0.176164,0.0100,False,0.5800,0.4200,False,BUY,BUY,EXECUTION_READY,VALID_SIGNAL,MEDIUM,False,
2026-05-18T00:15:28.929789+00:00,London,RANGING,20.00,0.1429,0.001263,0.749000,0.5643,0.650000,0.4357,0.705864,0.099000,0.029700,-0.0100,0.0000,0.666164,0.666164,0.176164,0.0100,False,0.5800,0.4200,False,BUY,BUY,EXECUTION_READY,VALID_SIGNAL,HIGH,False,
2026-05-18T00:15:28.943107+00:00,London,RANGING,20.00,0.1429,0.001263,0.665288,0.5643,0.650000,0.4357,0.658627,0.015288,0.004586,-0.0100,0.0000,0.614040,0.614040,0.154040,0.0100,False,0.5800,0.4200,False,BUY,BUY,EXECUTION_READY,VALID_SIGNAL,MEDIUM,False,
2026-05-18T00:15:28.947499+00:00,London,RANGING,20.00,0.1429,0.001263,0.665288,0.5643,0.650000,0.4357,0.658627,0.015288,0.004586,-0.0100,0.0000,0.644040,0.644040,0.154040,0.0100,False,0.5800,0.4200,False,BUY,BUY,EXECUTION_READY,VALID_SIGNAL,MEDIUM,False,
2026-05-18T00:15:28.970030+00:00,London,RANGING,20.00,0.1429,0.001263,0.513602,0.5643,0.650000,0.4357,0.573032,0.136398,0.040920,-0.0100,0.0000,0.492113,0.492113,0.032113,0.0100,False,0.5800,0.4200,False,HOLD,BUY,THRESHOLD_CHECK,BELOW_THRESHOLD,LOW,False,HOLD: Final 0.4921 between BUY>0.5800 and SELL<0.4200
2026-05-18T00:15:28.976720+00:00,London,RANGING,20.00,0.1429,0.001263,0.513602,0.5643,0.650000,0.4357,0.573032,0.136398,0.040920,-0.0100,0.0000,0.522113,0.522113,0.032113,0.0100,False,0.5800,0.4200,False,HOLD,BUY,THRESHOLD_CHECK,BELOW_THRESHOLD,LOW,False,HOLD: Final 0.5221 between BUY>0.5800 and SELL<0.4200
2026-05-18T00:15:28.993228+00:00,London,RANGING,20.00,0.1429,0.001263,0.605331,0.5643,0.650000,0.4357,0.624794,0.044669,0.013401,-0.0100,0.0000,0.571393,0.571393,0.111393,0.0100,False,0.5800,0.4200,False,HOLD,BUY,THRESHOLD_CHECK,BELOW_THRESHOLD,LOW,False,HOLD: Final 0.5714 between BUY>0.5800 and SELL<0.4200
2026-05-18T00:15:28.998254+00:00,London,RANGING,20.00,0.1429,0.001263,0.605331,0.5643,0.650000,0.4357,0.624794,0.044669,0.013401,-0.0100,0.0000,0.601393,0.601393,0.111393,0.0100,False,0.5800,0.4200,False,BUY,BUY,EXECUTION_READY,VALID_SIGNAL,MEDIUM,False,
2026-05-18T00:15:29.010476+00:00,London,RANGING,20.00,0.1429,0.001263,0.624636,0.5643,0.650000,0.4357,0.635687,0.025364,0.007609,-0.0100,0.0000,0.588078,0.588078,0.128078,0.0100,False,0.5800,0.4200,False,BUY,BUY,EXECUTION_READY,VALID_SIGNAL,MEDIUM,False,
2026-05-18T00:15:29.020584+00:00,London,RANGING,20.00,0.1429,0.001263,0.624636,0.5643,0.650000,0.4357,0.635687,0.025364,0.007609,-0.0100,0.0000,0.618078,0.618078,0.128078,0.0100,False,0.5800,0.4200,False,BUY,BUY,EXECUTION_READY,VALID_SIGNAL,MEDIUM,False,
2026-05-18T00:15:29.034976+00:00,London,RANGING,20.00,0.1429,0.001263,0.629853,0.5643,0.650000,0.4357,0.638631,0.020147,0.006044,-0.0100,0.0000,0.592587,0.592587,0.132587,0.0100,False,0.5800,0.4200,False,BUY,BUY,EXECUTION_READY,VALID_SIGNAL,MEDIUM,False,
2026-05-18T00:15:29.038767+00:00,London,RANGING,20.00,0.1429,0.001263,0.629853,0.5643,0.650000,0.4357,0.638631,0.020147,0.006044,-0.0100,0.0000,0.622587,0.622587,0.132587,0.0100,False,0.5800,0.4200,False,BUY,BUY,EXECUTION_READY,VALID_SIGNAL,MEDIUM,False,
2026-05-18T00:15:29.054206+00:00,London,RANGING,20.00,0.1429,0.001263,0.513462,0.5643,0.650000,0.4357,0.572954,0.136538,0.040961,-0.0100,0.0000,0.491993,0.491993,0.031993,0.0100,False,0.5800,0.4200,False,HOLD,BUY,THRESHOLD_CHECK,BELOW_THRESHOLD,LOW,False,HOLD: Final 0.4920 between BUY>0.5800 and SELL<0.4200
2026-05-18T00:15:29.061231+00:00,London,RANGING,20.00,0.1429,0.001263,0.513462,0.5643,0.650000,0.4357,0.572954,0.136538,0.040961,-0.0100,0.0000,0.521993,0.521993,0.031993,0.0100,False,0.5800,0.4200,False,HOLD,BUY,THRESHOLD_CHECK,BELOW_THRESHOLD,LOW,False,HOLD: Final 0.5220 between BUY>0.5800 and SELL<0.4200
2026-05-18T00:15:29.074464+00:00,London,RANGING,20.00,0.1429,0.001263,0.654362,0.5643,0.650000,0.4357,0.652462,0.004362,0.001309,-0.0100,0.0000,0.611153,0.611153,0.151153,0.0100,False,0.5800,0.4200,False,BUY,BUY,EXECUTION_READY,VALID_SIGNAL,MEDIUM,False,
2026-05-18T00:15:29.080692+00:00,London,RANGING,20.00,0.1429,0.001263,0.654362,0.5643,0.650000,0.4357,0.652462,0.004362,0.001309,-0.0100,0.0000,0.641153,0.641153,0.151153,0.0100,False,0.5800,0.4200,False,BUY,BUY,EXECUTION_READY,VALID_SIGNAL,MEDIUM,False,
2026-05-18T00:15:29.093484+00:00,London,RANGING,20.00,0.1429,0.001263,0.639243,0.5643,0.650000,0.4357,0.643930,0.010757,0.003227,-0.0100,0.0000,0.600702,0.600702,0.140702,0.0100,False,0.5800,0.4200,False,BUY,BUY,EXECUTION_READY,VALID_SIGNAL,MEDIUM,False,
2026-05-18T00:15:29.096766+00:00,London,RANGING,20.00,0.1429,0.001263,0.639243,0.5643,0.650000,0.4357,0.643930,0.010757,0.003227,-0.0100,0.0000,0.630702,0.630702,0.140702,0.0100,False,0.5800,0.4200,False,BUY,BUY,EXECUTION_READY,VALID_SIGNAL,MEDIUM,False,
2026-05-18T00:15:29.108276+00:00,London,RANGING,20.00,0.1429,0.001263,0.510361,0.5643,0.650000,0.4357,0.571204,0.139639,0.041892,-0.0100,0.0000,0.489312,0.489312,0.029312,0.0100,False,0.5800,0.4200,False,HOLD,BUY,THRESHOLD_CHECK,BELOW_THRESHOLD,LOW,False,HOLD: Final 0.4893 between BUY>0.5800 and SELL<0.4200
2026-05-18T00:15:29.110997+00:00,London,RANGING,20.00,0.1429,0.001263,0.510361,0.5643,0.650000,0.4357,0.571204,0.139639,0.041892,-0.0100,0.0000,0.519312,0.519312,0.029312,0.0100,False,0.5800,0.4200,False,HOLD,BUY,THRESHOLD_CHECK,BELOW_THRESHOLD,LOW,False,HOLD: Final 0.5193 between BUY>0.5800 and SELL<0.4200
2026-05-18T00:15:29.173384+00:00,London,RANGING,20.00,0.1429,0.001263,0.605324,0.5643,0.650000,0.4357,0.624790,0.044676,0.013403,-0.0100,0.0000,0.571387,0.571387,0.111387,0.0100,False,0.5800,0.4200,False,HOLD,BUY,THRESHOLD_CHECK,BELOW_THRESHOLD,LOW,False,HOLD: Final 0.5714 between BUY>0.5800 and SELL<0.4200
2026-05-18T00:15:29.180434+00:00,London,RANGING,20.00,0.1429,0.001263,0.605324,0.5643,0.650000,0.4357,0.624790,0.044676,0.013403,-0.0100,0.0000,0.601387,0.601387,0.111387,0.0100,False,0.5800,0.4200,False,BUY,BUY,EXECUTION_READY,VALID_SIGNAL,MEDIUM,False,
2026-05-18T00:15:29.190030+00:00,London,RANGING,20.00,0.1429,0.001263,0.581619,0.5643,0.650000,0.4357,0.611414,0.068381,0.020514,-0.0100,0.0000,0.550899,0.550899,0.090899,0.0100,False,0.5800,0.4200,False,HOLD,BUY,THRESHOLD_CHECK,BELOW_THRESHOLD,LOW,False,HOLD: Final 0.5509 between BUY>0.5800 and SELL<0.4200
2026-05-18T00:15:29.193215+00:00,London,RANGING,20.00,0.1429,0.001263,0.581619,0.5643,0.650000,0.4357,0.611414,0.068381,0.020514,-0.0100,0.0000,0.580899,0.580899,0.090899,0.0100,False,0.5800,0.4200,False,BUY,BUY,EXECUTION_READY,VALID_SIGNAL,MEDIUM,False,
2026-05-18T00:15:29.201052+00:00,London,RANGING,20.00,0.1429,0.001263,0.638991,0.5643,0.650000,0.4357,0.643788,0.011009,0.003303,-0.0100,0.0000,0.600485,0.600485,0.140485,0.0100,False,0.5800,0.4200,False,BUY,BUY,EXECUTION_READY,VALID_SIGNAL,MEDIUM,False,
2026-05-18T00:15:29.204046+00:00,London,RANGING,20.00,0.1429,0.001263,0.638991,0.5643,0.650000,0.4357,0.643788,0.011009,0.003303,-0.0100,0.0000,0.630485,0.630485,0.140485,0.0100,False,0.5800,0.4200,False,BUY,BUY,EXECUTION_READY,VALID_SIGNAL,MEDIUM,False,
2026-05-18T00:15:29.207302+00:00,London,RANGING,20.00,0.1429,0.001263,0.615195,0.5643,0.650000,0.4357,0.630360,0.034805,0.010442,-0.0100,0.0000,0.579918,0.579918,0.119918,0.0100,False,0.5800,0.4200,False,HOLD,BUY,THRESHOLD_CHECK,BELOW_THRESHOLD,LOW,False,HOLD: Final 0.5799 between BUY>0.5800 and SELL<0.4200
2026-05-18T00:15:29.214254+00:00,London,RANGING,20.00,0.1429,0.001263,0.615195,0.5643,0.650000,0.4357,0.630360,0.034805,0.010442,-0.0100,0.0000,0.609918,0.609918,0.119918,0.0100,False,0.5800,0.4200,False,BUY,BUY,EXECUTION_READY,VALID_SIGNAL,MEDIUM,False,
2026-05-18T00:15:29.222661+00:00,London,RANGING,20.00,0.1429,0.001263,0.529709,0.5643,0.650000,0.4357,0.582122,0.120291,0.036087,-0.0100,0.0000,0.506035,0.506035,0.046035,0.0100,False,0.5800,0.4200,False,HOLD,BUY,THRESHOLD_CHECK,BELOW_THRESHOLD,LOW,False,HOLD: Final 0.5060 between BUY>0.5800 and SELL<0.4200
2026-05-18T00:15:29.224851+00:00,London,RANGING,20.00,0.1429,0.001263,0.529709,0.5643,0.650000,0.4357,0.582122,0.120291,0.036087,-0.0100,0.0000,0.536035,0.536035,0.046035,0.0100,False,0.5800,0.4200,False,HOLD,BUY,THRESHOLD_CHECK,BELOW_THRESHOLD,LOW,False,HOLD: Final 0.5360 between BUY>0.5800 and SELL<0.4200
2026-05-18T00:15:29.227342+00:00,London,RANGING,20.00,0.1429,0.001263,0.593144,0.5643,0.650000,0.4357,0.617917,0.056856,0.017057,-0.0100,0.0000,0.560860,0.560860,0.100860,0.0100,False,0.5800,0.4200,False,HOLD,BUY,THRESHOLD_CHECK,BELOW_THRESHOLD,LOW,False,HOLD: Final 0.5609 between BUY>0.5800 and SELL<0.4200
2026-05-18T00:15:29.234752+00:00,London,RANGING,20.00,0.1429,0.001263,0.593144,0.5643,0.650000,0.4357,0.617917,0.056856,0.017057,-0.0100,0.0000,0.590860,0.590860,0.100860,0.0100,False,0.5800,0.4200,False,BUY,BUY,EXECUTION_READY,VALID_SIGNAL,MEDIUM,False,
2026-05-18T00:15:29.240602+00:00,London,RANGING,20.00,0.1429,0.001263,0.574446,0.5643,0.650000,0.4357,0.607366,0.075554,0.022666,-0.0100,0.0000,0.544700,0.544700,0.084700,0.0100,False,0.5800,0.4200,False,HOLD,BUY,THRESHOLD_CHECK,BELOW_THRESHOLD,LOW,False,HOLD: Final 0.5447 between BUY>0.5800 and SELL<0.4200
2026-05-18T00:15:29.246150+00:00,London,RANGING,20.00,0.1429,0.001263,0.574446,0.5643,0.650000,0.4357,0.607366,0.075554,0.022666,-0.0100,0.0000,0.574700,0.574700,0.084700,0.0100,False,0.5800,0.4200,False,HOLD,BUY,THRESHOLD_CHECK,BELOW_THRESHOLD,LOW,False,HOLD: Final 0.5747 between BUY>0.5800 and SELL<0.4200
2026-05-18T00:15:29.256954+00:00,London,RANGING,20.00,0.1429,0.001263,0.605218,0.5643,0.650000,0.4357,0.624730,0.044782,0.013435,-0.0100,0.0000,0.571296,0.571296,0.111296,0.0100,False,0.5800,0.4200,False,HOLD,BUY,THRESHOLD_CHECK,BELOW_THRESHOLD,LOW,False,HOLD: Final 0.5713 between BUY>0.5800 and SELL<0.4200
2026-05-18T00:15:29.260742+00:00,London,RANGING,20.00,0.1429,0.001263,0.605218,0.5643,0.650000,0.4357,0.624730,0.044782,0.013435,-0.0100,0.0000,0.601296,0.601296,0.111296,0.0100,False,0.5800,0.4200,False,BUY,BUY,EXECUTION_READY,VALID_SIGNAL,MEDIUM,False,
2026-05-18T00:15:29.268318+00:00,London,RANGING,20.00,0.1429,0.001263,0.733333,0.5643,0.650000,0.4357,0.697023,0.083333,0.025000,-0.0100,0.0000,0.632024,0.632024,0.172024,0.0100,False,0.5800,0.4200,False,BUY,BUY,EXECUTION_READY,VALID_SIGNAL,MEDIUM,False,
2026-05-18T00:15:29.271864+00:00,London,RANGING,20.00,0.1429,0.001263,0.733333,0.5643,0.650000,0.4357,0.697023,0.083333,0.025000,-0.0100,0.0000,0.662024,0.662024,0.172024,0.0100,False,0.5800,0.4200,False,BUY,BUY,EXECUTION_READY,VALID_SIGNAL,HIGH,False,
2026-05-18T00:15:29.273694+00:00,London,RANGING,20.00,0.1429,0.001263,0.637344,0.5643,0.650000,0.4357,0.642859,0.012656,0.003797,-0.0100,0.0000,0.599062,0.599062,0.139062,0.0100,False,0.5800,0.4200,False,BUY,BUY,EXECUTION_READY,VALID_SIGNAL,MEDIUM,False,
2026-05-18T00:15:29.281885+00:00,London,RANGING,20.00,0.1429,0.001263,0.637344,0.5643,0.650000,0.4357,0.642859,0.012656,0.003797,-0.0100,0.0000,0.629062,0.629062,0.139062,0.0100,False,0.5800,0.4200,False,BUY,BUY,EXECUTION_READY,VALID_SIGNAL,MEDIUM,False,
2026-05-18T00:15:29.289884+00:00,London,RANGING,20.00,0.1429,0.001263,0.500000,0.5643,0.650000,0.4357,0.565357,0.150000,0.045000,-0.0100,0.0000,0.480357,0.480357,0.020357,0.0100,False,0.5800,0.4200,False,HOLD,BUY,THRESHOLD_CHECK,BELOW_THRESHOLD,LOW,False,HOLD: Final 0.4804 between BUY>0.5800 and SELL<0.4200
2026-05-18T00:15:29.296021+00:00,London,RANGING,20.00,0.1429,0.001263,0.500000,0.5643,0.650000,0.4357,0.565357,0.150000,0.045000,-0.0100,0.0000,0.510357,0.510357,0.020357,0.0100,False,0.5800,0.4200,False,HOLD,BUY,THRESHOLD_CHECK,BELOW_THRESHOLD,LOW,False,HOLD: Final 0.5104 between BUY>0.5800 and SELL<0.4200
2026-05-18T00:15:29.306548+00:00,London,RANGING,20.00,0.1429,0.001263,0.621755,0.5643,0.650000,0.4357,0.634062,0.028245,0.008474,-0.0100,0.0000,0.585588,0.585588,0.125588,0.0100,False,0.5800,0.4200,False,BUY,BUY,EXECUTION_READY,VALID_SIGNAL,MEDIUM,False,
2026-05-18T00:15:29.308687+00:00,London,RANGING,20.00,0.1429,0.001263,0.621755,0.5643,0.650000,0.4357,0.634062,0.028245,0.008474,-0.0100,0.0000,0.615588,0.615588,0.125588,0.0100,False,0.5800,0.4200,False,BUY,BUY,EXECUTION_READY,VALID_SIGNAL,MEDIUM,False,
2026-05-18T00:15:29.316966+00:00,London,RANGING,20.00,0.1429,0.001263,0.668787,0.5643,0.650000,0.4357,0.660601,0.018787,0.005636,-0.0100,0.0000,0.614965,0.614965,0.154965,0.0100,False,0.5800,0.4200,False,BUY,BUY,EXECUTION_READY,VALID_SIGNAL,MEDIUM,False,
2026-05-18T00:15:29.320359+00:00,London,RANGING,20.00,0.1429,0.001263,0.668787,0.5643,0.650000,0.4357,0.660601,0.018787,0.005636,-0.0100,0.0000,0.644965,0.644965,0.154965,0.0100,False,0.5800,0.4200,False,BUY,BUY,EXECUTION_READY,VALID_SIGNAL,MEDIUM,False,
2026-05-18T00:15:29.323410+00:00,London,RANGING,20.00,0.1429,0.001263,0.747342,0.5643,0.650000,0.4357,0.704929,0.097342,0.029203,-0.0100,0.0000,0.635726,0.635726,0.175726,0.0100,False,0.5800,0.4200,False,BUY,BUY,EXECUTION_READY,VALID_SIGNAL,MEDIUM,False,
2026-05-18T00:15:29.329605+00:00,London,RANGING,20.00,0.1429,0.001263,0.747342,0.5643,0.650000,0.4357,0.704929,0.097342,0.029203,-0.0100,0.0000,0.665726,0.665726,0.175726,0.0100,False,0.5800,0.4200,False,BUY,BUY,EXECUTION_READY,VALID_SIGNAL,HIGH,False,
2026-05-18T00:15:29.336358+00:00,London,RANGING,20.00,0.1429,0.001263,0.510211,0.5643,0.650000,0.4357,0.571119,0.139789,0.041937,-0.0100,0.0000,0.489183,0.489183,0.029183,0.0100,False,0.5800,0.4200,False,HOLD,BUY,THRESHOLD_CHECK,BELOW_THRESHOLD,LOW,False,HOLD: Final 0.4892 between BUY>0.5800 and SELL<0.4200
2026-05-18T00:15:29.339288+00:00,London,RANGING,20.00,0.1429,0.001263,0.510211,0.5643,0.650000,0.4357,0.571119,0.139789,0.041937,-0.0100,0.0000,0.519183,0.519183,0.029183,0.0100,False,0.5800,0.4200,False,HOLD,BUY,THRESHOLD_CHECK,BELOW_THRESHOLD,LOW,False,HOLD: Final 0.5192 between BUY>0.5800 and SELL<0.4200
2026-05-18T00:15:29.341077+00:00,London,RANGING,20.00,0.1429,0.001263,0.541033,0.5643,0.650000,0.4357,0.588511,0.108967,0.032690,-0.0100,0.0000,0.515821,0.515821,0.055821,0.0100,False,0.5800,0.4200,False,HOLD,BUY,THRESHOLD_CHECK,BELOW_THRESHOLD,LOW,False,HOLD: Final 0.5158 between BUY>0.5800 and SELL<0.4200
2026-05-18T00:15:29.346780+00:00,London,RANGING,20.00,0.1429,0.001263,0.541033,0.5643,0.650000,0.4357,0.588511,0.108967,0.032690,-0.0100,0.0000,0.545821,0.545821,0.055821,0.0100,False,0.5800,0.4200,False,HOLD,BUY,THRESHOLD_CHECK,BELOW_THRESHOLD,LOW,False,HOLD: Final 0.5458 between BUY>0.5800 and SELL<0.4200
2026-05-18T00:15:29.351334+00:00,London,RANGING,20.00,0.1429,0.001263,0.520613,0.5643,0.650000,0.4357,0.576989,0.129387,0.038816,-0.0100,0.0000,0.498173,0.498173,0.038173,0.0100,False,0.5800,0.4200,False,HOLD,BUY,THRESHOLD_CHECK,BELOW_THRESHOLD,LOW,False,HOLD: Final 0.4982 between BUY>0.5800 and SELL<0.4200
2026-05-18T00:15:29.353323+00:00,London,RANGING,20.00,0.1429,0.001263,0.520613,0.5643,0.650000,0.4357,0.576989,0.129387,0.038816,-0.0100,0.0000,0.528173,0.528173,0.038173,0.0100,False,0.5800,0.4200,False,HOLD,BUY,THRESHOLD_CHECK,BELOW_THRESHOLD,LOW,False,HOLD: Final 0.5282 between BUY>0.5800 and SELL<0.4200
2026-05-18T00:15:29.354321+00:00,London,RANGING,20.00,0.1429,0.001263,0.713226,0.5643,0.650000,0.4357,0.685678,0.063226,0.018968,-0.0100,0.0000,0.626710,0.626710,0.166710,0.0100,False,0.5800,0.4200,False,BUY,BUY,EXECUTION_READY,VALID_SIGNAL,MEDIUM,False,
2026-05-18T00:15:29.360101+00:00,London,RANGING,20.00,0.1429,0.001263,0.713226,0.5643,0.650000,0.4357,0.685678,0.063226,0.018968,-0.0100,0.0000,0.656710,0.656710,0.166710,0.0100,False,0.5800,0.4200,False,BUY,BUY,EXECUTION_READY,VALID_SIGNAL,HIGH,False,
2026-05-18T00:15:29.362852+00:00,London,RANGING,20.00,0.1429,0.001263,0.698839,0.5643,0.650000,0.4357,0.677559,0.048839,0.014652,-0.0100,0.0000,0.622907,0.622907,0.162907,0.0100,False,0.5800,0.4200,False,BUY,BUY,EXECUTION_READY,VALID_SIGNAL,MEDIUM,False,
2026-05-18T00:15:29.366660+00:00,London,RANGING,20.00,0.1429,0.001263,0.698839,0.5643,0.650000,0.4357,0.677559,0.048839,0.014652,-0.0100,0.0000,0.652907,0.652907,0.162907,0.0100,False,0.5800,0.4200,False,BUY,BUY,EXECUTION_READY,VALID_SIGNAL,HIGH,False,
2026-05-18T00:15:29.370392+00:00,London,RANGING,20.00,0.1429,0.001263,0.581881,0.5643,0.650000,0.4357,0.611561,0.068119,0.020436,-0.0100,0.0000,0.551125,0.551125,0.091125,0.0100,False,0.5800,0.4200,False,HOLD,BUY,THRESHOLD_CHECK,BELOW_THRESHOLD,LOW,False,HOLD: Final 0.5511 between BUY>0.5800 and SELL<0.4200
2026-05-18T00:15:29.372531+00:00,London,RANGING,20.00,0.1429,0.001263,0.581881,0.5643,0.650000,0.4357,0.611561,0.068119,0.020436,-0.0100,0.0000,0.581125,0.581125,0.091125,0.0100,False,0.5800,0.4200,False,BUY,BUY,EXECUTION_READY,VALID_SIGNAL,MEDIUM,False,
2026-05-18T00:15:29.374561+00:00,London,RANGING,20.00,0.1429,0.001263,0.549728,0.5643,0.650000,0.4357,0.593418,0.100272,0.030082,-0.0100,0.0000,0.523336,0.523336,0.063336,0.0100,False,0.5800,0.4200,False,HOLD,BUY,THRESHOLD_CHECK,BELOW_THRESHOLD,LOW,False,HOLD: Final 0.5233 between BUY>0.5800 and SELL<0.4200
2026-05-18T00:15:29.378316+00:00,London,RANGING,20.00,0.1429,0.001263,0.549728,0.5643,0.650000,0.4357,0.593418,0.100272,0.030082,-0.0100,0.0000,0.553336,0.553336,0.063336,0.0100,False,0.5800,0.4200,False,HOLD,BUY,THRESHOLD_CHECK,BELOW_THRESHOLD,LOW,False,HOLD: Final 0.5533 between BUY>0.5800 and SELL<0.4200
2026-05-18T00:15:29.379657+00:00,London,RANGING,20.00,0.1429,0.001263,0.500000,0.5643,0.650000,0.4357,0.565357,0.150000,0.045000,-0.0100,0.0000,0.480357,0.480357,0.020357,0.0100,False,0.5800,0.4200,False,HOLD,BUY,THRESHOLD_CHECK,BELOW_THRESHOLD,LOW,False,HOLD: Final 0.4804 between BUY>0.5800 and SELL<0.4200
2026-05-18T00:15:29.384505+00:00,London,RANGING,20.00,0.1429,0.001263,0.500000,0.5643,0.650000,0.4357,0.565357,0.150000,0.045000,-0.0100,0.0000,0.510357,0.510357,0.020357,0.0100,False,0.5800,0.4200,False,HOLD,BUY,THRESHOLD_CHECK,BELOW_THRESHOLD,LOW,False,HOLD: Final 0.5104 between BUY>0.5800 and SELL<0.4200
2026-05-18T00:15:29.391212+00:00,London,RANGING,20.00,0.1429,0.001263,0.539754,0.5643,0.650000,0.4357,0.587790,0.110246,0.033074,-0.0100,0.0000,0.514716,0.514716,0.054716,0.0100,False,0.5800,0.4200,False,HOLD,BUY,THRESHOLD_CHECK,BELOW_THRESHOLD,LOW,False,HOLD: Final 0.5147 between BUY>0.5800 and SELL<0.4200
2026-05-18T00:15:29.392928+00:00,London,RANGING,20.00,0.1429,0.001263,0.539754,0.5643,0.650000,0.4357,0.587790,0.110246,0.033074,-0.0100,0.0000,0.544716,0.544716,0.054716,0.0100,False,0.5800,0.4200,False,HOLD,BUY,THRESHOLD_CHECK,BELOW_THRESHOLD,LOW,False,HOLD: Final 0.5447 between BUY>0.5800 and SELL<0.4200
2026-05-18T00:15:29.394489+00:00,London,RANGING,20.00,0.1429,0.001263,0.629717,0.5643,0.650000,0.4357,0.638554,0.020283,0.006085,-0.0100,0.0000,0.592469,0.592469,0.132469,0.0100,False,0.5800,0.4200,False,BUY,BUY,EXECUTION_READY,VALID_SIGNAL,MEDIUM,False,
2026-05-18T00:15:29.399964+00:00,London,RANGING,20.00,0.1429,0.001263,0.629717,0.5643,0.650000,0.4357,0.638554,0.020283,0.006085,-0.0100,0.0000,0.622469,0.622469,0.132469,0.0100,False,0.5800,0.4200,False,BUY,BUY,EXECUTION_READY,VALID_SIGNAL,MEDIUM,False,
2026-05-18T00:15:29.407729+00:00,London,RANGING,20.00,0.1429,0.001263,0.567368,0.5643,0.650000,0.4357,0.603372,0.082632,0.024790,-0.0100,0.0000,0.538582,0.538582,0.078582,0.0100,False,0.5800,0.4200,False,HOLD,BUY,THRESHOLD_CHECK,BELOW_THRESHOLD,LOW,False,HOLD: Final 0.5386 between BUY>0.5800 and SELL<0.4200
2026-05-18T00:15:29.410383+00:00,London,RANGING,20.00,0.1429,0.001263,0.567368,0.5643,0.650000,0.4357,0.603372,0.082632,0.024790,-0.0100,0.0000,0.568582,0.568582,0.078582,0.0100,False,0.5800,0.4200,False,HOLD,BUY,THRESHOLD_CHECK,BELOW_THRESHOLD,LOW,False,HOLD: Final 0.5686 between BUY>0.5800 and SELL<0.4200
2026-05-18T00:15:29.416654+00:00,London,RANGING,20.00,0.1429,0.001263,0.646629,0.5643,0.650000,0.4357,0.648098,0.003371,0.001011,-0.0100,0.0000,0.607087,0.607087,0.147087,0.0100,False,0.5800,0.4200,False,BUY,BUY,EXECUTION_READY,VALID_SIGNAL,MEDIUM,False,
2026-05-18T00:15:29.418898+00:00,London,RANGING,20.00,0.1429,0.001263,0.646629,0.5643,0.650000,0.4357,0.648098,0.003371,0.001011,-0.0100,0.0000,0.637087,0.637087,0.147087,0.0100,False,0.5800,0.4200,False,BUY,BUY,EXECUTION_READY,VALID_SIGNAL,MEDIUM,False,
2026-05-18T00:15:29.427547+00:00,London,RANGING,20.00,0.1429,0.001263,0.645366,0.5643,0.650000,0.4357,0.647385,0.004634,0.001390,-0.0100,0.0000,0.605995,0.605995,0.145995,0.0100,False,0.5800,0.4200,False,BUY,BUY,EXECUTION_READY,VALID_SIGNAL,MEDIUM,False,
2026-05-18T00:15:29.430310+00:00,London,RANGING,20.00,0.1429,0.001263,0.645366,0.5643,0.650000,0.4357,0.647385,0.004634,0.001390,-0.0100,0.0000,0.635995,0.635995,0.145995,0.0100,False,0.5800,0.4200,False,BUY,BUY,EXECUTION_READY,VALID_SIGNAL,MEDIUM,False,
2026-05-18T00:15:29.438735+00:00,London,RANGING,20.00,0.1429,0.001263,0.718668,0.5643,0.650000,0.4357,0.688748,0.068668,0.020600,-0.0100,0.0000,0.628148,0.628148,0.168148,0.0100,False,0.5800,0.4200,False,BUY,BUY,EXECUTION_READY,VALID_SIGNAL,MEDIUM,False,
2026-05-18T00:15:29.440071+00:00,London,RANGING,20.00,0.1429,0.001263,0.718668,0.5643,0.650000,0.4357,0.688748,0.068668,0.020600,-0.0100,0.0000,0.658148,0.658148,0.168148,0.0100,False,0.5800,0.4200,False,BUY,BUY,EXECUTION_READY,VALID_SIGNAL,HIGH,False,
2026-05-18T00:15:29.443520+00:00,London,RANGING,20.00,0.1429,0.001263,0.699180,0.5643,0.650000,0.4357,0.677751,0.049180,0.014754,-0.0100,0.0000,0.622997,0.622997,0.162997,0.0100,False,0.5800,0.4200,False,BUY,BUY,EXECUTION_READY,VALID_SIGNAL,MEDIUM,False,
2026-05-18T00:15:29.448743+00:00,London,RANGING,20.00,0.1429,0.001263,0.699180,0.5643,0.650000,0.4357,0.677751,0.049180,0.014754,-0.0100,0.0000,0.652997,0.652997,0.162997,0.0100,False,0.5800,0.4200,False,BUY,BUY,EXECUTION_READY,VALID_SIGNAL,HIGH,False,
2026-05-18T00:15:29.457086+00:00,London,RANGING,20.00,0.1429,0.001263,0.721678,0.5643,0.650000,0.4357,0.690447,0.071678,0.021503,-0.0100,0.0000,0.628944,0.628944,0.168944,0.0100,False,0.5800,0.4200,False,BUY,BUY,EXECUTION_READY,VALID_SIGNAL,MEDIUM,False,
2026-05-18T00:15:29.460597+00:00,London,RANGING,20.00,0.1429,0.001263,0.721678,0.5643,0.650000,0.4357,0.690447,0.071678,0.021503,-0.0100,0.0000,0.658944,0.658944,0.168944,0.0100,False,0.5800,0.4200,False,BUY,BUY,EXECUTION_READY,VALID_SIGNAL,HIGH,False,
2026-05-18T00:15:29.462172+00:00,London,RANGING,20.00,0.1429,0.001263,0.614844,0.5643,0.650000,0.4357,0.630162,0.035156,0.010547,-0.0100,0.0000,0.579615,0.579615,0.119615,0.0100,False,0.5800,0.4200,False,HOLD,BUY,THRESHOLD_CHECK,BELOW_THRESHOLD,LOW,False,HOLD: Final 0.5796 between BUY>0.5800 and SELL<0.4200
2026-05-18T00:15:29.468445+00:00,London,RANGING,20.00,0.1429,0.001263,0.614844,0.5643,0.650000,0.4357,0.630162,0.035156,0.010547,-0.0100,0.0000,0.609615,0.609615,0.119615,0.0100,False,0.5800,0.4200,False,BUY,BUY,EXECUTION_READY,VALID_SIGNAL,MEDIUM,False,
2026-05-18T00:15:29.472458+00:00,London,RANGING,20.00,0.1429,0.001263,0.541886,0.5643,0.650000,0.4357,0.588993,0.108114,0.032434,-0.0100,0.0000,0.516559,0.516559,0.056559,0.0100,False,0.5800,0.4200,False,HOLD,BUY,THRESHOLD_CHECK,BELOW_THRESHOLD,LOW,False,HOLD: Final 0.5166 between BUY>0.5800 and SELL<0.4200
2026-05-18T00:15:29.476820+00:00,London,RANGING,20.00,0.1429,0.001263,0.541886,0.5643,0.650000,0.4357,0.588993,0.108114,0.032434,-0.0100,0.0000,0.546559,0.546559,0.056559,0.0100,False,0.5800,0.4200,False,HOLD,BUY,THRESHOLD_CHECK,BELOW_THRESHOLD,LOW,False,HOLD: Final 0.5466 between BUY>0.5800 and SELL<0.4200
2026-05-18T00:15:29.478832+00:00,London,RANGING,20.00,0.1429,0.001263,0.746206,0.5643,0.650000,0.4357,0.704288,0.096206,0.028862,-0.0100,0.0000,0.635426,0.635426,0.175426,0.0100,False,0.5800,0.4200,False,BUY,BUY,EXECUTION_READY,VALID_SIGNAL,MEDIUM,False,
2026-05-18T00:15:29.484677+00:00,London,RANGING,20.00,0.1429,0.001263,0.746206,0.5643,0.650000,0.4357,0.704288,0.096206,0.028862,-0.0100,0.0000,0.665426,0.665426,0.175426,0.0100,False,0.5800,0.4200,False,BUY,BUY,EXECUTION_READY,VALID_SIGNAL,HIGH,False,
2026-05-18T00:15:29.489431+00:00,London,RANGING,20.00,0.1429,0.001263,0.725569,0.5643,0.650000,0.4357,0.692642,0.075569,0.022671,-0.0100,0.0000,0.629972,0.629972,0.169972,0.0100,False,0.5800,0.4200,False,BUY,BUY,EXECUTION_READY,VALID_SIGNAL,MEDIUM,False,
2026-05-18T00:15:29.492858+00:00,London,RANGING,20.00,0.1429,0.001263,0.725569,0.5643,0.650000,0.4357,0.692642,0.075569,0.022671,-0.0100,0.0000,0.659972,0.659972,0.169972,0.0100,False,0.5800,0.4200,False,BUY,BUY,EXECUTION_READY,VALID_SIGNAL,HIGH,False,
2026-05-18T00:15:29.494499+00:00,London,RANGING,20.00,0.1429,0.001263,0.627245,0.5643,0.650000,0.4357,0.637159,0.022755,0.006827,-0.0100,0.0000,0.590333,0.590333,0.130333,0.0100,False,0.5800,0.4200,False,BUY,BUY,EXECUTION_READY,VALID_SIGNAL,MEDIUM,False,
2026-05-18T00:15:29.498472+00:00,London,RANGING,20.00,0.1429,0.001263,0.627245,0.5643,0.650000,0.4357,0.637159,0.022755,0.006827,-0.0100,0.0000,0.620333,0.620333,0.130333,0.0100,False,0.5800,0.4200,False,BUY,BUY,EXECUTION_READY,VALID_SIGNAL,MEDIUM,False,
2026-05-18T00:15:29.503707+00:00,London,RANGING,20.00,0.1429,0.001263,0.733498,0.5643,0.650000,0.4357,0.697117,0.083498,0.025049,-0.0100,0.0000,0.632067,0.632067,0.172067,0.0100,False,0.5800,0.4200,False,BUY,BUY,EXECUTION_READY,VALID_SIGNAL,MEDIUM,False,
2026-05-18T00:15:29.505962+00:00,London,RANGING,20.00,0.1429,0.001263,0.733498,0.5643,0.650000,0.4357,0.697117,0.083498,0.025049,-0.0100,0.0000,0.662067,0.662067,0.172067,0.0100,False,0.5800,0.4200,False,BUY,BUY,EXECUTION_READY,VALID_SIGNAL,HIGH,False,
2026-05-18T00:15:29.903487+00:00,London,RANGING,15.00,0.0000,0.001000,0.650000,0.5500,0.650000,0.4500,0.650000,0.000000,0.000000,-0.0100,0.0000,0.625000,0.625000,0.150000,0.0100,False,0.5800,0.4200,False,BUY,BUY,EXECUTION_READY,VALID_SIGNAL,MEDIUM,False,
2026-05-18T00:15:29.911086+00:00,London,RANGING,18.29,0.0940,0.001000,0.650000,0.5594,0.650000,0.4406,0.650000,0.000000,0.000000,-0.0100,0.0000,0.640000,0.640000,0.150000,0.0100,False,0.5800,0.4200,False,BUY,BUY,EXECUTION_READY,VALID_SIGNAL,MEDIUM,False,
2026-05-18T00:15:29.921562+00:00,London,TRANSITIONING,24.64,0.2755,0.001000,0.650000,0.5775,0.650000,0.4225,0.650000,0.000000,0.000000,-0.0100,0.0000,0.640000,0.640000,0.150000,0.0100,False,0.5700,0.4300,False,BUY,BUY,EXECUTION_READY,VALID_SIGNAL,MEDIUM,False,
2026-05-18T00:15:29.926587+00:00,London,TRANSITIONING,25.72,0.3062,0.001000,0.650000,0.5806,0.650000,0.4194,0.650000,0.000000,0.000000,0.0100,0.0000,0.660000,0.660000,0.150000,0.0100,False,0.5700,0.4300,False,BUY,BUY,EXECUTION_READY,VALID_SIGNAL,HIGH,False,
2026-05-18T00:15:29.937965+00:00,London,RANGING,15.00,0.0000,0.001000,0.650000,0.5500,0.650000,0.4500,0.650000,0.000000,0.000000,-0.0100,0.0000,0.625000,0.625000,0.150000,0.0100,False,0.5800,0.4200,False,BUY,BUY,EXECUTION_READY,VALID_SIGNAL,MEDIUM,False,
2026-05-18T00:15:29.941774+00:00,London,RANGING,15.00,0.0001,0.001000,0.650000,0.5500,0.650000,0.4500,0.650000,0.000000,0.000000,-0.0100,0.0000,0.625006,0.625006,0.150000,0.0100,False,0.5800,0.4200,False,BUY,BUY,EXECUTION_READY,VALID_SIGNAL,MEDIUM,False,
2026-05-18T00:15:29.955313+00:00,London,RANGING,15.00,0.0000,0.001000,0.650000,0.5500,0.650000,0.4500,0.650000,0.000000,0.000000,-0.0100,0.0000,0.625000,0.625000,0.150000,0.0100,False,0.5800,0.4200,False,BUY,BUY,EXECUTION_READY,VALID_SIGNAL,MEDIUM,False,
2026-05-18T00:15:29.958302+00:00,London,RANGING,15.00,0.0000,0.001000,0.650000,0.5500,0.650000,0.4500,0.650000,0.000000,0.000000,-0.0100,0.0000,0.625000,0.625000,0.150000,0.0100,False,0.5800,0.4200,False,BUY,BUY,EXECUTION_READY,VALID_SIGNAL,MEDIUM,False,
2026-05-18T00:15:29.972894+00:00,London,TRENDING,50.00,1.0000,0.001000,0.650000,0.6500,0.650000,0.3500,0.650000,0.000000,0.000000,0.0200,0.0000,0.670000,0.670000,0.150000,0.0100,False,0.5600,0.4400,False,BUY,BUY,EXECUTION_READY,VALID_SIGNAL,HIGH,False,
2026-05-18T00:15:29.975916+00:00,London,RANGING,15.00,0.0000,0.001000,0.650000,0.5500,0.650000,0.4500,0.650000,0.000000,0.000000,-0.0100,0.0000,0.625000,0.625000,0.150000,0.0100,False,0.5800,0.4200,False,BUY,BUY,EXECUTION_READY,VALID_SIGNAL,MEDIUM,False,
2026-05-18T00:15:29.993718+00:00,London,TRANSITIONING,32.50,0.5000,0.001000,0.650000,0.6000,0.650000,0.4000,0.650000,0.000000,0.000000,0.0200,0.0000,0.670000,0.670000,0.150000,0.0100,False,0.5600,0.4400,False,BUY,BUY,EXECUTION_READY,VALID_SIGNAL,HIGH,False,
2026-05-18T00:15:30.002148+00:00,London,RANGING,15.00,0.0000,0.001000,0.650000,0.5500,0.650000,0.4500,0.650000,0.000000,0.000000,-0.0100,0.0000,0.625000,0.625000,0.150000,0.0100,False,0.5800,0.4200,False,BUY,BUY,EXECUTION_READY,VALID_SIGNAL,MEDIUM,False,
2026-05-18T00:15:30.007355+00:00,London,TRENDING,50.00,1.0000,0.001000,0.650000,0.6500,0.650000,0.3500,0.650000,0.000000,0.000000,0.0200,0.0000,0.670000,0.670000,0.150000,0.0100,False,0.5600,0.4400,False,BUY,BUY,EXECUTION_READY,VALID_SIGNAL,HIGH,False,
2026-05-18T00:15:30.008353+00:00,London,RANGING,15.00,0.0000,0.001000,0.650000,0.5500,0.650000,0.4500,0.650000,0.000000,0.000000,-0.0100,0.0000,0.625000,0.625000,0.150000,0.0100,False,0.5800,0.4200,False,BUY,BUY,EXECUTION_READY,VALID_SIGNAL,MEDIUM,False,
2026-05-18T00:15:30.016596+00:00,London,RANGING,15.00,0.0000,0.001000,0.650000,0.5500,0.650000,0.4500,0.650000,0.000000,0.000000,-0.0100,0.0000,0.625001,0.625001,0.150000,0.0100,False,0.5800,0.4200,False,BUY,BUY,EXECUTION_READY,VALID_SIGNAL,MEDIUM,False,
2026-05-18T00:15:30.020762+00:00,London,RANGING,15.00,0.0000,0.001000,0.650000,0.5500,0.650000,0.4500,0.650000,0.000000,0.000000,-0.0100,0.0000,0.625000,0.625000,0.150000,0.0100,False,0.5800,0.4200,False,BUY,BUY,EXECUTION_READY,VALID_SIGNAL,MEDIUM,False,
2026-05-18T00:15:30.022999+00:00,London,TRANSITIONING,32.85,0.5101,0.001000,0.650000,0.6010,0.650000,0.3990,0.650000,0.000000,0.000000,0.0200,0.0000,0.670000,0.670000,0.150000,0.0100,False,0.5600,0.4400,False,BUY,BUY,EXECUTION_READY,VALID_SIGNAL,HIGH,False,
2026-05-18T00:15:30.028508+00:00,London,TRANSITIONING,26.67,0.3333,0.001000,0.650000,0.5833,0.650000,0.4167,0.650000,0.000000,0.000000,0.0100,0.0000,0.660000,0.660000,0.150000,0.0100,False,0.5700,0.4300,False,BUY,BUY,EXECUTION_READY,VALID_SIGNAL,HIGH,False,
2026-05-18T00:15:30.030499+00:00,London,TRENDING,50.00,1.0000,0.001000,0.650000,0.6500,0.650000,0.3500,0.650000,0.000000,0.000000,0.0200,0.0000,0.670000,0.670000,0.150000,0.0100,False,0.5600,0.4400,False,BUY,BUY,EXECUTION_READY,VALID_SIGNAL,HIGH,False,
2026-05-18T00:15:30.035640+00:00,London,RANGING,15.00,0.0000,0.001000,0.650000,0.5500,0.650000,0.4500,0.650000,0.000000,0.000000,-0.0100,0.0000,0.625002,0.625002,0.150000,0.0100,False,0.5800,0.4200,False,BUY,BUY,EXECUTION_READY,VALID_SIGNAL,MEDIUM,False,
2026-05-18T00:15:30.041278+00:00,London,RANGING,15.00,0.0000,0.001000,0.650000,0.5500,0.650000,0.4500,0.650000,0.000000,0.000000,-0.0100,0.0000,0.625000,0.625000,0.150000,0.0100,False,0.5800,0.4200,False,BUY,BUY,EXECUTION_READY,VALID_SIGNAL,MEDIUM,False,
2026-05-18T00:15:30.043495+00:00,London,RANGING,15.00,0.0000,0.001000,0.650000,0.5500,0.650000,0.4500,0.650000,0.000000,0.000000,-0.0100,0.0000,0.625000,0.625000,0.150000,0.0100,False,0.5800,0.4200,False,BUY,BUY,EXECUTION_READY,VALID_SIGNAL,MEDIUM,False,
2026-05-18T00:15:30.046262+00:00,London,RANGING,15.00,0.0000,0.001000,0.650000,0.5500,0.650000,0.4500,0.650000,0.000000,0.000000,-0.0100,0.0000,0.625000,0.625000,0.150000,0.0100,False,0.5800,0.4200,False,BUY,BUY,EXECUTION_READY,VALID_SIGNAL,MEDIUM,False,
2026-05-18T00:15:30.053460+00:00,London,TRENDING,41.97,0.7705,0.001000,0.650000,0.6270,0.650000,0.3730,0.650000,0.000000,0.000000,0.0200,0.0000,0.670000,0.670000,0.150000,0.0100,False,0.5600,0.4400,False,BUY,BUY,EXECUTION_READY,VALID_SIGNAL,HIGH,False,
2026-05-18T00:15:30.054971+00:00,London,TRANSITIONING,23.62,0.2463,0.001000,0.650000,0.5746,0.650000,0.4254,0.650000,0.000000,0.000000,-0.0100,0.0000,0.640000,0.640000,0.150000,0.0100,False,0.5800,0.4200,False,BUY,BUY,EXECUTION_READY,VALID_SIGNAL,MEDIUM,False,
2026-05-18T00:15:30.060328+00:00,London,RANGING,15.00,0.0000,0.001000,0.650000,0.5500,0.650000,0.4500,0.650000,0.000000,0.000000,-0.0100,0.0000,0.625000,0.625000,0.150000,0.0100,False,0.5800,0.4200,False,BUY,BUY,EXECUTION_READY,VALID_SIGNAL,MEDIUM,False,
2026-05-18T00:15:30.070463+00:00,London,TRENDING,45.77,0.8793,0.001000,0.650000,0.6379,0.650000,0.3621,0.650000,0.000000,0.000000,0.0200,0.0000,0.670000,0.670000,0.150000,0.0100,False,0.5600,0.4400,False,BUY,BUY,EXECUTION_READY,VALID_SIGNAL,HIGH,False,
2026-05-18T00:15:30.073489+00:00,London,RANGING,18.48,0.0993,0.001000,0.650000,0.5599,0.650000,0.4401,0.650000,0.000000,0.000000,-0.0100,0.0000,0.640000,0.640000,0.150000,0.0100,False,0.5800,0.4200,False,BUY,BUY,EXECUTION_READY,VALID_SIGNAL,MEDIUM,False,
2026-05-18T00:15:30.083402+00:00,London,TRENDING,41.22,0.7492,0.001000,0.650000,0.6249,0.650000,0.3751,0.650000,0.000000,0.000000,0.0200,0.0000,0.670000,0.670000,0.150000,0.0100,False,0.5600,0.4400,False,BUY,BUY,EXECUTION_READY,VALID_SIGNAL,HIGH,False,
2026-05-18T00:15:30.089098+00:00,London,TRANSITIONING,24.88,0.2824,0.001000,0.650000,0.5782,0.650000,0.4218,0.650000,0.000000,0.000000,-0.0100,0.0000,0.640000,0.640000,0.150000,0.0100,False,0.5700,0.4300,False,BUY,BUY,EXECUTION_READY,VALID_SIGNAL,MEDIUM,False,
2026-05-18T00:15:30.092062+00:00,London,RANGING,21.44,0.1839,0.001000,0.650000,0.5684,0.650000,0.4316,0.650000,0.000000,0.000000,-0.0100,0.0000,0.640000,0.640000,0.150000,0.0100,False,0.5800,0.4200,False,BUY,BUY,EXECUTION_READY,VALID_SIGNAL,MEDIUM,False,
2026-05-18T00:15:30.103054+00:00,London,TRENDING,42.60,0.7887,0.001000,0.650000,0.6289,0.650000,0.3711,0.650000,0.000000,0.000000,0.0200,0.0000,0.670000,0.670000,0.150000,0.0100,False,0.5600,0.4400,False,BUY,BUY,EXECUTION_READY,VALID_SIGNAL,HIGH,False,
2026-05-18T00:15:30.110698+00:00,London,RANGING,15.00,0.0000,0.001000,0.650000,0.5500,0.650000,0.4500,0.650000,0.000000,0.000000,-0.0100,0.0000,0.625000,0.625000,0.150000,0.0100,False,0.5800,0.4200,False,BUY,BUY,EXECUTION_READY,VALID_SIGNAL,MEDIUM,False,
2026-05-18T00:15:30.112120+00:00,London,RANGING,15.00,0.0000,0.001000,0.650000,0.5500,0.650000,0.4500,0.650000,0.000000,0.000000,-0.0100,0.0000,0.625000,0.625000,0.150000,0.0100,False,0.5800,0.4200,False,BUY,BUY,EXECUTION_READY,VALID_SIGNAL,MEDIUM,False,
2026-05-18T00:15:30.122439+00:00,London,RANGING,15.00,0.0000,0.001000,0.650000,0.5500,0.650000,0.4500,0.650000,0.000000,0.000000,-0.0100,0.0000,0.625000,0.625000,0.150000,0.0100,False,0.5800,0.4200,False,BUY,BUY,EXECUTION_READY,VALID_SIGNAL,MEDIUM,False,
2026-05-18T00:15:30.124469+00:00,London,TRENDING,48.55,0.9587,0.001000,0.650000,0.6459,0.650000,0.3541,0.650000,0.000000,0.000000,0.0200,0.0000,0.670000,0.670000,0.150000,0.0100,False,0.5600,0.4400,False,BUY,BUY,EXECUTION_READY,VALID_SIGNAL,HIGH,False,
2026-05-18T00:15:30.133970+00:00,London,RANGING,15.00,0.0000,0.001000,0.650000,0.5500,0.650000,0.4500,0.650000,0.000000,0.000000,-0.0100,0.0000,0.625000,0.625000,0.150000,0.0100,False,0.5800,0.4200,False,BUY,BUY,EXECUTION_READY,VALID_SIGNAL,MEDIUM,False,
2026-05-18T00:15:30.140220+00:00,London,TRENDING,41.41,0.7547,0.001000,0.650000,0.6255,0.650000,0.3745,0.650000,0.000000,0.000000,0.0200,0.0000,0.670000,0.670000,0.150000,0.0100,False,0.5600,0.4400,False,BUY,BUY,EXECUTION_READY,VALID_SIGNAL,HIGH,False,
2026-05-18T00:15:30.142891+00:00,London,TRANSITIONING,32.68,0.5052,0.001000,0.650000,0.6005,0.650000,0.3995,0.650000,0.000000,0.000000,0.0200,0.0000,0.670000,0.670000,0.150000,0.0100,False,0.5600,0.4400,False,BUY,BUY,EXECUTION_READY,VALID_SIGNAL,HIGH,False,
2026-05-18T00:15:30.153668+00:00,London,RANGING,15.00,0.0001,0.001000,0.650000,0.5500,0.650000,0.4500,0.650000,0.000000,0.000000,-0.0100,0.0000,0.625006,0.625006,0.150000,0.0100,False,0.5800,0.4200,False,BUY,BUY,EXECUTION_READY,VALID_SIGNAL,MEDIUM,False,
2026-05-18T00:15:30.156856+00:00,London,TRANSITIONING,30.26,0.4360,0.001000,0.650000,0.5936,0.650000,0.4064,0.650000,0.000000,0.000000,0.0100,0.0000,0.660000,0.660000,0.150000,0.0100,False,0.5600,0.4400,False,BUY,BUY,EXECUTION_READY,VALID_SIGNAL,HIGH,False,
2026-05-18T00:15:30.161350+00:00,London,TRENDING,37.64,0.6469,0.001000,0.650000,0.6147,0.650000,0.3853,0.650000,0.000000,0.000000,0.0200,0.0000,0.670000,0.670000,0.150000,0.0100,False,0.5600,0.4400,False,BUY,BUY,EXECUTION_READY,VALID_SIGNAL,HIGH,False,
2026-05-18T00:15:30.171110+00:00,London,TRENDING,47.90,0.9400,0.001000,0.650000,0.6440,0.650000,0.3560,0.650000,0.000000,0.000000,0.0200,0.0000,0.670000,0.670000,0.150000,0.0100,False,0.5600,0.4400,False,BUY,BUY,EXECUTION_READY,VALID_SIGNAL,HIGH,False,
2026-05-18T00:15:30.173137+00:00,London,RANGING,15.00,0.0000,0.001000,0.650000,0.5500,0.650000,0.4500,0.650000,0.000000,0.000000,-0.0100,0.0000,0.625000,0.625000,0.150000,0.0100,False,0.5800,0.4200,False,BUY,BUY,EXECUTION_READY,VALID_SIGNAL,MEDIUM,False,
2026-05-18T00:15:30.186418+00:00,London,TRENDING,43.05,0.8013,0.001000,0.650000,0.6301,0.650000,0.3699,0.650000,0.000000,0.000000,0.0200,0.0000,0.670000,0.670000,0.150000,0.0100,False,0.5600,0.4400,False,BUY,BUY,EXECUTION_READY,VALID_SIGNAL,HIGH,False,
2026-05-18T00:15:30.191475+00:00,London,TRENDING,39.45,0.6986,0.001000,0.650000,0.6199,0.650000,0.3801,0.650000,0.000000,0.000000,0.0200,0.0000,0.670000,0.670000,0.150000,0.0100,False,0.5600,0.4400,False,BUY,BUY,EXECUTION_READY,VALID_SIGNAL,HIGH,False,
2026-05-18T00:15:30.195487+00:00,London,RANGING,15.00,0.0000,0.001000,0.650000,0.5500,0.650000,0.4500,0.650000,0.000000,0.000000,-0.0100,0.0000,0.625000,0.625000,0.150000,0.0100,False,0.5800,0.4200,False,BUY,BUY,EXECUTION_READY,VALID_SIGNAL,MEDIUM,False,
2026-05-18T00:15:30.203511+00:00,London,TRENDING,46.54,0.9012,0.001000,0.650000,0.6401,0.650000,0.3599,0.650000,0.000000,0.000000,0.0200,0.0000,0.670000,0.670000,0.150000,0.0100,False,0.5600,0.4400,False,BUY,BUY,EXECUTION_READY,VALID_SIGNAL,HIGH,False,
2026-05-18T00:15:30.205028+00:00,London,RANGING,15.12,0.0035,0.001000,0.650000,0.5503,0.650000,0.4497,0.650000,0.000000,0.000000,-0.0100,0.0000,0.625349,0.625349,0.150000,0.0100,False,0.5800,0.4200,False,BUY,BUY,EXECUTION_READY,VALID_SIGNAL,MEDIUM,False,
2026-05-18T00:15:30.219503+00:00,London,TRENDING,48.53,0.9579,0.001000,0.650000,0.6458,0.650000,0.3542,0.650000,0.000000,0.000000,0.0200,0.0000,0.670000,0.670000,0.150000,0.0100,False,0.5600,0.4400,False,BUY,BUY,EXECUTION_READY,VALID_SIGNAL,HIGH,False,
2026-05-18T00:15:30.236143+00:00,London,RANGING,15.00,0.0000,0.001000,0.650000,0.5500,0.650000,0.4500,0.650000,0.000000,0.000000,-0.0100,0.0000,0.625000,0.625000,0.150000,0.0100,False,0.5800,0.4200,False,BUY,BUY,EXECUTION_READY,VALID_SIGNAL,MEDIUM,False,
2026-05-18T00:15:30.242701+00:00,London,TRENDING,50.00,1.0000,0.001000,0.650000,0.6500,0.650000,0.3500,0.650000,0.000000,0.000000,0.0200,0.0000,0.670000,0.670000,0.150000,0.0100,False,0.5600,0.4400,False,BUY,BUY,EXECUTION_READY,VALID_SIGNAL,HIGH,False,
2026-05-18T00:15:30.246771+00:00,London,RANGING,15.00,0.0000,0.001000,0.650000,0.5500,0.650000,0.4500,0.650000,0.000000,0.000000,-0.0100,0.0000,0.625000,0.625000,0.150000,0.0100,False,0.5800,0.4200,False,BUY,BUY,EXECUTION_READY,VALID_SIGNAL,MEDIUM,False,
2026-05-18T00:15:30.257131+00:00,London,RANGING,15.00,0.0000,0.001000,0.650000,0.5500,0.650000,0.4500,0.650000,0.000000,0.000000,-0.0100,0.0000,0.625000,0.625000,0.150000,0.0100,False,0.5800,0.4200,False,BUY,BUY,EXECUTION_READY,VALID_SIGNAL,MEDIUM,False,
2026-05-18T00:15:30.260415+00:00,London,RANGING,15.00,0.0000,0.001000,0.650000,0.5500,0.650000,0.4500,0.650000,0.000000,0.000000,-0.0100,0.0000,0.625000,0.625000,0.150000,0.0100,False,0.5800,0.4200,False,BUY,BUY,EXECUTION_READY,VALID_SIGNAL,MEDIUM,False,
2026-05-18T00:15:30.271442+00:00,London,RANGING,15.00,0.0000,0.001000,0.650000,0.5500,0.650000,0.4500,0.650000,0.000000,0.000000,-0.0100,0.0000,0.625000,0.625000,0.150000,0.0100,False,0.5800,0.4200,False,BUY,BUY,EXECUTION_READY,VALID_SIGNAL,MEDIUM,False,
2026-05-18T00:15:30.275552+00:00,London,TRANSITIONING,26.67,0.3333,0.001000,0.650000,0.5833,0.650000,0.4167,0.650000,0.000000,0.000000,0.0100,0.0000,0.660000,0.660000,0.150000,0.0100,False,0.5700,0.4300,False,BUY,BUY,EXECUTION_READY,VALID_SIGNAL,HIGH,False,
2026-05-18T00:15:30.279605+00:00,London,RANGING,15.00,0.0000,0.001000,0.650000,0.5500,0.650000,0.4500,0.650000,0.000000,0.000000,-0.0100,0.0000,0.625000,0.625000,0.150000,0.0100,False,0.5800,0.4200,False,BUY,BUY,EXECUTION_READY,VALID_SIGNAL,MEDIUM,False,
2026-05-18T00:15:30.288816+00:00,London,RANGING,15.00,0.0000,0.001000,0.650000,0.5500,0.650000,0.4500,0.650000,0.000000,0.000000,-0.0100,0.0000,0.625000,0.625000,0.150000,0.0100,False,0.5800,0.4200,False,BUY,BUY,EXECUTION_READY,VALID_SIGNAL,MEDIUM,False,
2026-05-18T00:15:30.290452+00:00,London,TRANSITIONING,26.67,0.3335,0.001000,0.650000,0.5833,0.650000,0.4167,0.650000,0.000000,0.000000,0.0100,0.0000,0.660000,0.660000,0.150000,0.0100,False,0.5700,0.4300,False,BUY,BUY,EXECUTION_READY,VALID_SIGNAL,HIGH,False,
2026-05-18T00:15:30.295895+00:00,London,TRANSITIONING,32.50,0.5000,0.001000,0.650000,0.6000,0.650000,0.4000,0.650000,0.000000,0.000000,0.0200,0.0000,0.670000,0.670000,0.150000,0.0100,False,0.5600,0.4400,False,BUY,BUY,EXECUTION_READY,VALID_SIGNAL,HIGH,False,
2026-05-18T00:15:30.305305+00:00,London,RANGING,15.00,0.0000,0.001000,0.650000,0.5500,0.650000,0.4500,0.650000,0.000000,0.000000,-0.0100,0.0000,0.625000,0.625000,0.150000,0.0100,False,0.5800,0.4200,False,BUY,BUY,EXECUTION_READY,VALID_SIGNAL,MEDIUM,False,
2026-05-18T00:15:30.307395+00:00,London,RANGING,15.00,0.0000,0.001000,0.650000,0.5500,0.650000,0.4500,0.650000,0.000000,0.000000,-0.0100,0.0000,0.625000,0.625000,0.150000,0.0100,False,0.5800,0.4200,False,BUY,BUY,EXECUTION_READY,VALID_SIGNAL,MEDIUM,False,
2026-05-18T00:15:30.316618+00:00,London,RANGING,15.00,0.0000,0.001000,0.650000,0.5500,0.650000,0.4500,0.650000,0.000000,0.000000,-0.0100,0.0000,0.625001,0.625001,0.150000,0.0100,False,0.5800,0.4200,False,BUY,BUY,EXECUTION_READY,VALID_SIGNAL,MEDIUM,False,
2026-05-18T00:15:30.321698+00:00,London,RANGING,17.66,0.0760,0.001000,0.650000,0.5576,0.650000,0.4424,0.650000,0.000000,0.000000,-0.0100,0.0000,0.640000,0.640000,0.150000,0.0100,False,0.5800,0.4200,False,BUY,BUY,EXECUTION_READY,VALID_SIGNAL,MEDIUM,False,
2026-05-18T00:15:30.324072+00:00,London,RANGING,15.00,0.0000,0.001000,0.650000,0.5500,0.650000,0.4500,0.650000,0.000000,0.000000,-0.0100,0.0000,0.625000,0.625000,0.150000,0.0100,False,0.5800,0.4200,False,BUY,BUY,EXECUTION_READY,VALID_SIGNAL,MEDIUM,False,
2026-05-18T00:15:30.329281+00:00,London,TRENDING,50.00,1.0000,0.001000,0.650000,0.6500,0.650000,0.3500,0.650000,0.000000,0.000000,0.0200,0.0000,0.670000,0.670000,0.150000,0.0100,False,0.5600,0.4400,False,BUY,BUY,EXECUTION_READY,VALID_SIGNAL,HIGH,False,
2026-05-18T00:15:30.337883+00:00,London,RANGING,15.00,0.0000,0.001000,0.650000,0.5500,0.650000,0.4500,0.650000,0.000000,0.000000,-0.0100,0.0000,0.625000,0.625000,0.150000,0.0100,False,0.5800,0.4200,False,BUY,BUY,EXECUTION_READY,VALID_SIGNAL,MEDIUM,False,
2026-05-18T00:15:30.340335+00:00,London,RANGING,15.00,0.0000,0.001000,0.650000,0.5500,0.650000,0.4500,0.650000,0.000000,0.000000,-0.0100,0.0000,0.625000,0.625000,0.150000,0.0100,False,0.5800,0.4200,False,BUY,BUY,EXECUTION_READY,VALID_SIGNAL,MEDIUM,False,
2026-05-18T00:15:30.345482+00:00,London,RANGING,16.07,0.0306,0.001000,0.650000,0.5531,0.650000,0.4469,0.650000,0.000000,0.000000,-0.0100,0.0000,0.640000,0.640000,0.150000,0.0100,False,0.5800,0.4200,False,BUY,BUY,EXECUTION_READY,VALID_SIGNAL,MEDIUM,False,
2026-05-18T00:15:30.354112+00:00,London,RANGING,15.00,0.0000,0.001000,0.650000,0.5500,0.650000,0.4500,0.650000,0.000000,0.000000,-0.0100,0.0000,0.625000,0.625000,0.150000,0.0100,False,0.5800,0.4200,False,BUY,BUY,EXECUTION_READY,VALID_SIGNAL,MEDIUM,False,
2026-05-18T00:15:30.356313+00:00,London,RANGING,15.00,0.0000,0.001000,0.650000,0.5500,0.650000,0.4500,0.650000,0.000000,0.000000,-0.0100,0.0000,0.625000,0.625000,0.150000,0.0100,False,0.5800,0.4200,False,BUY,BUY,EXECUTION_READY,VALID_SIGNAL,MEDIUM,False,
2026-05-18T00:15:30.361612+00:00,London,TRANSITIONING,23.70,0.2486,0.001000,0.650000,0.5749,0.650000,0.4251,0.650000,0.000000,0.000000,-0.0100,0.0000,0.640000,0.640000,0.150000,0.0100,False,0.5800,0.4200,False,BUY,BUY,EXECUTION_READY,VALID_SIGNAL,MEDIUM,False,
2026-05-18T00:15:30.370360+00:00,London,TRANSITIONING,31.45,0.4699,0.001000,0.650000,0.5970,0.650000,0.4030,0.650000,0.000000,0.000000,0.0100,0.0000,0.660000,0.660000,0.150000,0.0100,False,0.5600,0.4400,False,BUY,BUY,EXECUTION_READY,VALID_SIGNAL,HIGH,False,
2026-05-18T00:15:30.373416+00:00,London,TRANSITIONING,29.51,0.4147,0.001000,0.650000,0.5915,0.650000,0.4085,0.650000,0.000000,0.000000,0.0100,0.0000,0.660000,0.660000,0.150000,0.0100,False,0.5600,0.4400,False,BUY,BUY,EXECUTION_READY,VALID_SIGNAL,HIGH,False,
2026-05-18T00:15:30.376045+00:00,London,RANGING,21.16,0.1759,0.001000,0.650000,0.5676,0.650000,0.4324,0.650000,0.000000,0.000000,-0.0100,0.0000,0.640000,0.640000,0.150000,0.0100,False,0.5800,0.4200,False,BUY,BUY,EXECUTION_READY,VALID_SIGNAL,MEDIUM,False,
2026-05-18T00:15:30.380917+00:00,London,RANGING,15.00,0.0000,0.001000,0.650000,0.5500,0.650000,0.4500,0.650000,0.000000,0.000000,-0.0100,0.0000,0.625000,0.625000,0.150000,0.0100,False,0.5800,0.4200,False,BUY,BUY,EXECUTION_READY,VALID_SIGNAL,MEDIUM,False,
2026-05-18T00:15:30.387592+00:00,London,TRENDING,50.00,1.0000,0.001000,0.650000,0.6500,0.650000,0.3500,0.650000,0.000000,0.000000,0.0200,0.0000,0.670000,0.670000,0.150000,0.0100,False,0.5600,0.4400,False,BUY,BUY,EXECUTION_READY,VALID_SIGNAL,HIGH,False,
2026-05-18T00:15:30.389998+00:00,London,RANGING,15.00,0.0000,0.001000,0.650000,0.5500,0.650000,0.4500,0.650000,0.000000,0.000000,-0.0100,0.0000,0.625000,0.625000,0.150000,0.0100,False,0.5800,0.4200,False,BUY,BUY,EXECUTION_READY,VALID_SIGNAL,MEDIUM,False,
2026-05-18T00:15:30.394353+00:00,London,RANGING,15.00,0.0001,0.001000,0.650000,0.5500,0.650000,0.4500,0.650000,0.000000,0.000000,-0.0100,0.0000,0.625006,0.625006,0.150000,0.0100,False,0.5800,0.4200,False,BUY,BUY,EXECUTION_READY,VALID_SIGNAL,MEDIUM,False,
2026-05-18T00:15:30.401189+00:00,London,TRANSITIONING,34.18,0.5481,0.001000,0.650000,0.6048,0.650000,0.3952,0.650000,0.000000,0.000000,0.0200,0.0000,0.670000,0.670000,0.150000,0.0100,False,0.5600,0.4400,False,BUY,BUY,EXECUTION_READY,VALID_SIGNAL,HIGH,False,
2026-05-18T00:15:30.404977+00:00,London,RANGING,15.00,0.0000,0.001000,0.650000,0.5500,0.650000,0.4500,0.650000,0.000000,0.000000,-0.0100,0.0000,0.625000,0.625000,0.150000,0.0100,False,0.5800,0.4200,False,BUY,BUY,EXECUTION_READY,VALID_SIGNAL,MEDIUM,False,
2026-05-18T00:15:30.407563+00:00,London,TRENDING,44.63,0.8467,0.001000,0.650000,0.6347,0.650000,0.3653,0.650000,0.000000,0.000000,0.0200,0.0000,0.670000,0.670000,0.150000,0.0100,False,0.5600,0.4400,False,BUY,BUY,EXECUTION_READY,VALID_SIGNAL,HIGH,False,
2026-05-18T00:15:30.410989+00:00,London,TRANSITIONING,35.95,0.5986,0.001000,0.650000,0.6099,0.650000,0.3901,0.650000,0.000000,0.000000,0.0200,0.0000,0.670000,0.670000,0.150000,0.0100,False,0.5600,0.4400,False,BUY,BUY,EXECUTION_READY,VALID_SIGNAL,HIGH,False,
2026-05-18T00:15:30.416363+00:00,London,RANGING,17.82,0.0807,0.001000,0.650000,0.5581,0.650000,0.4419,0.650000,0.000000,0.000000,-0.0100,0.0000,0.640000,0.640000,0.150000,0.0100,False,0.5800,0.4200,False,BUY,BUY,EXECUTION_READY,VALID_SIGNAL,MEDIUM,False,
2026-05-18T00:15:30.420532+00:00,London,TRANSITIONING,27.76,0.3645,0.001000,0.650000,0.5864,0.650000,0.4136,0.650000,0.000000,0.000000,0.0100,0.0000,0.660000,0.660000,0.150000,0.0100,False,0.5600,0.4400,False,BUY,BUY,EXECUTION_READY,VALID_SIGNAL,HIGH,False,
2026-05-18T00:15:30.426604+00:00,London,RANGING,15.00,0.0000,0.001000,0.650000,0.5500,0.650000,0.4500,0.650000,0.000000,0.000000,-0.0100,0.0000,0.625000,0.625000,0.150000,0.0100,False,0.5800,0.4200,False,BUY,BUY,EXECUTION_READY,VALID_SIGNAL,MEDIUM,False,
2026-05-18T00:15:30.430736+00:00,London,TRANSITIONING,34.19,0.5483,0.001000,0.650000,0.6048,0.650000,0.3952,0.650000,0.000000,0.000000,0.0200,0.0000,0.670000,0.670000,0.150000,0.0100,False,0.5600,0.4400,False,BUY,BUY,EXECUTION_READY,VALID_SIGNAL,HIGH,False,
2026-05-18T00:15:30.434356+00:00,London,TRENDING,46.59,0.9024,0.001000,0.650000,0.6402,0.650000,0.3598,0.650000,0.000000,0.000000,0.0200,0.0000,0.670000,0.670000,0.150000,0.0100,False,0.5600,0.4400,False,BUY,BUY,EXECUTION_READY,VALID_SIGNAL,HIGH,False,
2026-05-18T00:15:30.438611+00:00,London,RANGING,19.78,0.1364,0.001000,0.650000,0.5636,0.650000,0.4364,0.650000,0.000000,0.000000,-0.0100,0.0000,0.640000,0.640000,0.150000,0.0100,False,0.5800,0.4200,False,BUY,BUY,EXECUTION_READY,VALID_SIGNAL,MEDIUM,False,
2026-05-18T00:15:30.440429+00:00,London,TRANSITIONING,32.51,0.5002,0.001000,0.650000,0.6000,0.650000,0.4000,0.650000,0.000000,0.000000,0.0200,0.0000,0.670000,0.670000,0.150000,0.0100,False,0.5600,0.4400,False,BUY,BUY,EXECUTION_READY,VALID_SIGNAL,HIGH,False,
2026-05-18T00:15:30.443928+00:00,London,TRENDING,43.89,0.8254,0.001000,0.650000,0.6325,0.650000,0.3675,0.650000,0.000000,0.000000,0.0200,0.0000,0.670000,0.670000,0.150000,0.0100,False,0.5600,0.4400,False,BUY,BUY,EXECUTION_READY,VALID_SIGNAL,HIGH,False,
2026-05-18T00:15:30.449912+00:00,London,TRENDING,47.71,0.9345,0.001000,0.650000,0.6434,0.650000,0.3566,0.650000,0.000000,0.000000,0.0200,0.0000,0.670000,0.670000,0.150000,0.0100,False,0.5600,0.4400,False,BUY,BUY,EXECUTION_READY,VALID_SIGNAL,HIGH,False,
2026-05-18T00:15:30.456202+00:00,London,RANGING,15.00,0.0000,0.001000,0.650000,0.5500,0.650000,0.4500,0.650000,0.000000,0.000000,-0.0100,0.0000,0.625000,0.625000,0.150000,0.0100,False,0.5800,0.4200,False,BUY,BUY,EXECUTION_READY,VALID_SIGNAL,MEDIUM,False,
2026-05-18T00:15:30.459543+00:00,London,TRANSITIONING,30.93,0.4551,0.001000,0.650000,0.5955,0.650000,0.4045,0.650000,0.000000,0.000000,0.0100,0.0000,0.660000,0.660000,0.150000,0.0100,False,0.5600,0.4400,False,BUY,BUY,EXECUTION_READY,VALID_SIGNAL,HIGH,False,
2026-05-18T00:15:30.463000+00:00,London,TRENDING,46.68,0.9053,0.001000,0.650000,0.6405,0.650000,0.3595,0.650000,0.000000,0.000000,0.0200,0.0000,0.670000,0.670000,0.150000,0.0100,False,0.5600,0.4400,False,BUY,BUY,EXECUTION_READY,VALID_SIGNAL,HIGH,False,
2026-05-18T00:15:30.469271+00:00,London,RANGING,15.00,0.0000,0.001000,0.650000,0.5500,0.650000,0.4500,0.650000,0.000000,0.000000,-0.0100,0.0000,0.625000,0.625000,0.150000,0.0100,False,0.5800,0.4200,False,BUY,BUY,EXECUTION_READY,VALID_SIGNAL,MEDIUM,False,
2026-05-18T00:15:30.473449+00:00,London,TRENDING,40.58,0.7309,0.001000,0.650000,0.6231,0.650000,0.3769,0.650000,0.000000,0.000000,0.0200,0.0000,0.670000,0.670000,0.150000,0.0100,False,0.5600,0.4400,False,BUY,BUY,EXECUTION_READY,VALID_SIGNAL,HIGH,False,
2026-05-18T00:15:30.475131+00:00,London,RANGING,19.64,0.1327,0.001000,0.650000,0.5633,0.650000,0.4367,0.650000,0.000000,0.000000,-0.0100,0.0000,0.640000,0.640000,0.150000,0.0100,False,0.5800,0.4200,False,BUY,BUY,EXECUTION_READY,VALID_SIGNAL,MEDIUM,False,
2026-05-18T00:15:30.478892+00:00,London,TRANSITIONING,22.47,0.2133,0.001000,0.650000,0.5713,0.650000,0.4287,0.650000,0.000000,0.000000,-0.0100,0.0000,0.640000,0.640000,0.150000,0.0100,False,0.5800,0.4200,False,BUY,BUY,EXECUTION_READY,VALID_SIGNAL,MEDIUM,False,
2026-05-18T00:15:32.003661+00:00,Pacific,RANGING,18.50,0.1000,0.001000,0.800000,0.5600,0.700000,0.4400,0.756000,0.100000,0.030000,0.0000,0.0000,0.726000,0.726000,0.226000,0.0100,False,0.5800,0.4200,False,BUY,BUY,EXECUTION_READY,VALID_SIGNAL,HIGH,False,
2026-05-18T00:15:32.017287+00:00,London,RANGING,18.50,0.1000,0.001000,0.650000,0.5600,0.650000,0.4400,0.650000,0.000000,0.000000,-0.0100,0.0000,0.640000,0.640000,0.150000,0.0100,False,0.6200,0.3800,False,BUY,BUY,EXECUTION_READY,VALID_SIGNAL,MEDIUM,False,
2026-05-18T00:15:32.021707+00:00,London,TRANSITIONING,25.50,0.3000,0.001000,0.650000,0.5800,0.650000,0.4200,0.650000,0.000000,0.000000,0.0100,0.0000,0.660000,0.660000,0.150000,0.0100,False,0.6200,0.3800,False,BUY,BUY,EXECUTION_READY,VALID_SIGNAL,HIGH,False,
2026-05-18T00:15:32.025969+00:00,London,TRANSITIONING,32.50,0.5000,0.001000,0.650000,0.6000,0.650000,0.4000,0.650000,0.000000,0.000000,0.0200,0.0000,0.670000,0.670000,0.150000,0.0100,False,0.6200,0.3800,False,BUY,BUY,EXECUTION_READY,VALID_SIGNAL,HIGH,False,
2026-05-18T00:15:32.028080+00:00,London,TRENDING,43.00,0.8000,0.001000,0.650000,0.6300,0.650000,0.3700,0.650000,0.000000,0.000000,0.0200,0.0000,0.670000,0.670000,0.150000,0.0100,False,0.6200,0.3800,False,BUY,BUY,EXECUTION_READY,VALID_SIGNAL,HIGH,False,
2026-05-18T00:16:10.795424+00:00,London,RANGING,20.00,0.1429,0.001263,0.750000,0.5643,0.650000,0.4357,0.706429,0.100000,0.030000,-0.0100,0.0000,0.666429,0.666429,0.176429,0.0100,False,0.5800,0.4200,False,BUY,BUY,EXECUTION_READY,VALID_SIGNAL,HIGH,False,
2026-05-18T00:16:10.799771+00:00,London,RANGING,20.00,0.1429,0.001263,0.990000,0.5643,0.650000,0.4357,0.841857,0.340000,0.102000,-0.0100,0.0000,0.729857,0.729857,0.239857,0.0100,False,0.5800,0.4200,False,BUY,BUY,EXECUTION_READY,VALID_SIGNAL,HIGH,False,
2026-05-18T00:16:10.814270+00:00,London,RANGING,20.00,0.1429,0.001263,0.898197,0.5643,0.650000,0.4357,0.790054,0.248197,0.074459,-0.0100,0.0000,0.705595,0.705595,0.215595,0.0100,False,0.5800,0.4200,False,BUY,BUY,EXECUTION_READY,VALID_SIGNAL,HIGH,False,
2026-05-18T00:16:10.826171+00:00,London,RANGING,20.00,0.1429,0.001263,0.925063,0.5643,0.650000,0.4357,0.805214,0.275063,0.082519,-0.0100,0.0000,0.712695,0.712695,0.222695,0.0100,False,0.5800,0.4200,False,BUY,BUY,EXECUTION_READY,VALID_SIGNAL,HIGH,False,
2026-05-18T00:16:10.831766+00:00,London,RANGING,20.00,0.1429,0.001263,0.074937,0.5643,0.350000,0.4357,0.194786,0.275063,0.082519,-0.0100,0.0000,0.255120,0.255120,0.222695,0.0100,False,0.5800,0.4200,False,SELL,SELL,EXECUTION_READY,VALID_SIGNAL,HIGH,False,
2026-05-18T00:16:10.843283+00:00,London,RANGING,20.00,0.1429,0.001263,0.250000,0.5643,0.350000,0.4357,0.293571,0.100000,0.030000,-0.0100,0.0000,0.297686,0.297686,0.176429,0.0100,False,0.5800,0.4200,False,SELL,SELL,EXECUTION_READY,VALID_SIGNAL,HIGH,False,
2026-05-18T00:16:10.853023+00:00,London,RANGING,20.00,0.1429,0.001263,0.750000,0.5643,0.650000,0.4357,0.706429,0.100000,0.030000,-0.0100,0.0000,0.666429,0.666429,0.176429,0.0100,False,0.5800,0.4200,False,BUY,BUY,EXECUTION_READY,VALID_SIGNAL,HIGH,False,
2026-05-18T00:16:10.862579+00:00,London,RANGING,20.00,0.1429,0.001263,0.990000,0.5643,0.650000,0.4357,0.841857,0.340000,0.102000,-0.0100,0.0000,0.729857,0.729857,0.239857,0.0100,False,0.5800,0.4200,False,BUY,BUY,EXECUTION_READY,VALID_SIGNAL,HIGH,False,
2026-05-18T00:16:10.874701+00:00,London,RANGING,20.00,0.1429,0.001263,0.250000,0.5643,0.350000,0.4357,0.293571,0.100000,0.030000,-0.0100,0.0000,0.297686,0.297686,0.176429,0.0100,False,0.5800,0.4200,False,SELL,SELL,EXECUTION_READY,VALID_SIGNAL,HIGH,False,
2026-05-18T00:16:10.882319+00:00,London,RANGING,20.00,0.1429,0.001263,0.010000,0.5643,0.350000,0.4357,0.158143,0.340000,0.102000,-0.0100,0.0000,0.239331,0.239331,0.239857,0.0100,False,0.5800,0.4200,False,SELL,SELL,EXECUTION_READY,VALID_SIGNAL,HIGH,False,
2026-05-18T00:16:10.897187+00:00,London,RANGING,20.00,0.1429,0.001263,0.010000,0.5643,0.350000,0.4357,0.158143,0.340000,0.102000,-0.0100,0.0000,0.239331,0.239331,0.239857,0.0100,False,0.5800,0.4200,False,SELL,SELL,EXECUTION_READY,VALID_SIGNAL,HIGH,False,
2026-05-18T00:16:10.912693+00:00,London,RANGING,20.00,0.1429,0.001263,0.250000,0.5643,0.350000,0.4357,0.293571,0.100000,0.030000,-0.0100,0.0000,0.297686,0.297686,0.176429,0.0100,False,0.5800,0.4200,False,SELL,SELL,EXECUTION_READY,VALID_SIGNAL,HIGH,False,
2026-05-18T00:16:10.915068+00:00,London,RANGING,20.00,0.1429,0.001263,0.932467,0.5643,0.650000,0.4357,0.809392,0.282467,0.084740,-0.0100,0.0000,0.714652,0.714652,0.224652,0.0100,False,0.5800,0.4200,False,BUY,BUY,EXECUTION_READY,VALID_SIGNAL,HIGH,False,
2026-05-18T00:16:10.930791+00:00,London,RANGING,20.00,0.1429,0.001263,0.056930,0.5643,0.350000,0.4357,0.184625,0.293070,0.087921,-0.0100,0.0000,0.250742,0.250742,0.227454,0.0100,False,0.5800,0.4200,False,SELL,SELL,EXECUTION_READY,VALID_SIGNAL,HIGH,False,
2026-05-18T00:16:10.947275+00:00,London,RANGING,20.00,0.1429,0.001263,0.750000,0.5643,0.650000,0.4357,0.706429,0.100000,0.030000,-0.0100,0.0000,0.666429,0.666429,0.176429,0.0100,False,0.5800,0.4200,False,BUY,BUY,EXECUTION_READY,VALID_SIGNAL,HIGH,False,
2026-05-18T00:16:10.962988+00:00,London,RANGING,20.00,0.1429,0.001263,0.250000,0.5643,0.350000,0.4357,0.293571,0.100000,0.030000,-0.0100,0.0000,0.297686,0.297686,0.176429,0.0100,False,0.5800,0.4200,False,SELL,SELL,EXECUTION_READY,VALID_SIGNAL,HIGH,False,
2026-05-18T00:16:10.965276+00:00,London,RANGING,20.00,0.1429,0.001263,0.130869,0.5643,0.350000,0.4357,0.226347,0.219131,0.065739,-0.0100,0.0000,0.268720,0.268720,0.207913,0.0100,False,0.5800,0.4200,False,SELL,SELL,EXECUTION_READY,VALID_SIGNAL,HIGH,False,
2026-05-18T00:16:10.984173+00:00,London,RANGING,20.00,0.1429,0.001263,0.946493,0.5643,0.650000,0.4357,0.817307,0.296493,0.088948,-0.0100,0.0000,0.718359,0.718359,0.228359,0.0100,False,0.5800,0.4200,False,BUY,BUY,EXECUTION_READY,VALID_SIGNAL,HIGH,False,
2026-05-18T00:16:10.993103+00:00,London,RANGING,20.00,0.1429,0.001263,0.173369,0.5643,0.350000,0.4357,0.250330,0.176631,0.052989,-0.0100,0.0000,0.279054,0.279054,0.196681,0.0100,False,0.5800,0.4200,False,SELL,SELL,EXECUTION_READY,VALID_SIGNAL,HIGH,False,
2026-05-18T00:16:11.000440+00:00,London,RANGING,20.00,0.1429,0.001263,0.172122,0.5643,0.350000,0.4357,0.249626,0.177878,0.053363,-0.0100,0.0000,0.278750,0.278750,0.197011,0.0100,False,0.5800,0.4200,False,SELL,SELL,EXECUTION_READY,VALID_SIGNAL,HIGH,False,
2026-05-18T00:16:11.013755+00:00,London,RANGING,20.00,0.1429,0.001263,0.240613,0.5643,0.350000,0.4357,0.288275,0.109387,0.032816,-0.0100,0.0000,0.295403,0.295403,0.178909,0.0100,False,0.5800,0.4200,False,SELL,SELL,EXECUTION_READY,VALID_SIGNAL,HIGH,False,
2026-05-18T00:16:11.023389+00:00,London,RANGING,20.00,0.1429,0.001263,0.182084,0.5643,0.350000,0.4357,0.255247,0.167916,0.050375,-0.0100,0.0000,0.281172,0.281172,0.194378,0.0100,False,0.5800,0.4200,False,SELL,SELL,EXECUTION_READY,VALID_SIGNAL,HIGH,False,
2026-05-18T00:16:11.030266+00:00,London,RANGING,20.00,0.1429,0.001263,0.869330,0.5643,0.650000,0.4357,0.773765,0.219330,0.065799,-0.0100,0.0000,0.697966,0.697966,0.207966,0.0100,False,0.5800,0.4200,False,BUY,BUY,EXECUTION_READY,VALID_SIGNAL,HIGH,False,
2026-05-18T00:16:11.042971+00:00,London,RANGING,20.00,0.1429,0.001263,0.800568,0.5643,0.650000,0.4357,0.734963,0.150568,0.045170,-0.0100,0.0000,0.679793,0.679793,0.189793,0.0100,False,0.5800,0.4200,False,BUY,BUY,EXECUTION_READY,VALID_SIGNAL,HIGH,False,
2026-05-18T00:16:11.048010+00:00,London,RANGING,20.00,0.1429,0.001263,0.179836,0.5643,0.350000,0.4357,0.253979,0.170164,0.051049,-0.0100,0.0000,0.280626,0.280626,0.194972,0.0100,False,0.5800,0.4200,False,SELL,SELL,EXECUTION_READY,VALID_SIGNAL,HIGH,False,
2026-05-18T00:16:11.061684+00:00,London,RANGING,20.00,0.1429,0.001263,0.902606,0.5643,0.650000,0.4357,0.792542,0.252606,0.075782,-0.0100,0.0000,0.706760,0.706760,0.216760,0.0100,False,0.5800,0.4200,False,BUY,BUY,EXECUTION_READY,VALID_SIGNAL,HIGH,False,
2026-05-18T00:16:11.064696+00:00,London,RANGING,20.00,0.1429,0.001263,0.071006,0.5643,0.350000,0.4357,0.192568,0.278994,0.083698,-0.0100,0.0000,0.254165,0.254165,0.223734,0.0100,False,0.5800,0.4200,False,SELL,SELL,EXECUTION_READY,VALID_SIGNAL,HIGH,False,
2026-05-18T00:16:11.079049+00:00,London,RANGING,20.00,0.1429,0.001263,0.126191,0.5643,0.350000,0.4357,0.223708,0.223809,0.067143,-0.0100,0.0000,0.267582,0.267582,0.209149,0.0100,False,0.5800,0.4200,False,SELL,SELL,EXECUTION_READY,VALID_SIGNAL,HIGH,False,
2026-05-18T00:16:11.081273+00:00,London,RANGING,20.00,0.1429,0.001263,0.074294,0.5643,0.350000,0.4357,0.194423,0.275706,0.082712,-0.0100,0.0000,0.254964,0.254964,0.222865,0.0100,False,0.5800,0.4200,False,SELL,SELL,EXECUTION_READY,VALID_SIGNAL,HIGH,False,
2026-05-18T00:16:11.097060+00:00,London,RANGING,20.00,0.1429,0.001263,0.814299,0.5643,0.650000,0.4357,0.742711,0.164299,0.049290,-0.0100,0.0000,0.683422,0.683422,0.193422,0.0100,False,0.5800,0.4200,False,BUY,BUY,EXECUTION_READY,VALID_SIGNAL,HIGH,False,
2026-05-18T00:16:11.101873+00:00,London,RANGING,20.00,0.1429,0.001263,0.862203,0.5643,0.650000,0.4357,0.769743,0.212203,0.063661,-0.0100,0.0000,0.696082,0.696082,0.206082,0.0100,False,0.5800,0.4200,False,BUY,BUY,EXECUTION_READY,VALID_SIGNAL,HIGH,False,
2026-05-18T00:16:11.111448+00:00,London,RANGING,20.00,0.1429,0.001263,0.032451,0.5643,0.350000,0.4357,0.170812,0.317549,0.095265,-0.0100,0.0000,0.244790,0.244790,0.233924,0.0100,False,0.5800,0.4200,False,SELL,SELL,EXECUTION_READY,VALID_SIGNAL,HIGH,False,
2026-05-18T00:16:11.113495+00:00,London,RANGING,20.00,0.1429,0.001263,0.140124,0.5643,0.350000,0.4357,0.231570,0.209876,0.062963,-0.0100,0.0000,0.270970,0.270970,0.205467,0.0100,False,0.5800,0.4200,False,SELL,SELL,EXECUTION_READY,VALID_SIGNAL,HIGH,False,
2026-05-18T00:16:11.118384+00:00,London,RANGING,20.00,0.1429,0.001263,0.094229,0.5643,0.350000,0.4357,0.205672,0.255771,0.076731,-0.0100,0.0000,0.259811,0.259811,0.217597,0.0100,False,0.5800,0.4200,False,SELL,SELL,EXECUTION_READY,VALID_SIGNAL,HIGH,False,
2026-05-18T00:16:11.124301+00:00,London,RANGING,20.00,0.1429,0.001263,0.068549,0.5643,0.350000,0.4357,0.191181,0.281451,0.084435,-0.0100,0.0000,0.253567,0.253567,0.224384,0.0100,False,0.5800,0.4200,False,SELL,SELL,EXECUTION_READY,VALID_SIGNAL,HIGH,False,
2026-05-18T00:16:11.127970+00:00,London,RANGING,20.00,0.1429,0.001263,0.875890,0.5643,0.650000,0.4357,0.777466,0.225890,0.067767,-0.0100,0.0000,0.699699,0.699699,0.209699,0.0100,False,0.5800,0.4200,False,BUY,BUY,EXECUTION_READY,VALID_SIGNAL,HIGH,False,
2026-05-18T00:16:11.131579+00:00,London,RANGING,20.00,0.1429,0.001263,0.968407,0.5643,0.650000,0.4357,0.829672,0.318407,0.095522,-0.0100,0.0000,0.724150,0.724150,0.234150,0.0100,False,0.5800,0.4200,False,BUY,BUY,EXECUTION_READY,VALID_SIGNAL,HIGH,False,
2026-05-18T00:16:11.137735+00:00,London,RANGING,20.00,0.1429,0.001263,0.750000,0.5643,0.650000,0.4357,0.706429,0.100000,0.030000,-0.0100,0.0000,0.666429,0.666429,0.176429,0.0100,False,0.5800,0.4200,False,BUY,BUY,EXECUTION_READY,VALID_SIGNAL,HIGH,False,
2026-05-18T00:16:11.144899+00:00,London,RANGING,20.00,0.1429,0.001263,0.250000,0.5643,0.350000,0.4357,0.293571,0.100000,0.030000,-0.0100,0.0000,0.297686,0.297686,0.176429,0.0100,False,0.5800,0.4200,False,SELL,SELL,EXECUTION_READY,VALID_SIGNAL,HIGH,False,
2026-05-18T00:16:11.146304+00:00,London,RANGING,20.00,0.1429,0.001263,0.079852,0.5643,0.350000,0.4357,0.197559,0.270148,0.081045,-0.0100,0.0000,0.256315,0.256315,0.221396,0.0100,False,0.5800,0.4200,False,SELL,SELL,EXECUTION_READY,VALID_SIGNAL,HIGH,False,
2026-05-18T00:16:11.151643+00:00,London,RANGING,20.00,0.1429,0.001263,0.250000,0.5643,0.350000,0.4357,0.293571,0.100000,0.030000,-0.0100,0.0000,0.297686,0.297686,0.176429,0.0100,False,0.5800,0.4200,False,SELL,SELL,EXECUTION_READY,VALID_SIGNAL,HIGH,False,
2026-05-18T00:16:11.161643+00:00,London,RANGING,20.00,0.1429,0.001263,0.750000,0.5643,0.650000,0.4357,0.706429,0.100000,0.030000,-0.0100,0.0000,0.666429,0.666429,0.176429,0.0100,False,0.5800,0.4200,False,BUY,BUY,EXECUTION_READY,VALID_SIGNAL,HIGH,False,
2026-05-18T00:16:11.164127+00:00,London,RANGING,20.00,0.1429,0.001263,0.021192,0.5643,0.350000,0.4357,0.164458,0.328808,0.098642,-0.0100,0.0000,0.242053,0.242053,0.236899,0.0100,False,0.5800,0.4200,False,SELL,SELL,EXECUTION_READY,VALID_SIGNAL,HIGH,False,
2026-05-18T00:16:11.168476+00:00,London,RANGING,20.00,0.1429,0.001263,0.846363,0.5643,0.650000,0.4357,0.760805,0.196363,0.058909,-0.0100,0.0000,0.691896,0.691896,0.201896,0.0100,False,0.5800,0.4200,False,BUY,BUY,EXECUTION_READY,VALID_SIGNAL,HIGH,False,
2026-05-18T00:16:11.178623+00:00,London,RANGING,20.00,0.1429,0.001263,0.129046,0.5643,0.350000,0.4357,0.225319,0.220954,0.066286,-0.0100,0.0000,0.268277,0.268277,0.208395,0.0100,False,0.5800,0.4200,False,SELL,SELL,EXECUTION_READY,VALID_SIGNAL,HIGH,False,
2026-05-18T00:16:11.182823+00:00,London,RANGING,20.00,0.1429,0.001263,0.849105,0.5643,0.650000,0.4357,0.762352,0.199105,0.059731,-0.0100,0.0000,0.692620,0.692620,0.202620,0.0100,False,0.5800,0.4200,False,BUY,BUY,EXECUTION_READY,VALID_SIGNAL,HIGH,False,
2026-05-18T00:16:11.195847+00:00,London,RANGING,20.00,0.1429,0.001263,0.935120,0.5643,0.650000,0.4357,0.810889,0.285120,0.085536,-0.0100,0.0000,0.715353,0.715353,0.225353,0.0100,False,0.5800,0.4200,False,BUY,BUY,EXECUTION_READY,VALID_SIGNAL,HIGH,False,
2026-05-18T00:16:11.197188+00:00,London,RANGING,20.00,0.1429,0.001263,0.249144,0.5643,0.350000,0.4357,0.293089,0.100856,0.030257,-0.0100,0.0000,0.297478,0.297478,0.176655,0.0100,False,0.5800,0.4200,False,SELL,SELL,EXECUTION_READY,VALID_SIGNAL,HIGH,False,
2026-05-18T00:16:11.212579+00:00,London,RANGING,20.00,0.1429,0.001263,0.171147,0.5643,0.350000,0.4357,0.249076,0.178853,0.053656,-0.0100,0.0000,0.278513,0.278513,0.197268,0.0100,False,0.5800,0.4200,False,SELL,SELL,EXECUTION_READY,VALID_SIGNAL,HIGH,False,
2026-05-18T00:16:11.214509+00:00,London,RANGING,20.00,0.1429,0.001263,0.910044,0.5643,0.650000,0.4357,0.796739,0.260044,0.078013,-0.0100,0.0000,0.708726,0.708726,0.218726,0.0100,False,0.5800,0.4200,False,BUY,BUY,EXECUTION_READY,VALID_SIGNAL,HIGH,False,
2026-05-18T00:16:11.240962+00:00,London,RANGING,20.00,0.1429,0.001263,0.500000,0.5643,0.650000,0.4357,0.565357,0.150000,0.045000,-0.0100,0.0000,0.480357,0.480357,0.020357,0.0100,False,0.5800,0.4200,False,HOLD,BUY,THRESHOLD_CHECK,BELOW_THRESHOLD,LOW,False,HOLD: Final 0.4804 between BUY>0.5800 and SELL<0.4200
2026-05-18T00:16:11.244805+00:00,London,RANGING,20.00,0.1429,0.001263,0.500000,0.5643,0.650000,0.4357,0.565357,0.150000,0.045000,-0.0100,0.0000,0.510357,0.510357,0.020357,0.0100,False,0.5800,0.4200,False,HOLD,BUY,THRESHOLD_CHECK,BELOW_THRESHOLD,LOW,False,HOLD: Final 0.5104 between BUY>0.5800 and SELL<0.4200
2026-05-18T00:16:11.246802+00:00,London,RANGING,20.00,0.1429,0.001263,0.500000,0.5643,0.650000,0.4357,0.565357,0.150000,0.045000,-0.0100,0.0000,0.480357,0.480357,0.020357,0.0100,False,0.5800,0.4200,False,HOLD,BUY,THRESHOLD_CHECK,BELOW_THRESHOLD,LOW,False,HOLD: Final 0.4804 between BUY>0.5800 and SELL<0.4200
2026-05-18T00:16:11.253732+00:00,London,RANGING,20.00,0.1429,0.001263,0.500000,0.5643,0.650000,0.4357,0.565357,0.150000,0.045000,-0.0100,0.0000,0.510357,0.510357,0.020357,0.0100,False,0.5800,0.4200,False,HOLD,BUY,THRESHOLD_CHECK,BELOW_THRESHOLD,LOW,False,HOLD: Final 0.5104 between BUY>0.5800 and SELL<0.4200
2026-05-18T00:16:11.262524+00:00,London,RANGING,20.00,0.1429,0.001263,0.749000,0.5643,0.650000,0.4357,0.705864,0.099000,0.029700,-0.0100,0.0000,0.636164,0.636164,0.176164,0.0100,False,0.5800,0.4200,False,BUY,BUY,EXECUTION_READY,VALID_SIGNAL,MEDIUM,False,
2026-05-18T00:16:11.265485+00:00,London,RANGING,20.00,0.1429,0.001263,0.749000,0.5643,0.650000,0.4357,0.705864,0.099000,0.029700,-0.0100,0.0000,0.666164,0.666164,0.176164,0.0100,False,0.5800,0.4200,False,BUY,BUY,EXECUTION_READY,VALID_SIGNAL,HIGH,False,
2026-05-18T00:16:11.273030+00:00,London,RANGING,20.00,0.1429,0.001263,0.699510,0.5643,0.650000,0.4357,0.677938,0.049510,0.014853,-0.0100,0.0000,0.623085,0.623085,0.163085,0.0100,False,0.5800,0.4200,False,BUY,BUY,EXECUTION_READY,VALID_SIGNAL,MEDIUM,False,
2026-05-18T00:16:11.276055+00:00,London,RANGING,20.00,0.1429,0.001263,0.699510,0.5643,0.650000,0.4357,0.677938,0.049510,0.014853,-0.0100,0.0000,0.653085,0.653085,0.163085,0.0100,False,0.5800,0.4200,False,BUY,BUY,EXECUTION_READY,VALID_SIGNAL,HIGH,False,
2026-05-18T00:16:11.279483+00:00,London,RANGING,20.00,0.1429,0.001263,0.749000,0.5643,0.650000,0.4357,0.705864,0.099000,0.029700,-0.0100,0.0000,0.636164,0.636164,0.176164,0.0100,False,0.5800,0.4200,False,BUY,BUY,EXECUTION_READY,VALID_SIGNAL,MEDIUM,False,
2026-05-18T00:16:11.285676+00:00,London,RANGING,20.00,0.1429,0.001263,0.749000,0.5643,0.650000,0.4357,0.705864,0.099000,0.029700,-0.0100,0.0000,0.666164,0.666164,0.176164,0.0100,False,0.5800,0.4200,False,BUY,BUY,EXECUTION_READY,VALID_SIGNAL,HIGH,False,
2026-05-18T00:16:11.295693+00:00,London,RANGING,20.00,0.1429,0.001263,0.611824,0.5643,0.650000,0.4357,0.628458,0.038176,0.011453,-0.0100,0.0000,0.577005,0.577005,0.117005,0.0100,False,0.5800,0.4200,False,HOLD,BUY,THRESHOLD_CHECK,BELOW_THRESHOLD,LOW,False,HOLD: Final 0.5770 between BUY>0.5800 and SELL<0.4200
2026-05-18T00:16:11.298849+00:00,London,RANGING,20.00,0.1429,0.001263,0.611824,0.5643,0.650000,0.4357,0.628458,0.038176,0.011453,-0.0100,0.0000,0.607005,0.607005,0.117005,0.0100,False,0.5800,0.4200,False,BUY,BUY,EXECUTION_READY,VALID_SIGNAL,MEDIUM,False,
2026-05-18T00:16:11.309519+00:00,London,RANGING,20.00,0.1429,0.001263,0.575916,0.5643,0.650000,0.4357,0.608196,0.074084,0.022225,-0.0100,0.0000,0.545971,0.545971,0.085971,0.0100,False,0.5800,0.4200,False,HOLD,BUY,THRESHOLD_CHECK,BELOW_THRESHOLD,LOW,False,HOLD: Final 0.5460 between BUY>0.5800 and SELL<0.4200
2026-05-18T00:16:11.313426+00:00,London,RANGING,20.00,0.1429,0.001263,0.575916,0.5643,0.650000,0.4357,0.608196,0.074084,0.022225,-0.0100,0.0000,0.575971,0.575971,0.085971,0.0100,False,0.5800,0.4200,False,HOLD,BUY,THRESHOLD_CHECK,BELOW_THRESHOLD,LOW,False,HOLD: Final 0.5760 between BUY>0.5800 and SELL<0.4200
2026-05-18T00:16:11.315425+00:00,London,RANGING,20.00,0.1429,0.001263,0.526776,0.5643,0.650000,0.4357,0.580467,0.123224,0.036967,-0.0100,0.0000,0.503499,0.503499,0.043499,0.0100,False,0.5800,0.4200,False,HOLD,BUY,THRESHOLD_CHECK,BELOW_THRESHOLD,LOW,False,HOLD: Final 0.5035 between BUY>0.5800 and SELL<0.4200
2026-05-18T00:16:11.323178+00:00,London,RANGING,20.00,0.1429,0.001263,0.526776,0.5643,0.650000,0.4357,0.580467,0.123224,0.036967,-0.0100,0.0000,0.533499,0.533499,0.043499,0.0100,False,0.5800,0.4200,False,HOLD,BUY,THRESHOLD_CHECK,BELOW_THRESHOLD,LOW,False,HOLD: Final 0.5335 between BUY>0.5800 and SELL<0.4200
2026-05-18T00:16:11.329359+00:00,London,RANGING,20.00,0.1429,0.001263,0.735228,0.5643,0.650000,0.4357,0.698093,0.085228,0.025569,-0.0100,0.0000,0.632525,0.632525,0.172525,0.0100,False,0.5800,0.4200,False,BUY,BUY,EXECUTION_READY,VALID_SIGNAL,MEDIUM,False,
2026-05-18T00:16:11.332627+00:00,London,RANGING,20.00,0.1429,0.001263,0.735228,0.5643,0.650000,0.4357,0.698093,0.085228,0.025569,-0.0100,0.0000,0.662525,0.662525,0.172525,0.0100,False,0.5800,0.4200,False,BUY,BUY,EXECUTION_READY,VALID_SIGNAL,HIGH,False,
2026-05-18T00:16:11.340683+00:00,London,RANGING,20.00,0.1429,0.001263,0.669935,0.5643,0.650000,0.4357,0.661249,0.019935,0.005981,-0.0100,0.0000,0.615269,0.615269,0.155269,0.0100,False,0.5800,0.4200,False,BUY,BUY,EXECUTION_READY,VALID_SIGNAL,MEDIUM,False,
2026-05-18T00:16:11.343834+00:00,London,RANGING,20.00,0.1429,0.001263,0.669935,0.5643,0.650000,0.4357,0.661249,0.019935,0.005981,-0.0100,0.0000,0.645269,0.645269,0.155269,0.0100,False,0.5800,0.4200,False,BUY,BUY,EXECUTION_READY,VALID_SIGNAL,MEDIUM,False,
2026-05-18T00:16:11.347966+00:00,London,RANGING,20.00,0.1429,0.001263,0.722403,0.5643,0.650000,0.4357,0.690856,0.072403,0.021721,-0.0100,0.0000,0.629135,0.629135,0.169135,0.0100,False,0.5800,0.4200,False,BUY,BUY,EXECUTION_READY,VALID_SIGNAL,MEDIUM,False,
2026-05-18T00:16:11.354624+00:00,London,RANGING,20.00,0.1429,0.001263,0.722403,0.5643,0.650000,0.4357,0.690856,0.072403,0.021721,-0.0100,0.0000,0.659135,0.659135,0.169135,0.0100,False,0.5800,0.4200,False,BUY,BUY,EXECUTION_READY,VALID_SIGNAL,HIGH,False,
2026-05-18T00:16:11.363733+00:00,London,RANGING,20.00,0.1429,0.001263,0.517929,0.5643,0.650000,0.4357,0.575474,0.132071,0.039621,-0.0100,0.0000,0.495853,0.495853,0.035853,0.0100,False,0.5800,0.4200,False,HOLD,BUY,THRESHOLD_CHECK,BELOW_THRESHOLD,LOW,False,HOLD: Final 0.4959 between BUY>0.5800 and SELL<0.4200
2026-05-18T00:16:11.365965+00:00,London,RANGING,20.00,0.1429,0.001263,0.517929,0.5643,0.650000,0.4357,0.575474,0.132071,0.039621,-0.0100,0.0000,0.525853,0.525853,0.035853,0.0100,False,0.5800,0.4200,False,HOLD,BUY,THRESHOLD_CHECK,BELOW_THRESHOLD,LOW,False,HOLD: Final 0.5259 between BUY>0.5800 and SELL<0.4200
2026-05-18T00:16:11.374713+00:00,London,RANGING,20.00,0.1429,0.001263,0.599060,0.5643,0.650000,0.4357,0.621255,0.050940,0.015282,-0.0100,0.0000,0.565973,0.565973,0.105973,0.0100,False,0.5800,0.4200,False,HOLD,BUY,THRESHOLD_CHECK,BELOW_THRESHOLD,LOW,False,HOLD: Final 0.5660 between BUY>0.5800 and SELL<0.4200
2026-05-18T00:16:11.378801+00:00,London,RANGING,20.00,0.1429,0.001263,0.599060,0.5643,0.650000,0.4357,0.621255,0.050940,0.015282,-0.0100,0.0000,0.595973,0.595973,0.105973,0.0100,False,0.5800,0.4200,False,BUY,BUY,EXECUTION_READY,VALID_SIGNAL,MEDIUM,False,
2026-05-18T00:16:11.380831+00:00,London,RANGING,20.00,0.1429,0.001263,0.531011,0.5643,0.650000,0.4357,0.582856,0.118989,0.035697,-0.0100,0.0000,0.507159,0.507159,0.047159,0.0100,False,0.5800,0.4200,False,HOLD,BUY,THRESHOLD_CHECK,BELOW_THRESHOLD,LOW,False,HOLD: Final 0.5072 between BUY>0.5800 and SELL<0.4200
2026-05-18T00:16:11.387104+00:00,London,RANGING,20.00,0.1429,0.001263,0.531011,0.5643,0.650000,0.4357,0.582856,0.118989,0.035697,-0.0100,0.0000,0.537159,0.537159,0.047159,0.0100,False,0.5800,0.4200,False,HOLD,BUY,THRESHOLD_CHECK,BELOW_THRESHOLD,LOW,False,HOLD: Final 0.5372 between BUY>0.5800 and SELL<0.4200
2026-05-18T00:16:11.398234+00:00,London,RANGING,20.00,0.1429,0.001263,0.504072,0.5643,0.650000,0.4357,0.567655,0.145928,0.043778,-0.0100,0.0000,0.483877,0.483877,0.023877,0.0100,False,0.5800,0.4200,False,HOLD,BUY,THRESHOLD_CHECK,BELOW_THRESHOLD,LOW,False,HOLD: Final 0.4839 between BUY>0.5800 and SELL<0.4200
2026-05-18T00:16:11.399237+00:00,London,RANGING,20.00,0.1429,0.001263,0.504072,0.5643,0.650000,0.4357,0.567655,0.145928,0.043778,-0.0100,0.0000,0.513877,0.513877,0.023877,0.0100,False,0.5800,0.4200,False,HOLD,BUY,THRESHOLD_CHECK,BELOW_THRESHOLD,LOW,False,HOLD: Final 0.5139 between BUY>0.5800 and SELL<0.4200
2026-05-18T00:16:11.407325+00:00,London,RANGING,20.00,0.1429,0.001263,0.613042,0.5643,0.650000,0.4357,0.629145,0.036958,0.011087,-0.0100,0.0000,0.578058,0.578058,0.118058,0.0100,False,0.5800,0.4200,False,HOLD,BUY,THRESHOLD_CHECK,BELOW_THRESHOLD,LOW,False,HOLD: Final 0.5781 between BUY>0.5800 and SELL<0.4200
2026-05-18T00:16:11.411046+00:00,London,RANGING,20.00,0.1429,0.001263,0.613042,0.5643,0.650000,0.4357,0.629145,0.036958,0.011087,-0.0100,0.0000,0.608058,0.608058,0.118058,0.0100,False,0.5800,0.4200,False,BUY,BUY,EXECUTION_READY,VALID_SIGNAL,MEDIUM,False,
2026-05-18T00:16:11.412570+00:00,London,RANGING,20.00,0.1429,0.001263,0.540869,0.5643,0.650000,0.4357,0.588419,0.109131,0.032739,-0.0100,0.0000,0.515680,0.515680,0.055680,0.0100,False,0.5800,0.4200,False,HOLD,BUY,THRESHOLD_CHECK,BELOW_THRESHOLD,LOW,False,HOLD: Final 0.5157 between BUY>0.5800 and SELL<0.4200
2026-05-18T00:16:11.423890+00:00,London,RANGING,20.00,0.1429,0.001263,0.540869,0.5643,0.650000,0.4357,0.588419,0.109131,0.032739,-0.0100,0.0000,0.545680,0.545680,0.055680,0.0100,False,0.5800,0.4200,False,HOLD,BUY,THRESHOLD_CHECK,BELOW_THRESHOLD,LOW,False,HOLD: Final 0.5457 between BUY>0.5800 and SELL<0.4200
2026-05-18T00:16:11.431309+00:00,London,RANGING,20.00,0.1429,0.001263,0.620317,0.5643,0.650000,0.4357,0.633250,0.029683,0.008905,-0.0100,0.0000,0.584345,0.584345,0.124345,0.0100,False,0.5800,0.4200,False,BUY,BUY,EXECUTION_READY,VALID_SIGNAL,MEDIUM,False,
2026-05-18T00:16:11.436125+00:00,London,RANGING,20.00,0.1429,0.001263,0.620317,0.5643,0.650000,0.4357,0.633250,0.029683,0.008905,-0.0100,0.0000,0.614345,0.614345,0.124345,0.0100,False,0.5800,0.4200,False,BUY,BUY,EXECUTION_READY,VALID_SIGNAL,MEDIUM,False,
2026-05-18T00:16:11.444006+00:00,London,RANGING,20.00,0.1429,0.001263,0.581573,0.5643,0.650000,0.4357,0.611388,0.068427,0.020528,-0.0100,0.0000,0.550860,0.550860,0.090860,0.0100,False,0.5800,0.4200,False,HOLD,BUY,THRESHOLD_CHECK,BELOW_THRESHOLD,LOW,False,HOLD: Final 0.5509 between BUY>0.5800 and SELL<0.4200
2026-05-18T00:16:11.446998+00:00,London,RANGING,20.00,0.1429,0.001263,0.581573,0.5643,0.650000,0.4357,0.611388,0.068427,0.020528,-0.0100,0.0000,0.580860,0.580860,0.090860,0.0100,False,0.5800,0.4200,False,BUY,BUY,EXECUTION_READY,VALID_SIGNAL,MEDIUM,False,
2026-05-18T00:16:11.450767+00:00,London,RANGING,20.00,0.1429,0.001263,0.602751,0.5643,0.650000,0.4357,0.623338,0.047249,0.014175,-0.0100,0.0000,0.569163,0.569163,0.109163,0.0100,False,0.5800,0.4200,False,HOLD,BUY,THRESHOLD_CHECK,BELOW_THRESHOLD,LOW,False,HOLD: Final 0.5692 between BUY>0.5800 and SELL<0.4200
2026-05-18T00:16:11.456003+00:00,London,RANGING,20.00,0.1429,0.001263,0.602751,0.5643,0.650000,0.4357,0.623338,0.047249,0.014175,-0.0100,0.0000,0.599163,0.599163,0.109163,0.0100,False,0.5800,0.4200,False,BUY,BUY,EXECUTION_READY,VALID_SIGNAL,MEDIUM,False,
2026-05-18T00:16:11.460507+00:00,London,RANGING,20.00,0.1429,0.001263,0.539271,0.5643,0.650000,0.4357,0.587517,0.110729,0.033219,-0.0100,0.0000,0.514299,0.514299,0.054299,0.0100,False,0.5800,0.4200,False,HOLD,BUY,THRESHOLD_CHECK,BELOW_THRESHOLD,LOW,False,HOLD: Final 0.5143 between BUY>0.5800 and SELL<0.4200
2026-05-18T00:16:11.460507+00:00,London,RANGING,20.00,0.1429,0.001263,0.539271,0.5643,0.650000,0.4357,0.587517,0.110729,0.033219,-0.0100,0.0000,0.544299,0.544299,0.054299,0.0100,False,0.5800,0.4200,False,HOLD,BUY,THRESHOLD_CHECK,BELOW_THRESHOLD,LOW,False,HOLD: Final 0.5443 between BUY>0.5800 and SELL<0.4200
2026-05-18T00:16:11.478156+00:00,London,RANGING,20.00,0.1429,0.001263,0.696070,0.5643,0.650000,0.4357,0.675996,0.046070,0.013821,-0.0100,0.0000,0.622176,0.622176,0.162176,0.0100,False,0.5800,0.4200,False,BUY,BUY,EXECUTION_READY,VALID_SIGNAL,MEDIUM,False,
2026-05-18T00:16:11.480479+00:00,London,RANGING,20.00,0.1429,0.001263,0.696070,0.5643,0.650000,0.4357,0.675996,0.046070,0.013821,-0.0100,0.0000,0.652176,0.652176,0.162176,0.0100,False,0.5800,0.4200,False,BUY,BUY,EXECUTION_READY,VALID_SIGNAL,HIGH,False,
2026-05-18T00:16:11.489623+00:00,London,RANGING,20.00,0.1429,0.001263,0.522208,0.5643,0.650000,0.4357,0.577889,0.127792,0.038338,-0.0100,0.0000,0.499551,0.499551,0.039551,0.0100,False,0.5800,0.4200,False,HOLD,BUY,THRESHOLD_CHECK,BELOW_THRESHOLD,LOW,False,HOLD: Final 0.4996 between BUY>0.5800 and SELL<0.4200
2026-05-18T00:16:11.491166+00:00,London,RANGING,20.00,0.1429,0.001263,0.522208,0.5643,0.650000,0.4357,0.577889,0.127792,0.038338,-0.0100,0.0000,0.529551,0.529551,0.039551,0.0100,False,0.5800,0.4200,False,HOLD,BUY,THRESHOLD_CHECK,BELOW_THRESHOLD,LOW,False,HOLD: Final 0.5296 between BUY>0.5800 and SELL<0.4200
2026-05-18T00:16:11.496564+00:00,London,RANGING,20.00,0.1429,0.001263,0.675971,0.5643,0.650000,0.4357,0.664655,0.025971,0.007791,-0.0100,0.0000,0.616864,0.616864,0.156864,0.0100,False,0.5800,0.4200,False,BUY,BUY,EXECUTION_READY,VALID_SIGNAL,MEDIUM,False,
2026-05-18T00:16:11.498561+00:00,London,RANGING,20.00,0.1429,0.001263,0.675971,0.5643,0.650000,0.4357,0.664655,0.025971,0.007791,-0.0100,0.0000,0.646864,0.646864,0.156864,0.0100,False,0.5800,0.4200,False,BUY,BUY,EXECUTION_READY,VALID_SIGNAL,MEDIUM,False,
2026-05-18T00:16:11.502678+00:00,London,RANGING,20.00,0.1429,0.001263,0.624732,0.5643,0.650000,0.4357,0.635742,0.025268,0.007580,-0.0100,0.0000,0.588161,0.588161,0.128161,0.0100,False,0.5800,0.4200,False,BUY,BUY,EXECUTION_READY,VALID_SIGNAL,MEDIUM,False,
2026-05-18T00:16:11.505329+00:00,London,RANGING,20.00,0.1429,0.001263,0.624732,0.5643,0.650000,0.4357,0.635742,0.025268,0.007580,-0.0100,0.0000,0.618161,0.618161,0.128161,0.0100,False,0.5800,0.4200,False,BUY,BUY,EXECUTION_READY,VALID_SIGNAL,MEDIUM,False,
2026-05-18T00:16:11.509501+00:00,London,RANGING,20.00,0.1429,0.001263,0.638675,0.5643,0.650000,0.4357,0.643609,0.011325,0.003398,-0.0100,0.0000,0.600212,0.600212,0.140212,0.0100,False,0.5800,0.4200,False,BUY,BUY,EXECUTION_READY,VALID_SIGNAL,MEDIUM,False,
2026-05-18T00:16:11.512886+00:00,London,RANGING,20.00,0.1429,0.001263,0.638675,0.5643,0.650000,0.4357,0.643609,0.011325,0.003398,-0.0100,0.0000,0.630212,0.630212,0.140212,0.0100,False,0.5800,0.4200,False,BUY,BUY,EXECUTION_READY,VALID_SIGNAL,MEDIUM,False,
2026-05-18T00:16:11.518121+00:00,London,RANGING,20.00,0.1429,0.001263,0.714548,0.5643,0.650000,0.4357,0.686424,0.064548,0.019364,-0.0100,0.0000,0.627059,0.627059,0.167059,0.0100,False,0.5800,0.4200,False,BUY,BUY,EXECUTION_READY,VALID_SIGNAL,MEDIUM,False,
2026-05-18T00:16:11.521560+00:00,London,RANGING,20.00,0.1429,0.001263,0.714548,0.5643,0.650000,0.4357,0.686424,0.064548,0.019364,-0.0100,0.0000,0.657059,0.657059,0.167059,0.0100,False,0.5800,0.4200,False,BUY,BUY,EXECUTION_READY,VALID_SIGNAL,HIGH,False,
2026-05-18T00:16:11.527512+00:00,London,RANGING,20.00,0.1429,0.001263,0.524492,0.5643,0.650000,0.4357,0.579178,0.125508,0.037652,-0.0100,0.0000,0.501525,0.501525,0.041525,0.0100,False,0.5800,0.4200,False,HOLD,BUY,THRESHOLD_CHECK,BELOW_THRESHOLD,LOW,False,HOLD: Final 0.5015 between BUY>0.5800 and SELL<0.4200
2026-05-18T00:16:11.529754+00:00,London,RANGING,20.00,0.1429,0.001263,0.524492,0.5643,0.650000,0.4357,0.579178,0.125508,0.037652,-0.0100,0.0000,0.531525,0.531525,0.041525,0.0100,False,0.5800,0.4200,False,HOLD,BUY,THRESHOLD_CHECK,BELOW_THRESHOLD,LOW,False,HOLD: Final 0.5315 between BUY>0.5800 and SELL<0.4200
2026-05-18T00:16:11.532747+00:00,London,RANGING,20.00,0.1429,0.001263,0.571356,0.5643,0.650000,0.4357,0.605622,0.078644,0.023593,-0.0100,0.0000,0.542029,0.542029,0.082029,0.0100,False,0.5800,0.4200,False,HOLD,BUY,THRESHOLD_CHECK,BELOW_THRESHOLD,LOW,False,HOLD: Final 0.5420 between BUY>0.5800 and SELL<0.4200
2026-05-18T00:16:11.536479+00:00,London,RANGING,20.00,0.1429,0.001263,0.571356,0.5643,0.650000,0.4357,0.605622,0.078644,0.023593,-0.0100,0.0000,0.572029,0.572029,0.082029,0.0100,False,0.5800,0.4200,False,HOLD,BUY,THRESHOLD_CHECK,BELOW_THRESHOLD,LOW,False,HOLD: Final 0.5720 between BUY>0.5800 and SELL<0.4200
2026-05-18T00:16:11.541595+00:00,London,RANGING,20.00,0.1429,0.001263,0.687087,0.5643,0.650000,0.4357,0.670928,0.037087,0.011126,-0.0100,0.0000,0.619802,0.619802,0.159802,0.0100,False,0.5800,0.4200,False,BUY,BUY,EXECUTION_READY,VALID_SIGNAL,MEDIUM,False,
2026-05-18T00:16:11.543133+00:00,London,RANGING,20.00,0.1429,0.001263,0.687087,0.5643,0.650000,0.4357,0.670928,0.037087,0.011126,-0.0100,0.0000,0.649802,0.649802,0.159802,0.0100,False,0.5800,0.4200,False,BUY,BUY,EXECUTION_READY,VALID_SIGNAL,MEDIUM,False,
2026-05-18T00:16:11.545071+00:00,London,RANGING,20.00,0.1429,0.001263,0.562969,0.5643,0.650000,0.4357,0.600890,0.087031,0.026109,-0.0100,0.0000,0.534780,0.534780,0.074780,0.0100,False,0.5800,0.4200,False,HOLD,BUY,THRESHOLD_CHECK,BELOW_THRESHOLD,LOW,False,HOLD: Final 0.5348 between BUY>0.5800 and SELL<0.4200
2026-05-18T00:16:11.550104+00:00,London,RANGING,20.00,0.1429,0.001263,0.562969,0.5643,0.650000,0.4357,0.600890,0.087031,0.026109,-0.0100,0.0000,0.564780,0.564780,0.074780,0.0100,False,0.5800,0.4200,False,HOLD,BUY,THRESHOLD_CHECK,BELOW_THRESHOLD,LOW,False,HOLD: Final 0.5648 between BUY>0.5800 and SELL<0.4200
2026-05-18T00:16:11.551595+00:00,London,RANGING,20.00,0.1429,0.001263,0.702921,0.5643,0.650000,0.4357,0.679863,0.052921,0.015876,-0.0100,0.0000,0.623986,0.623986,0.163986,0.0100,False,0.5800,0.4200,False,BUY,BUY,EXECUTION_READY,VALID_SIGNAL,MEDIUM,False,
2026-05-18T00:16:11.555834+00:00,London,RANGING,20.00,0.1429,0.001263,0.702921,0.5643,0.650000,0.4357,0.679863,0.052921,0.015876,-0.0100,0.0000,0.653986,0.653986,0.163986,0.0100,False,0.5800,0.4200,False,BUY,BUY,EXECUTION_READY,VALID_SIGNAL,HIGH,False,
2026-05-18T00:16:11.561364+00:00,London,RANGING,20.00,0.1429,0.001263,0.503179,0.5643,0.650000,0.4357,0.567151,0.146821,0.044046,-0.0100,0.0000,0.483105,0.483105,0.023105,0.0100,False,0.5800,0.4200,False,HOLD,BUY,THRESHOLD_CHECK,BELOW_THRESHOLD,LOW,False,HOLD: Final 0.4831 between BUY>0.5800 and SELL<0.4200
2026-05-18T00:16:11.562793+00:00,London,RANGING,20.00,0.1429,0.001263,0.503179,0.5643,0.650000,0.4357,0.567151,0.146821,0.044046,-0.0100,0.0000,0.513105,0.513105,0.023105,0.0100,False,0.5800,0.4200,False,HOLD,BUY,THRESHOLD_CHECK,BELOW_THRESHOLD,LOW,False,HOLD: Final 0.5131 between BUY>0.5800 and SELL<0.4200
2026-05-18T00:16:11.564492+00:00,London,RANGING,20.00,0.1429,0.001263,0.500000,0.5643,0.650000,0.4357,0.565357,0.150000,0.045000,-0.0100,0.0000,0.480357,0.480357,0.020357,0.0100,False,0.5800,0.4200,False,HOLD,BUY,THRESHOLD_CHECK,BELOW_THRESHOLD,LOW,False,HOLD: Final 0.4804 between BUY>0.5800 and SELL<0.4200
2026-05-18T00:16:11.570912+00:00,London,RANGING,20.00,0.1429,0.001263,0.500000,0.5643,0.650000,0.4357,0.565357,0.150000,0.045000,-0.0100,0.0000,0.510357,0.510357,0.020357,0.0100,False,0.5800,0.4200,False,HOLD,BUY,THRESHOLD_CHECK,BELOW_THRESHOLD,LOW,False,HOLD: Final 0.5104 between BUY>0.5800 and SELL<0.4200
2026-05-18T00:16:11.575997+00:00,London,RANGING,20.00,0.1429,0.001263,0.579445,0.5643,0.650000,0.4357,0.610187,0.070555,0.021167,-0.0100,0.0000,0.549020,0.549020,0.089020,0.0100,False,0.5800,0.4200,False,HOLD,BUY,THRESHOLD_CHECK,BELOW_THRESHOLD,LOW,False,HOLD: Final 0.5490 between BUY>0.5800 and SELL<0.4200
2026-05-18T00:16:11.578179+00:00,London,RANGING,20.00,0.1429,0.001263,0.579445,0.5643,0.650000,0.4357,0.610187,0.070555,0.021167,-0.0100,0.0000,0.579020,0.579020,0.089020,0.0100,False,0.5800,0.4200,False,HOLD,BUY,THRESHOLD_CHECK,BELOW_THRESHOLD,LOW,False,HOLD: Final 0.5790 between BUY>0.5800 and SELL<0.4200
2026-05-18T00:16:11.579532+00:00,London,RANGING,20.00,0.1429,0.001263,0.617667,0.5643,0.650000,0.4357,0.631755,0.032333,0.009700,-0.0100,0.0000,0.582055,0.582055,0.122055,0.0100,False,0.5800,0.4200,False,BUY,BUY,EXECUTION_READY,VALID_SIGNAL,MEDIUM,False,
2026-05-18T00:16:11.582405+00:00,London,RANGING,20.00,0.1429,0.001263,0.617667,0.5643,0.650000,0.4357,0.631755,0.032333,0.009700,-0.0100,0.0000,0.612055,0.612055,0.122055,0.0100,False,0.5800,0.4200,False,BUY,BUY,EXECUTION_READY,VALID_SIGNAL,MEDIUM,False,
2026-05-18T00:16:11.589389+00:00,London,RANGING,20.00,0.1429,0.001263,0.514899,0.5643,0.650000,0.4357,0.573765,0.135101,0.040530,-0.0100,0.0000,0.493234,0.493234,0.033234,0.0100,False,0.5800,0.4200,False,HOLD,BUY,THRESHOLD_CHECK,BELOW_THRESHOLD,LOW,False,HOLD: Final 0.4932 between BUY>0.5800 and SELL<0.4200
2026-05-18T00:16:11.592017+00:00,London,RANGING,20.00,0.1429,0.001263,0.514899,0.5643,0.650000,0.4357,0.573765,0.135101,0.040530,-0.0100,0.0000,0.523234,0.523234,0.033234,0.0100,False,0.5800,0.4200,False,HOLD,BUY,THRESHOLD_CHECK,BELOW_THRESHOLD,LOW,False,HOLD: Final 0.5232 between BUY>0.5800 and SELL<0.4200
2026-05-18T00:16:11.598405+00:00,London,RANGING,20.00,0.1429,0.001263,0.535499,0.5643,0.650000,0.4357,0.585389,0.114501,0.034350,-0.0100,0.0000,0.511039,0.511039,0.051039,0.0100,False,0.5800,0.4200,False,HOLD,BUY,THRESHOLD_CHECK,BELOW_THRESHOLD,LOW,False,HOLD: Final 0.5110 between BUY>0.5800 and SELL<0.4200
2026-05-18T00:16:11.600402+00:00,London,RANGING,20.00,0.1429,0.001263,0.535499,0.5643,0.650000,0.4357,0.585389,0.114501,0.034350,-0.0100,0.0000,0.541039,0.541039,0.051039,0.0100,False,0.5800,0.4200,False,HOLD,BUY,THRESHOLD_CHECK,BELOW_THRESHOLD,LOW,False,HOLD: Final 0.5410 between BUY>0.5800 and SELL<0.4200
2026-05-18T00:16:11.602029+00:00,London,RANGING,20.00,0.1429,0.001263,0.543709,0.5643,0.650000,0.4357,0.590022,0.106291,0.031887,-0.0100,0.0000,0.518134,0.518134,0.058134,0.0100,False,0.5800,0.4200,False,HOLD,BUY,THRESHOLD_CHECK,BELOW_THRESHOLD,LOW,False,HOLD: Final 0.5181 between BUY>0.5800 and SELL<0.4200
2026-05-18T00:16:11.604956+00:00,London,RANGING,20.00,0.1429,0.001263,0.543709,0.5643,0.650000,0.4357,0.590022,0.106291,0.031887,-0.0100,0.0000,0.548134,0.548134,0.058134,0.0100,False,0.5800,0.4200,False,HOLD,BUY,THRESHOLD_CHECK,BELOW_THRESHOLD,LOW,False,HOLD: Final 0.5481 between BUY>0.5800 and SELL<0.4200
2026-05-18T00:16:11.610324+00:00,London,RANGING,20.00,0.1429,0.001263,0.677189,0.5643,0.650000,0.4357,0.665343,0.027189,0.008157,-0.0100,0.0000,0.617186,0.617186,0.157186,0.0100,False,0.5800,0.4200,False,BUY,BUY,EXECUTION_READY,VALID_SIGNAL,MEDIUM,False,
2026-05-18T00:16:11.611729+00:00,London,RANGING,20.00,0.1429,0.001263,0.677189,0.5643,0.650000,0.4357,0.665343,0.027189,0.008157,-0.0100,0.0000,0.647186,0.647186,0.157186,0.0100,False,0.5800,0.4200,False,BUY,BUY,EXECUTION_READY,VALID_SIGNAL,MEDIUM,False,
2026-05-18T00:16:11.613416+00:00,London,RANGING,20.00,0.1429,0.001263,0.658716,0.5643,0.650000,0.4357,0.654918,0.008716,0.002615,-0.0100,0.0000,0.612303,0.612303,0.152303,0.0100,False,0.5800,0.4200,False,BUY,BUY,EXECUTION_READY,VALID_SIGNAL,MEDIUM,False,
2026-05-18T00:16:11.618055+00:00,London,RANGING,20.00,0.1429,0.001263,0.658716,0.5643,0.650000,0.4357,0.654918,0.008716,0.002615,-0.0100,0.0000,0.642303,0.642303,0.152303,0.0100,False,0.5800,0.4200,False,BUY,BUY,EXECUTION_READY,VALID_SIGNAL,MEDIUM,False,
2026-05-18T00:16:11.619455+00:00,London,RANGING,20.00,0.1429,0.001263,0.505086,0.5643,0.650000,0.4357,0.568227,0.144914,0.043474,-0.0100,0.0000,0.484753,0.484753,0.024753,0.0100,False,0.5800,0.4200,False,HOLD,BUY,THRESHOLD_CHECK,BELOW_THRESHOLD,LOW,False,HOLD: Final 0.4848 between BUY>0.5800 and SELL<0.4200
2026-05-18T00:16:11.624186+00:00,London,RANGING,20.00,0.1429,0.001263,0.505086,0.5643,0.650000,0.4357,0.568227,0.144914,0.043474,-0.0100,0.0000,0.514753,0.514753,0.024753,0.0100,False,0.5800,0.4200,False,HOLD,BUY,THRESHOLD_CHECK,BELOW_THRESHOLD,LOW,False,HOLD: Final 0.5148 between BUY>0.5800 and SELL<0.4200
2026-05-18T00:16:11.628030+00:00,London,RANGING,20.00,0.1429,0.001263,0.568531,0.5643,0.650000,0.4357,0.604028,0.081469,0.024441,-0.0100,0.0000,0.539588,0.539588,0.079588,0.0100,False,0.5800,0.4200,False,HOLD,BUY,THRESHOLD_CHECK,BELOW_THRESHOLD,LOW,False,HOLD: Final 0.5396 between BUY>0.5800 and SELL<0.4200
2026-05-18T00:16:11.632493+00:00,London,RANGING,20.00,0.1429,0.001263,0.568531,0.5643,0.650000,0.4357,0.604028,0.081469,0.024441,-0.0100,0.0000,0.569588,0.569588,0.079588,0.0100,False,0.5800,0.4200,False,HOLD,BUY,THRESHOLD_CHECK,BELOW_THRESHOLD,LOW,False,HOLD: Final 0.5696 between BUY>0.5800 and SELL<0.4200
2026-05-18T00:16:11.636216+00:00,London,RANGING,20.00,0.1429,0.001263,0.637255,0.5643,0.650000,0.4357,0.642808,0.012745,0.003824,-0.0100,0.0000,0.598984,0.598984,0.138984,0.0100,False,0.5800,0.4200,False,BUY,BUY,EXECUTION_READY,VALID_SIGNAL,MEDIUM,False,
2026-05-18T00:16:11.637788+00:00,London,RANGING,20.00,0.1429,0.001263,0.637255,0.5643,0.650000,0.4357,0.642808,0.012745,0.003824,-0.0100,0.0000,0.628984,0.628984,0.138984,0.0100,False,0.5800,0.4200,False,BUY,BUY,EXECUTION_READY,VALID_SIGNAL,MEDIUM,False,
2026-05-18T00:16:11.642350+00:00,London,RANGING,20.00,0.1429,0.001263,0.520667,0.5643,0.650000,0.4357,0.577019,0.129333,0.038800,-0.0100,0.0000,0.498219,0.498219,0.038219,0.0100,False,0.5800,0.4200,False,HOLD,BUY,THRESHOLD_CHECK,BELOW_THRESHOLD,LOW,False,HOLD: Final 0.4982 between BUY>0.5800 and SELL<0.4200
2026-05-18T00:16:11.644345+00:00,London,RANGING,20.00,0.1429,0.001263,0.520667,0.5643,0.650000,0.4357,0.577019,0.129333,0.038800,-0.0100,0.0000,0.528219,0.528219,0.038219,0.0100,False,0.5800,0.4200,False,HOLD,BUY,THRESHOLD_CHECK,BELOW_THRESHOLD,LOW,False,HOLD: Final 0.5282 between BUY>0.5800 and SELL<0.4200
2026-05-18T00:16:11.645895+00:00,London,RANGING,20.00,0.1429,0.001263,0.529235,0.5643,0.650000,0.4357,0.581854,0.120765,0.036229,-0.0100,0.0000,0.505625,0.505625,0.045625,0.0100,False,0.5800,0.4200,False,HOLD,BUY,THRESHOLD_CHECK,BELOW_THRESHOLD,LOW,False,HOLD: Final 0.5056 between BUY>0.5800 and SELL<0.4200
2026-05-18T00:16:11.649060+00:00,London,RANGING,20.00,0.1429,0.001263,0.529235,0.5643,0.650000,0.4357,0.581854,0.120765,0.036229,-0.0100,0.0000,0.535625,0.535625,0.045625,0.0100,False,0.5800,0.4200,False,HOLD,BUY,THRESHOLD_CHECK,BELOW_THRESHOLD,LOW,False,HOLD: Final 0.5356 between BUY>0.5800 and SELL<0.4200
2026-05-18T00:16:11.652108+00:00,London,RANGING,20.00,0.1429,0.001263,0.694401,0.5643,0.650000,0.4357,0.675055,0.044401,0.013320,-0.0100,0.0000,0.621734,0.621734,0.161734,0.0100,False,0.5800,0.4200,False,BUY,BUY,EXECUTION_READY,VALID_SIGNAL,MEDIUM,False,
2026-05-18T00:16:11.654559+00:00,London,RANGING,20.00,0.1429,0.001263,0.694401,0.5643,0.650000,0.4357,0.675055,0.044401,0.013320,-0.0100,0.0000,0.651734,0.651734,0.161734,0.0100,False,0.5800,0.4200,False,BUY,BUY,EXECUTION_READY,VALID_SIGNAL,HIGH,False,
2026-05-18T00:16:11.659420+00:00,London,RANGING,20.00,0.1429,0.001263,0.513774,0.5643,0.650000,0.4357,0.573130,0.136226,0.040868,-0.0100,0.0000,0.492262,0.492262,0.032262,0.0100,False,0.5800,0.4200,False,HOLD,BUY,THRESHOLD_CHECK,BELOW_THRESHOLD,LOW,False,HOLD: Final 0.4923 between BUY>0.5800 and SELL<0.4200
2026-05-18T00:16:11.661449+00:00,London,RANGING,20.00,0.1429,0.001263,0.513774,0.5643,0.650000,0.4357,0.573130,0.136226,0.040868,-0.0100,0.0000,0.522262,0.522262,0.032262,0.0100,False,0.5800,0.4200,False,HOLD,BUY,THRESHOLD_CHECK,BELOW_THRESHOLD,LOW,False,HOLD: Final 0.5223 between BUY>0.5800 and SELL<0.4200
2026-05-18T00:16:11.662742+00:00,London,RANGING,20.00,0.1429,0.001263,0.512415,0.5643,0.650000,0.4357,0.572363,0.137585,0.041275,-0.0100,0.0000,0.491088,0.491088,0.031088,0.0100,False,0.5800,0.4200,False,HOLD,BUY,THRESHOLD_CHECK,BELOW_THRESHOLD,LOW,False,HOLD: Final 0.4911 between BUY>0.5800 and SELL<0.4200
2026-05-18T00:16:11.667190+00:00,London,RANGING,20.00,0.1429,0.001263,0.512415,0.5643,0.650000,0.4357,0.572363,0.137585,0.041275,-0.0100,0.0000,0.521088,0.521088,0.031088,0.0100,False,0.5800,0.4200,False,HOLD,BUY,THRESHOLD_CHECK,BELOW_THRESHOLD,LOW,False,HOLD: Final 0.5211 between BUY>0.5800 and SELL<0.4200
2026-05-18T00:16:11.668545+00:00,London,RANGING,20.00,0.1429,0.001263,0.537903,0.5643,0.650000,0.4357,0.586745,0.112097,0.033629,-0.0100,0.0000,0.513116,0.513116,0.053116,0.0100,False,0.5800,0.4200,False,HOLD,BUY,THRESHOLD_CHECK,BELOW_THRESHOLD,LOW,False,HOLD: Final 0.5131 between BUY>0.5800 and SELL<0.4200
2026-05-18T00:16:11.671143+00:00,London,RANGING,20.00,0.1429,0.001263,0.537903,0.5643,0.650000,0.4357,0.586745,0.112097,0.033629,-0.0100,0.0000,0.543116,0.543116,0.053116,0.0100,False,0.5800,0.4200,False,HOLD,BUY,THRESHOLD_CHECK,BELOW_THRESHOLD,LOW,False,HOLD: Final 0.5431 between BUY>0.5800 and SELL<0.4200
2026-05-18T00:16:12.013322+00:00,London,RANGING,15.00,0.0000,0.001000,0.650000,0.5500,0.650000,0.4500,0.650000,0.000000,0.000000,-0.0100,0.0000,0.625000,0.625000,0.150000,0.0100,False,0.5800,0.4200,False,BUY,BUY,EXECUTION_READY,VALID_SIGNAL,MEDIUM,False,
2026-05-18T00:16:12.024787+00:00,London,TRENDING,50.00,1.0000,0.001000,0.650000,0.6500,0.650000,0.3500,0.650000,0.000000,0.000000,0.0200,0.0000,0.670000,0.670000,0.150000,0.0100,False,0.5600,0.4400,False,BUY,BUY,EXECUTION_READY,VALID_SIGNAL,HIGH,False,
2026-05-18T00:16:12.030023+00:00,London,TRENDING,39.72,0.7064,0.001000,0.650000,0.6206,0.650000,0.3794,0.650000,0.000000,0.000000,0.0200,0.0000,0.670000,0.670000,0.150000,0.0100,False,0.5600,0.4400,False,BUY,BUY,EXECUTION_READY,VALID_SIGNAL,HIGH,False,
2026-05-18T00:16:12.033762+00:00,London,RANGING,15.00,0.0000,0.001000,0.650000,0.5500,0.650000,0.4500,0.650000,0.000000,0.000000,-0.0100,0.0000,0.625000,0.625000,0.150000,0.0100,False,0.5800,0.4200,False,BUY,BUY,EXECUTION_READY,VALID_SIGNAL,MEDIUM,False,
2026-05-18T00:16:12.045005+00:00,London,RANGING,15.00,0.0000,0.001000,0.650000,0.5500,0.650000,0.4500,0.650000,0.000000,0.000000,-0.0100,0.0000,0.625000,0.625000,0.150000,0.0100,False,0.5800,0.4200,False,BUY,BUY,EXECUTION_READY,VALID_SIGNAL,MEDIUM,False,
2026-05-18T00:16:12.048615+00:00,London,TRENDING,46.88,0.9109,0.001000,0.650000,0.6411,0.650000,0.3589,0.650000,0.000000,0.000000,0.0200,0.0000,0.670000,0.670000,0.150000,0.0100,False,0.5600,0.4400,False,BUY,BUY,EXECUTION_READY,VALID_SIGNAL,HIGH,False,
2026-05-18T00:16:12.060788+00:00,London,TRENDING,40.17,0.7192,0.001000,0.650000,0.6219,0.650000,0.3781,0.650000,0.000000,0.000000,0.0200,0.0000,0.670000,0.670000,0.150000,0.0100,False,0.5600,0.4400,False,BUY,BUY,EXECUTION_READY,VALID_SIGNAL,HIGH,False,
2026-05-18T00:16:12.065881+00:00,London,RANGING,15.00,0.0000,0.001000,0.650000,0.5500,0.650000,0.4500,0.650000,0.000000,0.000000,-0.0100,0.0000,0.625000,0.625000,0.150000,0.0100,False,0.5800,0.4200,False,BUY,BUY,EXECUTION_READY,VALID_SIGNAL,MEDIUM,False,
2026-05-18T00:16:12.074087+00:00,London,RANGING,15.00,0.0000,0.001000,0.650000,0.5500,0.650000,0.4500,0.650000,0.000000,0.000000,-0.0100,0.0000,0.625001,0.625001,0.150000,0.0100,False,0.5800,0.4200,False,BUY,BUY,EXECUTION_READY,VALID_SIGNAL,MEDIUM,False,
2026-05-18T00:16:12.079727+00:00,London,RANGING,15.00,0.0000,0.001000,0.650000,0.5500,0.650000,0.4500,0.650000,0.000000,0.000000,-0.0100,0.0000,0.625000,0.625000,0.150000,0.0100,False,0.5800,0.4200,False,BUY,BUY,EXECUTION_READY,VALID_SIGNAL,MEDIUM,False,
2026-05-18T00:16:12.083703+00:00,London,TRANSITIONING,26.40,0.3256,0.001000,0.650000,0.5826,0.650000,0.4174,0.650000,0.000000,0.000000,0.0100,0.0000,0.660000,0.660000,0.150000,0.0100,False,0.5700,0.4300,False,BUY,BUY,EXECUTION_READY,VALID_SIGNAL,HIGH,False,
2026-05-18T00:16:12.095186+00:00,London,RANGING,15.00,0.0000,0.001000,0.650000,0.5500,0.650000,0.4500,0.650000,0.000000,0.000000,-0.0100,0.0000,0.625000,0.625000,0.150000,0.0100,False,0.5800,0.4200,False,BUY,BUY,EXECUTION_READY,VALID_SIGNAL,MEDIUM,False,
2026-05-18T00:16:12.097350+00:00,London,RANGING,15.00,0.0000,0.001000,0.650000,0.5500,0.650000,0.4500,0.650000,0.000000,0.000000,-0.0100,0.0000,0.625000,0.625000,0.150000,0.0100,False,0.5800,0.4200,False,BUY,BUY,EXECUTION_READY,VALID_SIGNAL,MEDIUM,False,
2026-05-18T00:16:12.106158+00:00,London,RANGING,15.00,0.0000,0.001000,0.650000,0.5500,0.650000,0.4500,0.650000,0.000000,0.000000,-0.0100,0.0000,0.625000,0.625000,0.150000,0.0100,False,0.5800,0.4200,False,BUY,BUY,EXECUTION_READY,VALID_SIGNAL,MEDIUM,False,
2026-05-18T00:16:12.111883+00:00,London,RANGING,15.00,0.0000,0.001000,0.650000,0.5500,0.650000,0.4500,0.650000,0.000000,0.000000,-0.0100,0.0000,0.625000,0.625000,0.150000,0.0100,False,0.5800,0.4200,False,BUY,BUY,EXECUTION_READY,VALID_SIGNAL,MEDIUM,False,
2026-05-18T00:16:12.116867+00:00,London,RANGING,15.00,0.0000,0.001000,0.650000,0.5500,0.650000,0.4500,0.650000,0.000000,0.000000,-0.0100,0.0000,0.625000,0.625000,0.150000,0.0100,False,0.5800,0.4200,False,BUY,BUY,EXECUTION_READY,VALID_SIGNAL,MEDIUM,False,
2026-05-18T00:16:12.127050+00:00,London,RANGING,15.00,0.0000,0.001000,0.650000,0.5500,0.650000,0.4500,0.650000,0.000000,0.000000,-0.0100,0.0000,0.625000,0.625000,0.150000,0.0100,False,0.5800,0.4200,False,BUY,BUY,EXECUTION_READY,VALID_SIGNAL,MEDIUM,False,
2026-05-18T00:16:12.129382+00:00,London,TRANSITIONING,32.50,0.5000,0.001000,0.650000,0.6000,0.650000,0.4000,0.650000,0.000000,0.000000,0.0200,0.0000,0.670000,0.670000,0.150000,0.0100,False,0.5600,0.4400,False,BUY,BUY,EXECUTION_READY,VALID_SIGNAL,HIGH,False,
2026-05-18T00:16:12.134557+00:00,London,RANGING,15.00,0.0000,0.001000,0.650000,0.5500,0.650000,0.4500,0.650000,0.000000,0.000000,-0.0100,0.0000,0.625000,0.625000,0.150000,0.0100,False,0.5800,0.4200,False,BUY,BUY,EXECUTION_READY,VALID_SIGNAL,MEDIUM,False,
2026-05-18T00:16:12.145682+00:00,London,TRANSITIONING,26.67,0.3333,0.001000,0.650000,0.5833,0.650000,0.4167,0.650000,0.000000,0.000000,0.0100,0.0000,0.660000,0.660000,0.150000,0.0100,False,0.5700,0.4300,False,BUY,BUY,EXECUTION_READY,VALID_SIGNAL,HIGH,False,
2026-05-18T00:16:12.148678+00:00,London,TRANSITIONING,35.27,0.5791,0.001000,0.650000,0.6079,0.650000,0.3921,0.650000,0.000000,0.000000,0.0200,0.0000,0.670000,0.670000,0.150000,0.0100,False,0.5600,0.4400,False,BUY,BUY,EXECUTION_READY,VALID_SIGNAL,HIGH,False,
2026-05-18T00:16:12.157590+00:00,London,TRENDING,49.65,0.9901,0.001000,0.650000,0.6490,0.650000,0.3510,0.650000,0.000000,0.000000,0.0200,0.0000,0.670000,0.670000,0.150000,0.0100,False,0.5600,0.4400,False,BUY,BUY,EXECUTION_READY,VALID_SIGNAL,HIGH,False,
2026-05-18T00:16:12.162959+00:00,London,RANGING,15.00,0.0000,0.001000,0.650000,0.5500,0.650000,0.4500,0.650000,0.000000,0.000000,-0.0100,0.0000,0.625000,0.625000,0.150000,0.0100,False,0.5800,0.4200,False,BUY,BUY,EXECUTION_READY,VALID_SIGNAL,MEDIUM,False,
2026-05-18T00:16:12.166740+00:00,London,TRENDING,50.00,1.0000,0.001000,0.650000,0.6500,0.650000,0.3500,0.650000,0.000000,0.000000,0.0200,0.0000,0.670000,0.670000,0.150000,0.0100,False,0.5600,0.4400,False,BUY,BUY,EXECUTION_READY,VALID_SIGNAL,HIGH,False,
2026-05-18T00:16:12.175709+00:00,London,RANGING,15.00,0.0000,0.001000,0.650000,0.5500,0.650000,0.4500,0.650000,0.000000,0.000000,-0.0100,0.0000,0.625000,0.625000,0.150000,0.0100,False,0.5800,0.4200,False,BUY,BUY,EXECUTION_READY,VALID_SIGNAL,MEDIUM,False,
2026-05-18T00:16:12.180315+00:00,London,TRENDING,48.68,0.9624,0.001000,0.650000,0.6462,0.650000,0.3538,0.650000,0.000000,0.000000,0.0200,0.0000,0.670000,0.670000,0.150000,0.0100,False,0.5600,0.4400,False,BUY,BUY,EXECUTION_READY,VALID_SIGNAL,HIGH,False,
2026-05-18T00:16:12.191895+00:00,London,RANGING,15.00,0.0001,0.001000,0.650000,0.5500,0.650000,0.4500,0.650000,0.000000,0.000000,-0.0100,0.0000,0.625006,0.625006,0.150000,0.0100,False,0.5800,0.4200,False,BUY,BUY,EXECUTION_READY,VALID_SIGNAL,MEDIUM,False,
2026-05-18T00:16:12.195796+00:00,London,RANGING,15.00,0.0000,0.001000,0.650000,0.5500,0.650000,0.4500,0.650000,0.000000,0.000000,-0.0100,0.0000,0.625000,0.625000,0.150000,0.0100,False,0.5800,0.4200,False,BUY,BUY,EXECUTION_READY,VALID_SIGNAL,MEDIUM,False,
2026-05-18T00:16:12.206345+00:00,London,TRENDING,50.00,1.0000,0.001000,0.650000,0.6500,0.650000,0.3500,0.650000,0.000000,0.000000,0.0200,0.0000,0.670000,0.670000,0.150000,0.0100,False,0.5600,0.4400,False,BUY,BUY,EXECUTION_READY,VALID_SIGNAL,HIGH,False,
2026-05-18T00:16:12.212727+00:00,London,TRENDING,37.91,0.6545,0.001000,0.650000,0.6154,0.650000,0.3846,0.650000,0.000000,0.000000,0.0200,0.0000,0.670000,0.670000,0.150000,0.0100,False,0.5600,0.4400,False,BUY,BUY,EXECUTION_READY,VALID_SIGNAL,HIGH,False,
2026-05-18T00:16:12.222965+00:00,London,RANGING,15.00,0.0000,0.001000,0.650000,0.5500,0.650000,0.4500,0.650000,0.000000,0.000000,-0.0100,0.0000,0.625000,0.625000,0.150000,0.0100,False,0.5800,0.4200,False,BUY,BUY,EXECUTION_READY,VALID_SIGNAL,MEDIUM,False,
2026-05-18T00:16:12.228505+00:00,London,RANGING,15.00,0.0000,0.001000,0.650000,0.5500,0.650000,0.4500,0.650000,0.000000,0.000000,-0.0100,0.0000,0.625000,0.625000,0.150000,0.0100,False,0.5800,0.4200,False,BUY,BUY,EXECUTION_READY,VALID_SIGNAL,MEDIUM,False,
2026-05-18T00:16:12.232272+00:00,London,TRANSITIONING,23.48,0.2424,0.001000,0.650000,0.5742,0.650000,0.4258,0.650000,0.000000,0.000000,-0.0100,0.0000,0.640000,0.640000,0.150000,0.0100,False,0.5800,0.4200,False,BUY,BUY,EXECUTION_READY,VALID_SIGNAL,MEDIUM,False,
2026-05-18T00:16:12.236051+00:00,London,RANGING,15.00,0.0000,0.001000,0.650000,0.5500,0.650000,0.4500,0.650000,0.000000,0.000000,-0.0100,0.0000,0.625000,0.625000,0.150000,0.0100,False,0.5800,0.4200,False,BUY,BUY,EXECUTION_READY,VALID_SIGNAL,MEDIUM,False,
2026-05-18T00:16:12.243091+00:00,London,RANGING,17.86,0.0816,0.001000,0.650000,0.5582,0.650000,0.4418,0.650000,0.000000,0.000000,-0.0100,0.0000,0.640000,0.640000,0.150000,0.0100,False,0.5800,0.4200,False,BUY,BUY,EXECUTION_READY,VALID_SIGNAL,MEDIUM,False,
2026-05-18T00:16:12.245088+00:00,London,TRANSITIONING,29.62,0.4178,0.001000,0.650000,0.5918,0.650000,0.4082,0.650000,0.000000,0.000000,0.0100,0.0000,0.660000,0.660000,0.150000,0.0100,False,0.5600,0.4400,False,BUY,BUY,EXECUTION_READY,VALID_SIGNAL,HIGH,False,
2026-05-18T00:16:12.249481+00:00,London,RANGING,15.00,0.0000,0.001000,0.650000,0.5500,0.650000,0.4500,0.650000,0.000000,0.000000,-0.0100,0.0000,0.625000,0.625000,0.150000,0.0100,False,0.5800,0.4200,False,BUY,BUY,EXECUTION_READY,VALID_SIGNAL,MEDIUM,False,
2026-05-18T00:16:12.254208+00:00,London,TRENDING,41.30,0.7515,0.001000,0.650000,0.6251,0.650000,0.3749,0.650000,0.000000,0.000000,0.0200,0.0000,0.670000,0.670000,0.150000,0.0100,False,0.5600,0.4400,False,BUY,BUY,EXECUTION_READY,VALID_SIGNAL,HIGH,False,
2026-05-18T00:16:12.260504+00:00,London,RANGING,15.00,0.0000,0.001000,0.650000,0.5500,0.650000,0.4500,0.650000,0.000000,0.000000,-0.0100,0.0000,0.625000,0.625000,0.150000,0.0100,False,0.5800,0.4200,False,BUY,BUY,EXECUTION_READY,VALID_SIGNAL,MEDIUM,False,
2026-05-18T00:16:12.261912+00:00,London,RANGING,15.00,0.0000,0.001000,0.650000,0.5500,0.650000,0.4500,0.650000,0.000000,0.000000,-0.0100,0.0000,0.625000,0.625000,0.150000,0.0100,False,0.5800,0.4200,False,BUY,BUY,EXECUTION_READY,VALID_SIGNAL,MEDIUM,False,
2026-05-18T00:16:12.265331+00:00,London,TRANSITIONING,26.84,0.3384,0.001000,0.650000,0.5838,0.650000,0.4162,0.650000,0.000000,0.000000,0.0100,0.0000,0.660000,0.660000,0.150000,0.0100,False,0.5700,0.4300,False,BUY,BUY,EXECUTION_READY,VALID_SIGNAL,HIGH,False,
2026-05-18T00:16:12.269494+00:00,London,TRANSITIONING,26.77,0.3363,0.001000,0.650000,0.5836,0.650000,0.4164,0.650000,0.000000,0.000000,0.0100,0.0000,0.660000,0.660000,0.150000,0.0100,False,0.5700,0.4300,False,BUY,BUY,EXECUTION_READY,VALID_SIGNAL,HIGH,False,
2026-05-18T00:16:12.276249+00:00,London,RANGING,15.00,0.0000,0.001000,0.650000,0.5500,0.650000,0.4500,0.650000,0.000000,0.000000,-0.0100,0.0000,0.625000,0.625000,0.150000,0.0100,False,0.5800,0.4200,False,BUY,BUY,EXECUTION_READY,VALID_SIGNAL,MEDIUM,False,
2026-05-18T00:16:12.278244+00:00,London,TRENDING,39.95,0.7128,0.001000,0.650000,0.6213,0.650000,0.3787,0.650000,0.000000,0.000000,0.0200,0.0000,0.670000,0.670000,0.150000,0.0100,False,0.5600,0.4400,False,BUY,BUY,EXECUTION_READY,VALID_SIGNAL,HIGH,False,
2026-05-18T00:16:12.281238+00:00,London,TRENDING,43.17,0.8048,0.001000,0.650000,0.6305,0.650000,0.3695,0.650000,0.000000,0.000000,0.0200,0.0000,0.670000,0.670000,0.150000,0.0100,False,0.5600,0.4400,False,BUY,BUY,EXECUTION_READY,VALID_SIGNAL,HIGH,False,
2026-05-18T00:16:12.284436+00:00,London,TRENDING,36.40,0.6115,0.001000,0.650000,0.6112,0.650000,0.3888,0.650000,0.000000,0.000000,0.0200,0.0000,0.670000,0.670000,0.150000,0.0100,False,0.5600,0.4400,False,BUY,BUY,EXECUTION_READY,VALID_SIGNAL,HIGH,False,
2026-05-18T00:16:12.291428+00:00,London,TRANSITIONING,22.52,0.2148,0.001000,0.650000,0.5715,0.650000,0.4285,0.650000,0.000000,0.000000,-0.0100,0.0000,0.640000,0.640000,0.150000,0.0100,False,0.5800,0.4200,False,BUY,BUY,EXECUTION_READY,VALID_SIGNAL,MEDIUM,False,
2026-05-18T00:16:12.294029+00:00,London,TRANSITIONING,35.85,0.5956,0.001000,0.650000,0.6096,0.650000,0.3904,0.650000,0.000000,0.000000,0.0200,0.0000,0.670000,0.670000,0.150000,0.0100,False,0.5600,0.4400,False,BUY,BUY,EXECUTION_READY,VALID_SIGNAL,HIGH,False,
2026-05-18T00:16:12.297842+00:00,London,RANGING,17.40,0.0685,0.001000,0.650000,0.5569,0.650000,0.4431,0.650000,0.000000,0.000000,-0.0100,0.0000,0.640000,0.640000,0.150000,0.0100,False,0.5800,0.4200,False,BUY,BUY,EXECUTION_READY,VALID_SIGNAL,MEDIUM,False,
2026-05-18T00:16:12.301348+00:00,London,TRENDING,46.70,0.9058,0.001000,0.650000,0.6406,0.650000,0.3594,0.650000,0.000000,0.000000,0.0200,0.0000,0.670000,0.670000,0.150000,0.0100,False,0.5600,0.4400,False,BUY,BUY,EXECUTION_READY,VALID_SIGNAL,HIGH,False,
2026-05-18T00:16:12.314286+00:00,London,RANGING,15.00,0.0000,0.001000,0.650000,0.5500,0.650000,0.4500,0.650000,0.000000,0.000000,-0.0100,0.0000,0.625000,0.625000,0.150000,0.0100,False,0.5800,0.4200,False,BUY,BUY,EXECUTION_READY,VALID_SIGNAL,MEDIUM,False,
2026-05-18T00:16:12.317823+00:00,London,TRANSITIONING,26.67,0.3333,0.001000,0.650000,0.5833,0.650000,0.4167,0.650000,0.000000,0.000000,0.0100,0.0000,0.660000,0.660000,0.150000,0.0100,False,0.5700,0.4300,False,BUY,BUY,EXECUTION_READY,VALID_SIGNAL,HIGH,False,
2026-05-18T00:16:12.325813+00:00,London,RANGING,15.00,0.0000,0.001000,0.650000,0.5500,0.650000,0.4500,0.650000,0.000000,0.000000,-0.0100,0.0000,0.625000,0.625000,0.150000,0.0100,False,0.5800,0.4200,False,BUY,BUY,EXECUTION_READY,VALID_SIGNAL,MEDIUM,False,
2026-05-18T00:16:12.328761+00:00,London,RANGING,15.00,0.0000,0.001000,0.650000,0.5500,0.650000,0.4500,0.650000,0.000000,0.000000,-0.0100,0.0000,0.625000,0.625000,0.150000,0.0100,False,0.5800,0.4200,False,BUY,BUY,EXECUTION_READY,VALID_SIGNAL,MEDIUM,False,
2026-05-18T00:16:12.332879+00:00,London,TRENDING,50.00,1.0000,0.001000,0.650000,0.6500,0.650000,0.3500,0.650000,0.000000,0.000000,0.0200,0.0000,0.670000,0.670000,0.150000,0.0100,False,0.5600,0.4400,False,BUY,BUY,EXECUTION_READY,VALID_SIGNAL,HIGH,False,
2026-05-18T00:16:12.344756+00:00,London,TRENDING,41.64,0.7613,0.001000,0.650000,0.6261,0.650000,0.3739,0.650000,0.000000,0.000000,0.0200,0.0000,0.670000,0.670000,0.150000,0.0100,False,0.5600,0.4400,False,BUY,BUY,EXECUTION_READY,VALID_SIGNAL,HIGH,False,
2026-05-18T00:16:12.346785+00:00,London,RANGING,15.00,0.0000,0.001000,0.650000,0.5500,0.650000,0.4500,0.650000,0.000000,0.000000,-0.0100,0.0000,0.625000,0.625000,0.150000,0.0100,False,0.5800,0.4200,False,BUY,BUY,EXECUTION_READY,VALID_SIGNAL,MEDIUM,False,
2026-05-18T00:16:12.359040+00:00,London,RANGING,15.00,0.0000,0.001000,0.650000,0.5500,0.650000,0.4500,0.650000,0.000000,0.000000,-0.0100,0.0000,0.625000,0.625000,0.150000,0.0100,False,0.5800,0.4200,False,BUY,BUY,EXECUTION_READY,VALID_SIGNAL,MEDIUM,False,
2026-05-18T00:16:12.363322+00:00,London,TRANSITIONING,27.33,0.3522,0.001000,0.650000,0.5852,0.650000,0.4148,0.650000,0.000000,0.000000,0.0100,0.0000,0.660000,0.660000,0.150000,0.0100,False,0.5600,0.4400,False,BUY,BUY,EXECUTION_READY,VALID_SIGNAL,HIGH,False,
2026-05-18T00:16:12.369727+00:00,London,RANGING,15.00,0.0000,0.001000,0.650000,0.5500,0.650000,0.4500,0.650000,0.000000,0.000000,-0.0100,0.0000,0.625000,0.625000,0.150000,0.0100,False,0.5800,0.4200,False,BUY,BUY,EXECUTION_READY,VALID_SIGNAL,MEDIUM,False,
2026-05-18T00:16:12.379322+00:00,London,RANGING,15.00,0.0001,0.001000,0.650000,0.5500,0.650000,0.4500,0.650000,0.000000,0.000000,-0.0100,0.0000,0.625006,0.625006,0.150000,0.0100,False,0.5800,0.4200,False,BUY,BUY,EXECUTION_READY,VALID_SIGNAL,MEDIUM,False,
2026-05-18T00:16:12.381271+00:00,London,RANGING,15.00,0.0000,0.001000,0.650000,0.5500,0.650000,0.4500,0.650000,0.000000,0.000000,-0.0100,0.0000,0.625000,0.625000,0.150000,0.0100,False,0.5800,0.4200,False,BUY,BUY,EXECUTION_READY,VALID_SIGNAL,MEDIUM,False,
2026-05-18T00:16:12.391574+00:00,London,TRANSITIONING,22.81,0.2231,0.001000,0.650000,0.5723,0.650000,0.4277,0.650000,0.000000,0.000000,-0.0100,0.0000,0.640000,0.640000,0.150000,0.0100,False,0.5800,0.4200,False,BUY,BUY,EXECUTION_READY,VALID_SIGNAL,MEDIUM,False,
2026-05-18T00:16:12.395558+00:00,London,TRENDING,44.05,0.8300,0.001000,0.650000,0.6330,0.650000,0.3670,0.650000,0.000000,0.000000,0.0200,0.0000,0.670000,0.670000,0.150000,0.0100,False,0.5600,0.4400,False,BUY,BUY,EXECUTION_READY,VALID_SIGNAL,HIGH,False,
2026-05-18T00:16:12.400907+00:00,London,TRENDING,38.82,0.6806,0.001000,0.650000,0.6181,0.650000,0.3819,0.650000,0.000000,0.000000,0.0200,0.0000,0.670000,0.670000,0.150000,0.0100,False,0.5600,0.4400,False,BUY,BUY,EXECUTION_READY,VALID_SIGNAL,HIGH,False,
2026-05-18T00:16:12.411320+00:00,London,RANGING,15.00,0.0000,0.001000,0.650000,0.5500,0.650000,0.4500,0.650000,0.000000,0.000000,-0.0100,0.0000,0.625001,0.625001,0.150000,0.0100,False,0.5800,0.4200,False,BUY,BUY,EXECUTION_READY,VALID_SIGNAL,MEDIUM,False,
2026-05-18T00:16:12.413644+00:00,London,TRENDING,50.00,1.0000,0.001000,0.650000,0.6500,0.650000,0.3500,0.650000,0.000000,0.000000,0.0200,0.0000,0.670000,0.670000,0.150000,0.0100,False,0.5600,0.4400,False,BUY,BUY,EXECUTION_READY,VALID_SIGNAL,HIGH,False,
2026-05-18T00:16:12.422804+00:00,London,RANGING,15.00,0.0000,0.001000,0.650000,0.5500,0.650000,0.4500,0.650000,0.000000,0.000000,-0.0100,0.0000,0.625000,0.625000,0.150000,0.0100,False,0.5800,0.4200,False,BUY,BUY,EXECUTION_READY,VALID_SIGNAL,MEDIUM,False,
2026-05-18T00:16:12.430619+00:00,London,TRENDING,36.76,0.6218,0.001000,0.650000,0.6122,0.650000,0.3878,0.650000,0.000000,0.000000,0.0200,0.0000,0.670000,0.670000,0.150000,0.0100,False,0.5600,0.4400,False,BUY,BUY,EXECUTION_READY,VALID_SIGNAL,HIGH,False,
2026-05-18T00:16:12.432924+00:00,London,RANGING,15.00,0.0000,0.001000,0.650000,0.5500,0.650000,0.4500,0.650000,0.000000,0.000000,-0.0100,0.0000,0.625000,0.625000,0.150000,0.0100,False,0.5800,0.4200,False,BUY,BUY,EXECUTION_READY,VALID_SIGNAL,MEDIUM,False,
2026-05-18T00:16:12.442707+00:00,London,TRANSITIONING,32.50,0.5000,0.001000,0.650000,0.6000,0.650000,0.4000,0.650000,0.000000,0.000000,0.0200,0.0000,0.670000,0.670000,0.150000,0.0100,False,0.5600,0.4400,False,BUY,BUY,EXECUTION_READY,VALID_SIGNAL,HIGH,False,
2026-05-18T00:16:12.446597+00:00,London,RANGING,15.00,0.0000,0.001000,0.650000,0.5500,0.650000,0.4500,0.650000,0.000000,0.000000,-0.0100,0.0000,0.625000,0.625000,0.150000,0.0100,False,0.5800,0.4200,False,BUY,BUY,EXECUTION_READY,VALID_SIGNAL,MEDIUM,False,
2026-05-18T00:16:12.458524+00:00,London,RANGING,15.00,0.0000,0.001000,0.650000,0.5500,0.650000,0.4500,0.650000,0.000000,0.000000,-0.0100,0.0000,0.625000,0.625000,0.150000,0.0100,False,0.5800,0.4200,False,BUY,BUY,EXECUTION_READY,VALID_SIGNAL,MEDIUM,False,
2026-05-18T00:16:12.463487+00:00,London,RANGING,17.05,0.0587,0.001000,0.650000,0.5559,0.650000,0.4441,0.650000,0.000000,0.000000,-0.0100,0.0000,0.640000,0.640000,0.150000,0.0100,False,0.5800,0.4200,False,BUY,BUY,EXECUTION_READY,VALID_SIGNAL,MEDIUM,False,
2026-05-18T00:16:12.466341+00:00,London,TRENDING,50.00,1.0000,0.001000,0.650000,0.6500,0.650000,0.3500,0.650000,0.000000,0.000000,0.0200,0.0000,0.670000,0.670000,0.150000,0.0100,False,0.5600,0.4400,False,BUY,BUY,EXECUTION_READY,VALID_SIGNAL,HIGH,False,
2026-05-18T00:16:12.478832+00:00,London,TRENDING,42.40,0.7829,0.001000,0.650000,0.6283,0.650000,0.3717,0.650000,0.000000,0.000000,0.0200,0.0000,0.670000,0.670000,0.150000,0.0100,False,0.5600,0.4400,False,BUY,BUY,EXECUTION_READY,VALID_SIGNAL,HIGH,False,
2026-05-18T00:16:12.481401+00:00,London,TRANSITIONING,24.90,0.2827,0.001000,0.650000,0.5783,0.650000,0.4217,0.650000,0.000000,0.000000,-0.0100,0.0000,0.640000,0.640000,0.150000,0.0100,False,0.5700,0.4300,False,BUY,BUY,EXECUTION_READY,VALID_SIGNAL,MEDIUM,False,
2026-05-18T00:16:12.491553+00:00,London,RANGING,15.00,0.0000,0.001000,0.650000,0.5500,0.650000,0.4500,0.650000,0.000000,0.000000,-0.0100,0.0000,0.625000,0.625000,0.150000,0.0100,False,0.5800,0.4200,False,BUY,BUY,EXECUTION_READY,VALID_SIGNAL,MEDIUM,False,
2026-05-18T00:16:12.497825+00:00,London,RANGING,16.20,0.0344,0.001000,0.650000,0.5534,0.650000,0.4466,0.650000,0.000000,0.000000,-0.0100,0.0000,0.640000,0.640000,0.150000,0.0100,False,0.5800,0.4200,False,BUY,BUY,EXECUTION_READY,VALID_SIGNAL,MEDIUM,False,
2026-05-18T00:16:12.499226+00:00,London,RANGING,15.00,0.0000,0.001000,0.650000,0.5500,0.650000,0.4500,0.650000,0.000000,0.000000,-0.0100,0.0000,0.625000,0.625000,0.150000,0.0100,False,0.5800,0.4200,False,BUY,BUY,EXECUTION_READY,VALID_SIGNAL,MEDIUM,False,
2026-05-18T00:16:12.512728+00:00,London,RANGING,15.00,0.0000,0.001000,0.650000,0.5500,0.650000,0.4500,0.650000,0.000000,0.000000,-0.0100,0.0000,0.625000,0.625000,0.150000,0.0100,False,0.5800,0.4200,False,BUY,BUY,EXECUTION_READY,VALID_SIGNAL,MEDIUM,False,
2026-05-18T00:16:12.514488+00:00,London,RANGING,15.00,0.0000,0.001000,0.650000,0.5500,0.650000,0.4500,0.650000,0.000000,0.000000,-0.0100,0.0000,0.625000,0.625000,0.150000,0.0100,False,0.5800,0.4200,False,BUY,BUY,EXECUTION_READY,VALID_SIGNAL,MEDIUM,False,
2026-05-18T00:16:12.529257+00:00,London,TRANSITIONING,34.75,0.5644,0.001000,0.650000,0.6064,0.650000,0.3936,0.650000,0.000000,0.000000,0.0200,0.0000,0.670000,0.670000,0.150000,0.0100,False,0.5600,0.4400,False,BUY,BUY,EXECUTION_READY,VALID_SIGNAL,HIGH,False,
2026-05-18T00:16:12.534019+00:00,London,TRANSITIONING,32.58,0.5023,0.001000,0.650000,0.6002,0.650000,0.3998,0.650000,0.000000,0.000000,0.0200,0.0000,0.670000,0.670000,0.150000,0.0100,False,0.5600,0.4400,False,BUY,BUY,EXECUTION_READY,VALID_SIGNAL,HIGH,False,
2026-05-18T00:16:12.545153+00:00,London,TRANSITIONING,25.78,0.3081,0.001000,0.650000,0.5808,0.650000,0.4192,0.650000,0.000000,0.000000,0.0100,0.0000,0.660000,0.660000,0.150000,0.0100,False,0.5700,0.4300,False,BUY,BUY,EXECUTION_READY,VALID_SIGNAL,HIGH,False,
2026-05-18T00:16:12.547377+00:00,London,RANGING,15.22,0.0063,0.001000,0.650000,0.5506,0.650000,0.4494,0.650000,0.000000,0.000000,-0.0100,0.0000,0.625626,0.625626,0.150000,0.0100,False,0.5800,0.4200,False,BUY,BUY,EXECUTION_READY,VALID_SIGNAL,MEDIUM,False,
2026-05-18T00:16:12.559136+00:00,London,RANGING,15.00,0.0000,0.001000,0.650000,0.5500,0.650000,0.4500,0.650000,0.000000,0.000000,-0.0100,0.0000,0.625000,0.625000,0.150000,0.0100,False,0.5800,0.4200,False,BUY,BUY,EXECUTION_READY,VALID_SIGNAL,MEDIUM,False,
2026-05-18T00:16:12.568002+00:00,London,RANGING,15.00,0.0000,0.001000,0.650000,0.5500,0.650000,0.4500,0.650000,0.000000,0.000000,-0.0100,0.0000,0.625000,0.625000,0.150000,0.0100,False,0.5800,0.4200,False,BUY,BUY,EXECUTION_READY,VALID_SIGNAL,MEDIUM,False,
2026-05-18T00:16:12.577400+00:00,London,TRENDING,40.31,0.7230,0.001000,0.650000,0.6223,0.650000,0.3777,0.650000,0.000000,0.000000,0.0200,0.0000,0.670000,0.670000,0.150000,0.0100,False,0.5600,0.4400,False,BUY,BUY,EXECUTION_READY,VALID_SIGNAL,HIGH,False,
2026-05-18T00:16:12.580417+00:00,London,RANGING,19.08,0.1165,0.001000,0.650000,0.5617,0.650000,0.4383,0.650000,0.000000,0.000000,-0.0100,0.0000,0.640000,0.640000,0.150000,0.0100,False,0.5800,0.4200,False,BUY,BUY,EXECUTION_READY,VALID_SIGNAL,MEDIUM,False,
2026-05-18T00:16:12.594027+00:00,London,RANGING,15.00,0.0000,0.001000,0.650000,0.5500,0.650000,0.4500,0.650000,0.000000,0.000000,-0.0100,0.0000,0.625000,0.625000,0.150000,0.0100,False,0.5800,0.4200,False,BUY,BUY,EXECUTION_READY,VALID_SIGNAL,MEDIUM,False,
2026-05-18T00:16:12.596292+00:00,London,TRANSITIONING,27.06,0.3445,0.001000,0.650000,0.5845,0.650000,0.4155,0.650000,0.000000,0.000000,0.0100,0.0000,0.660000,0.660000,0.150000,0.0100,False,0.5700,0.4300,False,BUY,BUY,EXECUTION_READY,VALID_SIGNAL,HIGH,False,
2026-05-18T00:16:12.601384+00:00,London,RANGING,15.00,0.0000,0.001000,0.650000,0.5500,0.650000,0.4500,0.650000,0.000000,0.000000,-0.0100,0.0000,0.625000,0.625000,0.150000,0.0100,False,0.5800,0.4200,False,BUY,BUY,EXECUTION_READY,VALID_SIGNAL,MEDIUM,False,
2026-05-18T00:16:12.613288+00:00,London,TRANSITIONING,32.60,0.5029,0.001000,0.650000,0.6003,0.650000,0.3997,0.650000,0.000000,0.000000,0.0200,0.0000,0.670000,0.670000,0.150000,0.0100,False,0.5600,0.4400,False,BUY,BUY,EXECUTION_READY,VALID_SIGNAL,HIGH,False,
2026-05-18T00:16:12.615138+00:00,London,TRENDING,46.79,0.9083,0.001000,0.650000,0.6408,0.650000,0.3592,0.650000,0.000000,0.000000,0.0200,0.0000,0.670000,0.670000,0.150000,0.0100,False,0.5600,0.4400,False,BUY,BUY,EXECUTION_READY,VALID_SIGNAL,HIGH,False,
2026-05-18T00:16:12.624746+00:00,London,RANGING,16.55,0.0441,0.001000,0.650000,0.5544,0.650000,0.4456,0.650000,0.000000,0.000000,-0.0100,0.0000,0.640000,0.640000,0.150000,0.0100,False,0.5800,0.4200,False,BUY,BUY,EXECUTION_READY,VALID_SIGNAL,MEDIUM,False,
2026-05-18T00:16:12.630401+00:00,London,RANGING,17.74,0.0782,0.001000,0.650000,0.5578,0.650000,0.4422,0.650000,0.000000,0.000000,-0.0100,0.0000,0.640000,0.640000,0.150000,0.0100,False,0.5800,0.4200,False,BUY,BUY,EXECUTION_READY,VALID_SIGNAL,MEDIUM,False,
2026-05-18T00:16:12.640363+00:00,London,RANGING,15.00,0.0000,0.001000,0.650000,0.5500,0.650000,0.4500,0.650000,0.000000,0.000000,-0.0100,0.0000,0.625000,0.625000,0.150000,0.0100,False,0.5800,0.4200,False,BUY,BUY,EXECUTION_READY,VALID_SIGNAL,MEDIUM,False,
2026-05-18T00:16:12.646487+00:00,London,TRENDING,46.48,0.8995,0.001000,0.650000,0.6399,0.650000,0.3601,0.650000,0.000000,0.000000,0.0200,0.0000,0.670000,0.670000,0.150000,0.0100,False,0.5600,0.4400,False,BUY,BUY,EXECUTION_READY,VALID_SIGNAL,HIGH,False,
2026-05-18T00:16:12.648958+00:00,London,RANGING,15.00,0.0000,0.001000,0.650000,0.5500,0.650000,0.4500,0.650000,0.000000,0.000000,-0.0100,0.0000,0.625000,0.625000,0.150000,0.0100,False,0.5800,0.4200,False,BUY,BUY,EXECUTION_READY,VALID_SIGNAL,MEDIUM,False,
2026-05-18T00:16:14.363248+00:00,Pacific,RANGING,18.50,0.1000,0.001000,0.800000,0.5600,0.700000,0.4400,0.756000,0.100000,0.030000,0.0000,0.0000,0.726000,0.726000,0.226000,0.0100,False,0.5800,0.4200,False,BUY,BUY,EXECUTION_READY,VALID_SIGNAL,HIGH,False,
2026-05-18T00:16:14.386694+00:00,London,RANGING,18.50,0.1000,0.001000,0.650000,0.5600,0.650000,0.4400,0.650000,0.000000,0.000000,-0.0100,0.0000,0.640000,0.640000,0.150000,0.0100,False,0.6200,0.3800,False,BUY,BUY,EXECUTION_READY,VALID_SIGNAL,MEDIUM,False,
2026-05-18T00:16:14.393856+00:00,London,TRANSITIONING,25.50,0.3000,0.001000,0.650000,0.5800,0.650000,0.4200,0.650000,0.000000,0.000000,0.0100,0.0000,0.660000,0.660000,0.150000,0.0100,False,0.6200,0.3800,False,BUY,BUY,EXECUTION_READY,VALID_SIGNAL,HIGH,False,
2026-05-18T00:16:14.399351+00:00,London,TRANSITIONING,32.50,0.5000,0.001000,0.650000,0.6000,0.650000,0.4000,0.650000,0.000000,0.000000,0.0200,0.0000,0.670000,0.670000,0.150000,0.0100,False,0.6200,0.3800,False,BUY,BUY,EXECUTION_READY,VALID_SIGNAL,HIGH,False,
2026-05-18T00:16:14.402384+00:00,London,TRENDING,43.00,0.8000,0.001000,0.650000,0.6300,0.650000,0.3700,0.650000,0.000000,0.000000,0.0200,0.0000,0.670000,0.670000,0.150000,0.0100,False,0.6200,0.3800,False,BUY,BUY,EXECUTION_READY,VALID_SIGNAL,HIGH,False,
2026-05-18T00:16:23.412146+00:00,London,TRANSITIONING,25.00,0.2857,0.001000,0.700000,0.5786,0.500000,0.4214,0.615714,0.200000,0.060000,-0.0100,-0.0098,0.535882,0.535882,0.055714,0.0100,False,0.5700,0.4300,False,HOLD,BUY,THRESHOLD_CHECK,BELOW_THRESHOLD,LOW,False,HOLD: Final 0.5359 between BUY>0.5700 and SELL<0.4300
2026-05-18T00:16:23.412146+00:00,London,TRANSITIONING,25.00,0.2857,0.001000,0.285714,0.5786,0.500000,0.4214,0.376020,0.214286,0.064286,-0.0100,-0.0098,0.420474,0.420474,0.059694,0.0100,False,0.5700,0.4300,False,SELL,SELL,EXECUTION_READY,VALID_SIGNAL,LOW,False,
2026-05-18T00:16:23.412146+00:00,London,RF_NOISE,25.00,0.2857,0.001000,0.439716,0.5500,0.500000,0.4500,0.500000,0.060284,0.000000,0.0000,0.0000,0.500000,0.500000,0.000000,0.0000,False,0.6000,0.4000,False,HOLD,NONE,SCORE_FLOOR,RF_NOISE_ZONE,LOW,False,"RF_NOISE_GATE: rf_prob=0.5000 in [0.4, 0.6]"
2026-05-18T00:16:23.422320+00:00,London,RF_NOISE,25.00,0.2857,0.001000,0.473684,0.5500,0.500000,0.4500,0.500000,0.026316,0.000000,0.0000,0.0000,0.500000,0.500000,0.000000,0.0000,False,0.6000,0.4000,False,HOLD,NONE,SCORE_FLOOR,RF_NOISE_ZONE,LOW,False,"RF_NOISE_GATE: rf_prob=0.5000 in [0.4, 0.6]"
2026-05-18T00:16:23.430365+00:00,London,RF_NOISE,25.00,0.2857,0.001000,0.439716,0.5500,0.500000,0.4500,0.500000,0.060284,0.000000,0.0000,0.0000,0.500000,0.500000,0.000000,0.0000,False,0.6000,0.4000,False,HOLD,NONE,SCORE_FLOOR,RF_NOISE_ZONE,LOW,False,"RF_NOISE_GATE: rf_prob=0.5000 in [0.4, 0.6]"
2026-05-18T00:16:23.431222+00:00,London,RF_NOISE,25.00,0.2857,0.001000,0.435294,0.5500,0.500000,0.4500,0.500000,0.064706,0.000000,0.0000,0.0000,0.500000,0.500000,0.000000,0.0000,False,0.6000,0.4000,False,HOLD,NONE,SCORE_FLOOR,RF_NOISE_ZONE,LOW,False,"RF_NOISE_GATE: rf_prob=0.5000 in [0.4, 0.6]"
2026-05-18T00:16:23.431222+00:00,London,RF_NOISE,25.00,0.2857,0.001000,0.435294,0.5500,0.500000,0.4500,0.500000,0.064706,0.000000,0.0000,0.0000,0.500000,0.500000,0.000000,0.0000,False,0.6000,0.4000,False,HOLD,NONE,SCORE_FLOOR,RF_NOISE_ZONE,LOW,False,"RF_NOISE_GATE: rf_prob=0.5000 in [0.4, 0.6]"
2026-05-18T00:16:23.431222+00:00,London,RF_NOISE,25.00,0.2857,0.001000,0.439716,0.5500,0.500000,0.4500,0.500000,0.060284,0.000000,0.0000,0.0000,0.500000,0.500000,0.000000,0.0000,False,0.6000,0.4000,False,HOLD,NONE,SCORE_FLOOR,RF_NOISE_ZONE,LOW,False,"RF_NOISE_GATE: rf_prob=0.5000 in [0.4, 0.6]"
2026-05-18T00:16:23.431222+00:00,London,RF_NOISE,25.00,0.2857,0.001000,0.439716,0.5500,0.500000,0.4500,0.500000,0.060284,0.000000,0.0000,0.0000,0.500000,0.500000,0.000000,0.0000,False,0.6000,0.4000,False,HOLD,NONE,SCORE_FLOOR,RF_NOISE_ZONE,LOW,False,"RF_NOISE_GATE: rf_prob=0.5000 in [0.4, 0.6]"
2026-05-18T00:16:23.431222+00:00,London,RF_NOISE,25.00,0.2857,0.001000,0.439716,0.5500,0.500000,0.4500,0.500000,0.060284,0.000000,0.0000,0.0000,0.500000,0.500000,0.000000,0.0000,False,0.6000,0.4000,False,HOLD,NONE,SCORE_FLOOR,RF_NOISE_ZONE,LOW,False,"RF_NOISE_GATE: rf_prob=0.5000 in [0.4, 0.6]"
2026-05-18T00:16:23.431222+00:00,London,RF_NOISE,25.00,0.2857,0.001000,0.473684,0.5500,0.500000,0.4500,0.500000,0.026316,0.000000,0.0000,0.0000,0.500000,0.500000,0.000000,0.0000,False,0.6000,0.4000,False,HOLD,NONE,SCORE_FLOOR,RF_NOISE_ZONE,LOW,False,"RF_NOISE_GATE: rf_prob=0.5000 in [0.4, 0.6]"
2026-05-18T00:16:23.438770+00:00,London,RF_NOISE,25.00,0.2857,0.001000,0.439716,0.5500,0.500000,0.4500,0.500000,0.060284,0.000000,0.0000,0.0000,0.500000,0.500000,0.000000,0.0000,False,0.6000,0.4000,False,HOLD,NONE,SCORE_FLOOR,RF_NOISE_ZONE,LOW,False,"RF_NOISE_GATE: rf_prob=0.5000 in [0.4, 0.6]"
2026-05-18T00:16:23.440271+00:00,London,RF_NOISE,25.00,0.2857,0.001000,0.439716,0.5500,0.500000,0.4500,0.500000,0.060284,0.000000,0.0000,0.0000,0.500000,0.500000,0.000000,0.0000,False,0.6000,0.4000,False,HOLD,NONE,SCORE_FLOOR,RF_NOISE_ZONE,LOW,False,"RF_NOISE_GATE: rf_prob=0.5000 in [0.4, 0.6]"
2026-05-18T00:16:23.440933+00:00,London,RF_NOISE,25.00,0.2857,0.001000,0.439716,0.5500,0.500000,0.4500,0.500000,0.060284,0.000000,0.0000,0.0000,0.500000,0.500000,0.000000,0.0000,False,0.6000,0.4000,False,HOLD,NONE,SCORE_FLOOR,RF_NOISE_ZONE,LOW,False,"RF_NOISE_GATE: rf_prob=0.5000 in [0.4, 0.6]"
2026-05-18T00:16:23.440933+00:00,London,RF_NOISE,25.00,0.2857,0.001000,0.439716,0.5500,0.500000,0.4500,0.500000,0.060284,0.000000,0.0000,0.0000,0.500000,0.500000,0.000000,0.0000,False,0.6000,0.4000,False,HOLD,NONE,SCORE_FLOOR,RF_NOISE_ZONE,LOW,False,"RF_NOISE_GATE: rf_prob=0.5000 in [0.4, 0.6]"
2026-05-18T00:16:23.440933+00:00,London,RF_NOISE,25.00,0.2857,0.001000,0.435294,0.5500,0.500000,0.4500,0.500000,0.064706,0.000000,0.0000,0.0000,0.500000,0.500000,0.000000,0.0000,False,0.6000,0.4000,False,HOLD,NONE,SCORE_FLOOR,RF_NOISE_ZONE,LOW,False,"RF_NOISE_GATE: rf_prob=0.5000 in [0.4, 0.6]"
2026-05-18T00:16:23.440933+00:00,London,RF_NOISE,25.00,0.2857,0.001000,0.473684,0.5500,0.500000,0.4500,0.500000,0.026316,0.000000,0.0000,0.0000,0.500000,0.500000,0.000000,0.0000,False,0.6000,0.4000,False,HOLD,NONE,SCORE_FLOOR,RF_NOISE_ZONE,LOW,False,"RF_NOISE_GATE: rf_prob=0.5000 in [0.4, 0.6]"
2026-05-18T00:16:23.440933+00:00,London,RF_NOISE,25.00,0.2857,0.001000,0.439716,0.5500,0.500000,0.4500,0.500000,0.060284,0.000000,0.0000,0.0000,0.500000,0.500000,0.000000,0.0000,False,0.6000,0.4000,False,HOLD,NONE,SCORE_FLOOR,RF_NOISE_ZONE,LOW,False,"RF_NOISE_GATE: rf_prob=0.5000 in [0.4, 0.6]"
2026-05-18T00:16:23.440933+00:00,London,TRANSITIONING,25.00,0.2857,0.001000,0.285714,0.5786,0.500000,0.4214,0.376020,0.214286,0.064286,-0.0100,-0.0098,0.420474,0.420474,0.059694,0.0100,False,0.5700,0.4300,False,SELL,SELL,EXECUTION_READY,VALID_SIGNAL,LOW,False,
2026-05-18T00:16:23.440933+00:00,London,RF_NOISE,25.00,0.2857,0.001000,0.439716,0.5500,0.500000,0.4500,0.500000,0.060284,0.000000,0.0000,0.0000,0.500000,0.500000,0.000000,0.0000,False,0.6000,0.4000,False,HOLD,NONE,SCORE_FLOOR,RF_NOISE_ZONE,LOW,False,"RF_NOISE_GATE: rf_prob=0.5000 in [0.4, 0.6]"
2026-05-18T00:16:23.440933+00:00,London,RF_NOISE,25.00,0.2857,0.001000,0.439716,0.5500,0.500000,0.4500,0.500000,0.060284,0.000000,0.0000,0.0000,0.500000,0.500000,0.000000,0.0000,False,0.6000,0.4000,False,HOLD,NONE,SCORE_FLOOR,RF_NOISE_ZONE,LOW,False,"RF_NOISE_GATE: rf_prob=0.5000 in [0.4, 0.6]"
2026-05-18T00:16:23.440933+00:00,London,RF_NOISE,25.00,0.2857,0.001000,0.439716,0.5500,0.500000,0.4500,0.500000,0.060284,0.000000,0.0000,0.0000,0.500000,0.500000,0.000000,0.0000,False,0.6000,0.4000,False,HOLD,NONE,SCORE_FLOOR,RF_NOISE_ZONE,LOW,False,"RF_NOISE_GATE: rf_prob=0.5000 in [0.4, 0.6]"
2026-05-18T00:16:23.454057+00:00,London,RF_NOISE,25.00,0.2857,0.001000,0.473684,0.5500,0.500000,0.4500,0.500000,0.026316,0.000000,0.0000,0.0000,0.500000,0.500000,0.000000,0.0000,False,0.6000,0.4000,False,HOLD,NONE,SCORE_FLOOR,RF_NOISE_ZONE,LOW,False,"RF_NOISE_GATE: rf_prob=0.5000 in [0.4, 0.6]"
2026-05-18T00:16:23.458974+00:00,London,TRANSITIONING,25.00,0.2857,0.001000,0.285714,0.5786,0.500000,0.4214,0.376020,0.214286,0.064286,-0.0100,-0.0098,0.420474,0.420474,0.059694,0.0100,False,0.5700,0.4300,False,SELL,SELL,EXECUTION_READY,VALID_SIGNAL,LOW,False,
2026-05-18T00:16:23.458974+00:00,London,RF_NOISE,25.00,0.2857,0.001000,0.439716,0.5500,0.500000,0.4500,0.500000,0.060284,0.000000,0.0000,0.0000,0.500000,0.500000,0.000000,0.0000,False,0.6000,0.4000,False,HOLD,NONE,SCORE_FLOOR,RF_NOISE_ZONE,LOW,False,"RF_NOISE_GATE: rf_prob=0.5000 in [0.4, 0.6]"
2026-05-18T00:16:23.458974+00:00,London,RF_NOISE,25.00,0.2857,0.001000,0.473684,0.5500,0.500000,0.4500,0.500000,0.026316,0.000000,0.0000,0.0000,0.500000,0.500000,0.000000,0.0000,False,0.6000,0.4000,False,HOLD,NONE,SCORE_FLOOR,RF_NOISE_ZONE,LOW,False,"RF_NOISE_GATE: rf_prob=0.5000 in [0.4, 0.6]"
2026-05-18T00:16:23.470751+00:00,London,RF_NOISE,25.00,0.2857,0.001000,0.439716,0.5500,0.500000,0.4500,0.500000,0.060284,0.000000,0.0000,0.0000,0.500000,0.500000,0.000000,0.0000,False,0.6000,0.4000,False,HOLD,NONE,SCORE_FLOOR,RF_NOISE_ZONE,LOW,False,"RF_NOISE_GATE: rf_prob=0.5000 in [0.4, 0.6]"
2026-05-18T00:16:23.471749+00:00,London,RF_NOISE,25.00,0.2857,0.001000,0.439716,0.5500,0.500000,0.4500,0.500000,0.060284,0.000000,0.0000,0.0000,0.500000,0.500000,0.000000,0.0000,False,0.6000,0.4000,False,HOLD,NONE,SCORE_FLOOR,RF_NOISE_ZONE,LOW,False,"RF_NOISE_GATE: rf_prob=0.5000 in [0.4, 0.6]"
2026-05-18T00:19:10.966597+00:00,London,RANGING,20.00,0.1429,0.001263,0.750000,0.5643,0.650000,0.4357,0.706429,0.100000,0.030000,-0.0100,0.0000,0.666429,0.666429,0.176429,0.0100,False,0.5800,0.4200,False,BUY,BUY,EXECUTION_READY,VALID_SIGNAL,HIGH,False,
2026-05-18T00:19:10.970466+00:00,London,RANGING,20.00,0.1429,0.001263,0.839595,0.5643,0.650000,0.4357,0.756986,0.189595,0.056879,-0.0100,0.0000,0.690107,0.690107,0.200107,0.0100,False,0.5800,0.4200,False,BUY,BUY,EXECUTION_READY,VALID_SIGNAL,HIGH,False,
2026-05-18T00:19:10.978683+00:00,London,RANGING,20.00,0.1429,0.001263,0.250000,0.5643,0.350000,0.4357,0.293571,0.100000,0.030000,-0.0100,0.0000,0.297686,0.297686,0.176429,0.0100,False,0.5800,0.4200,False,SELL,SELL,EXECUTION_READY,VALID_SIGNAL,HIGH,False,
2026-05-18T00:19:10.985718+00:00,London,RANGING,20.00,0.1429,0.001263,0.990000,0.5643,0.650000,0.4357,0.841857,0.340000,0.102000,-0.0100,0.0000,0.729857,0.729857,0.239857,0.0100,False,0.5800,0.4200,False,BUY,BUY,EXECUTION_READY,VALID_SIGNAL,HIGH,False,
2026-05-18T00:19:10.987942+00:00,London,RANGING,20.00,0.1429,0.001263,0.990000,0.5643,0.650000,0.4357,0.841857,0.340000,0.102000,-0.0100,0.0000,0.729857,0.729857,0.239857,0.0100,False,0.5800,0.4200,False,BUY,BUY,EXECUTION_READY,VALID_SIGNAL,HIGH,False,
2026-05-18T00:19:10.998490+00:00,London,RANGING,20.00,0.1429,0.001263,0.010000,0.5643,0.350000,0.4357,0.158143,0.340000,0.102000,-0.0100,0.0000,0.239331,0.239331,0.239857,0.0100,False,0.5800,0.4200,False,SELL,SELL,EXECUTION_READY,VALID_SIGNAL,HIGH,False,
2026-05-18T00:19:11.004015+00:00,London,RANGING,20.00,0.1429,0.001263,0.750000,0.5643,0.650000,0.4357,0.706429,0.100000,0.030000,-0.0100,0.0000,0.666429,0.666429,0.176429,0.0100,False,0.5800,0.4200,False,BUY,BUY,EXECUTION_READY,VALID_SIGNAL,HIGH,False,
2026-05-18T00:19:11.006548+00:00,London,RANGING,20.00,0.1429,0.001263,0.250000,0.5643,0.350000,0.4357,0.293571,0.100000,0.030000,-0.0100,0.0000,0.297686,0.297686,0.176429,0.0100,False,0.5800,0.4200,False,SELL,SELL,EXECUTION_READY,VALID_SIGNAL,HIGH,False,
2026-05-18T00:19:11.016900+00:00,London,RANGING,20.00,0.1429,0.001263,0.924588,0.5643,0.650000,0.4357,0.804946,0.274588,0.082376,-0.0100,0.0000,0.712570,0.712570,0.222570,0.0100,False,0.5800,0.4200,False,BUY,BUY,EXECUTION_READY,VALID_SIGNAL,HIGH,False,
2026-05-18T00:19:11.017900+00:00,London,RANGING,20.00,0.1429,0.001263,0.075412,0.5643,0.350000,0.4357,0.195054,0.274588,0.082376,-0.0100,0.0000,0.255236,0.255236,0.222570,0.0100,False,0.5800,0.4200,False,SELL,SELL,EXECUTION_READY,VALID_SIGNAL,HIGH,False,
2026-05-18T00:19:11.024129+00:00,London,RANGING,20.00,0.1429,0.001263,0.874364,0.5643,0.650000,0.4357,0.776605,0.224364,0.067309,-0.0100,0.0000,0.699296,0.699296,0.209296,0.0100,False,0.5800,0.4200,False,BUY,BUY,EXECUTION_READY,VALID_SIGNAL,HIGH,False,
2026-05-18T00:19:11.034644+00:00,London,RANGING,20.00,0.1429,0.001263,0.010000,0.5643,0.350000,0.4357,0.158143,0.340000,0.102000,-0.0100,0.0000,0.239331,0.239331,0.239857,0.0100,False,0.5800,0.4200,False,SELL,SELL,EXECUTION_READY,VALID_SIGNAL,HIGH,False,
2026-05-18T00:19:11.037345+00:00,London,RANGING,20.00,0.1429,0.001263,0.171798,0.5643,0.350000,0.4357,0.249443,0.178202,0.053461,-0.0100,0.0000,0.278671,0.278671,0.197096,0.0100,False,0.5800,0.4200,False,SELL,SELL,EXECUTION_READY,VALID_SIGNAL,HIGH,False,
2026-05-18T00:19:11.051019+00:00,London,RANGING,20.00,0.1429,0.001263,0.862120,0.5643,0.650000,0.4357,0.769696,0.212120,0.063636,-0.0100,0.0000,0.696060,0.696060,0.206060,0.0100,False,0.5800,0.4200,False,BUY,BUY,EXECUTION_READY,VALID_SIGNAL,HIGH,False,
2026-05-18T00:19:11.053045+00:00,London,RANGING,20.00,0.1429,0.001263,0.231018,0.5643,0.350000,0.4357,0.282860,0.118982,0.035694,-0.0100,0.0000,0.293070,0.293070,0.181445,0.0100,False,0.5800,0.4200,False,SELL,SELL,EXECUTION_READY,VALID_SIGNAL,HIGH,False,
2026-05-18T00:19:11.068683+00:00,London,RANGING,20.00,0.1429,0.001263,0.750000,0.5643,0.650000,0.4357,0.706429,0.100000,0.030000,-0.0100,0.0000,0.666429,0.666429,0.176429,0.0100,False,0.5800,0.4200,False,BUY,BUY,EXECUTION_READY,VALID_SIGNAL,HIGH,False,
2026-05-18T00:19:11.076458+00:00,London,RANGING,20.00,0.1429,0.001263,0.095074,0.5643,0.350000,0.4357,0.206149,0.254926,0.076478,-0.0100,0.0000,0.260017,0.260017,0.217373,0.0100,False,0.5800,0.4200,False,SELL,SELL,EXECUTION_READY,VALID_SIGNAL,HIGH,False,
2026-05-18T00:19:11.084711+00:00,London,RANGING,20.00,0.1429,0.001263,0.046776,0.5643,0.350000,0.4357,0.178895,0.303224,0.090967,-0.0100,0.0000,0.248273,0.248273,0.230138,0.0100,False,0.5800,0.4200,False,SELL,SELL,EXECUTION_READY,VALID_SIGNAL,HIGH,False,
2026-05-18T00:19:11.088707+00:00,London,RANGING,20.00,0.1429,0.001263,0.165869,0.5643,0.350000,0.4357,0.246098,0.184131,0.055239,-0.0100,0.0000,0.277230,0.277230,0.198663,0.0100,False,0.5800,0.4200,False,SELL,SELL,EXECUTION_READY,VALID_SIGNAL,HIGH,False,
2026-05-18T00:19:11.103507+00:00,London,RANGING,20.00,0.1429,0.001263,0.250000,0.5643,0.350000,0.4357,0.293571,0.100000,0.030000,-0.0100,0.0000,0.297686,0.297686,0.176429,0.0100,False,0.5800,0.4200,False,SELL,SELL,EXECUTION_READY,VALID_SIGNAL,HIGH,False,
2026-05-18T00:19:11.116733+00:00,London,RANGING,20.00,0.1429,0.001263,0.197977,0.5643,0.350000,0.4357,0.264216,0.152023,0.045607,-0.0100,0.0000,0.285037,0.285037,0.190177,0.0100,False,0.5800,0.4200,False,SELL,SELL,EXECUTION_READY,VALID_SIGNAL,HIGH,False,
2026-05-18T00:19:11.123773+00:00,London,RANGING,20.00,0.1429,0.001263,0.069701,0.5643,0.350000,0.4357,0.191831,0.280299,0.084090,-0.0100,0.0000,0.253847,0.253847,0.224079,0.0100,False,0.5800,0.4200,False,SELL,SELL,EXECUTION_READY,VALID_SIGNAL,HIGH,False,
2026-05-18T00:19:11.133174+00:00,London,RANGING,20.00,0.1429,0.001263,0.810886,0.5643,0.650000,0.4357,0.740785,0.160886,0.048266,-0.0100,0.0000,0.682520,0.682520,0.192520,0.0100,False,0.5800,0.4200,False,BUY,BUY,EXECUTION_READY,VALID_SIGNAL,HIGH,False,
2026-05-18T00:19:11.134869+00:00,London,RANGING,20.00,0.1429,0.001263,0.117483,0.5643,0.350000,0.4357,0.218794,0.232517,0.069755,-0.0100,0.0000,0.265465,0.265465,0.211451,0.0100,False,0.5800,0.4200,False,SELL,SELL,EXECUTION_READY,VALID_SIGNAL,HIGH,False,
2026-05-18T00:19:11.201990+00:00,London,RANGING,20.00,0.1429,0.001263,0.139959,0.5643,0.350000,0.4357,0.231477,0.210041,0.063012,-0.0100,0.0000,0.270930,0.270930,0.205511,0.0100,False,0.5800,0.4200,False,SELL,SELL,EXECUTION_READY,VALID_SIGNAL,HIGH,False,
2026-05-18T00:19:11.218426+00:00,London,RANGING,20.00,0.1429,0.001263,0.840566,0.5643,0.650000,0.4357,0.757533,0.190566,0.057170,-0.0100,0.0000,0.690364,0.690364,0.200364,0.0100,False,0.5800,0.4200,False,BUY,BUY,EXECUTION_READY,VALID_SIGNAL,HIGH,False,
2026-05-18T00:19:11.221021+00:00,London,RANGING,20.00,0.1429,0.001263,0.816606,0.5643,0.650000,0.4357,0.744014,0.166606,0.049982,-0.0100,0.0000,0.684032,0.684032,0.194032,0.0100,False,0.5800,0.4200,False,BUY,BUY,EXECUTION_READY,VALID_SIGNAL,HIGH,False,
2026-05-18T00:19:11.234596+00:00,London,RANGING,20.00,0.1429,0.001263,0.750000,0.5643,0.650000,0.4357,0.706429,0.100000,0.030000,-0.0100,0.0000,0.666429,0.666429,0.176429,0.0100,False,0.5800,0.4200,False,BUY,BUY,EXECUTION_READY,VALID_SIGNAL,HIGH,False,
2026-05-18T00:19:11.236624+00:00,London,RANGING,20.00,0.1429,0.001263,0.784741,0.5643,0.650000,0.4357,0.726033,0.134741,0.040422,-0.0100,0.0000,0.675610,0.675610,0.185610,0.0100,False,0.5800,0.4200,False,BUY,BUY,EXECUTION_READY,VALID_SIGNAL,HIGH,False,
2026-05-18T00:19:11.249973+00:00,London,RANGING,20.00,0.1429,0.001263,0.768990,0.5643,0.650000,0.4357,0.717145,0.118990,0.035697,-0.0100,0.0000,0.671447,0.671447,0.181447,0.0100,False,0.5800,0.4200,False,BUY,BUY,EXECUTION_READY,VALID_SIGNAL,HIGH,False,
2026-05-18T00:19:11.252574+00:00,London,RANGING,20.00,0.1429,0.001263,0.027905,0.5643,0.350000,0.4357,0.168247,0.322095,0.096628,-0.0100,0.0000,0.243685,0.243685,0.235125,0.0100,False,0.5800,0.4200,False,SELL,SELL,EXECUTION_READY,VALID_SIGNAL,HIGH,False,
2026-05-18T00:19:11.268731+00:00,London,RANGING,20.00,0.1429,0.001263,0.750000,0.5643,0.650000,0.4357,0.706429,0.100000,0.030000,-0.0100,0.0000,0.666429,0.666429,0.176429,0.0100,False,0.5800,0.4200,False,BUY,BUY,EXECUTION_READY,VALID_SIGNAL,HIGH,False,
2026-05-18T00:19:11.270220+00:00,London,RANGING,20.00,0.1429,0.001263,0.910000,0.5643,0.650000,0.4357,0.796715,0.260000,0.078000,-0.0100,0.0000,0.708714,0.708714,0.218714,0.0100,False,0.5800,0.4200,False,BUY,BUY,EXECUTION_READY,VALID_SIGNAL,HIGH,False,
2026-05-18T00:19:11.283609+00:00,London,RANGING,20.00,0.1429,0.001263,0.942850,0.5643,0.650000,0.4357,0.815251,0.292850,0.087855,-0.0100,0.0000,0.717396,0.717396,0.227396,0.0100,False,0.5800,0.4200,False,BUY,BUY,EXECUTION_READY,VALID_SIGNAL,HIGH,False,
2026-05-18T00:19:11.285888+00:00,London,RANGING,20.00,0.1429,0.001263,0.134035,0.5643,0.350000,0.4357,0.228134,0.215965,0.064789,-0.0100,0.0000,0.269490,0.269490,0.207076,0.0100,False,0.5800,0.4200,False,SELL,SELL,EXECUTION_READY,VALID_SIGNAL,HIGH,False,
2026-05-18T00:19:11.300799+00:00,London,RANGING,20.00,0.1429,0.001263,0.196606,0.5643,0.350000,0.4357,0.263442,0.153394,0.046018,-0.0100,0.0000,0.284703,0.284703,0.190540,0.0100,False,0.5800,0.4200,False,SELL,SELL,EXECUTION_READY,VALID_SIGNAL,HIGH,False,
2026-05-18T00:19:11.307617+00:00,London,RANGING,20.00,0.1429,0.001263,0.180988,0.5643,0.350000,0.4357,0.254629,0.169012,0.050703,-0.0100,0.0000,0.280906,0.280906,0.194667,0.0100,False,0.5800,0.4200,False,SELL,SELL,EXECUTION_READY,VALID_SIGNAL,HIGH,False,
2026-05-18T00:19:11.315231+00:00,London,RANGING,20.00,0.1429,0.001263,0.938526,0.5643,0.650000,0.4357,0.812811,0.288526,0.086558,-0.0100,0.0000,0.716253,0.716253,0.226253,0.0100,False,0.5800,0.4200,False,BUY,BUY,EXECUTION_READY,VALID_SIGNAL,HIGH,False,
2026-05-18T00:19:11.319172+00:00,London,RANGING,20.00,0.1429,0.001263,0.778097,0.5643,0.650000,0.4357,0.722284,0.128097,0.038429,-0.0100,0.0000,0.673854,0.673854,0.183854,0.0100,False,0.5800,0.4200,False,BUY,BUY,EXECUTION_READY,VALID_SIGNAL,HIGH,False,
2026-05-18T00:19:11.334327+00:00,London,RANGING,20.00,0.1429,0.001263,0.250000,0.5643,0.350000,0.4357,0.293571,0.100000,0.030000,-0.0100,0.0000,0.297686,0.297686,0.176429,0.0100,False,0.5800,0.4200,False,SELL,SELL,EXECUTION_READY,VALID_SIGNAL,HIGH,False,
2026-05-18T00:19:11.337847+00:00,London,RANGING,20.00,0.1429,0.001263,0.250000,0.5643,0.350000,0.4357,0.293571,0.100000,0.030000,-0.0100,0.0000,0.297686,0.297686,0.176429,0.0100,False,0.5800,0.4200,False,SELL,SELL,EXECUTION_READY,VALID_SIGNAL,HIGH,False,
2026-05-18T00:19:11.352378+00:00,London,RANGING,20.00,0.1429,0.001263,0.936756,0.5643,0.650000,0.4357,0.811812,0.286756,0.086027,-0.0100,0.0000,0.715785,0.715785,0.225785,0.0100,False,0.5800,0.4200,False,BUY,BUY,EXECUTION_READY,VALID_SIGNAL,HIGH,False,
2026-05-18T00:19:11.355332+00:00,London,RANGING,20.00,0.1429,0.001263,0.812681,0.5643,0.650000,0.4357,0.741799,0.162681,0.048804,-0.0100,0.0000,0.682994,0.682994,0.192994,0.0100,False,0.5800,0.4200,False,BUY,BUY,EXECUTION_READY,VALID_SIGNAL,HIGH,False,
2026-05-18T00:19:11.367420+00:00,London,RANGING,20.00,0.1429,0.001263,0.774581,0.5643,0.650000,0.4357,0.720300,0.124581,0.037374,-0.0100,0.0000,0.672925,0.672925,0.182925,0.0100,False,0.5800,0.4200,False,BUY,BUY,EXECUTION_READY,VALID_SIGNAL,HIGH,False,
2026-05-18T00:19:11.369446+00:00,London,RANGING,20.00,0.1429,0.001263,0.775606,0.5643,0.650000,0.4357,0.720878,0.125606,0.037682,-0.0100,0.0000,0.673196,0.673196,0.183196,0.0100,False,0.5800,0.4200,False,BUY,BUY,EXECUTION_READY,VALID_SIGNAL,HIGH,False,
2026-05-18T00:19:11.374524+00:00,London,RANGING,20.00,0.1429,0.001263,0.222262,0.5643,0.350000,0.4357,0.277919,0.127738,0.038321,-0.0100,0.0000,0.290941,0.290941,0.183759,0.0100,False,0.5800,0.4200,False,SELL,SELL,EXECUTION_READY,VALID_SIGNAL,HIGH,False,
2026-05-18T00:19:11.383066+00:00,London,RANGING,20.00,0.1429,0.001263,0.833167,0.5643,0.650000,0.4357,0.753359,0.183167,0.054950,-0.0100,0.0000,0.688408,0.688408,0.198408,0.0100,False,0.5800,0.4200,False,BUY,BUY,EXECUTION_READY,VALID_SIGNAL,HIGH,False,
2026-05-18T00:19:11.385488+00:00,London,RANGING,20.00,0.1429,0.001263,0.913708,0.5643,0.650000,0.4357,0.798807,0.263708,0.079112,-0.0100,0.0000,0.709694,0.709694,0.219694,0.0100,False,0.5800,0.4200,False,BUY,BUY,EXECUTION_READY,VALID_SIGNAL,HIGH,False,
2026-05-18T00:19:11.388763+00:00,London,RANGING,20.00,0.1429,0.001263,0.155974,0.5643,0.350000,0.4357,0.240514,0.194026,0.058208,-0.0100,0.0000,0.274824,0.274824,0.201278,0.0100,False,0.5800,0.4200,False,SELL,SELL,EXECUTION_READY,VALID_SIGNAL,HIGH,False,
2026-05-18T00:19:11.395157+00:00,London,RANGING,20.00,0.1429,0.001263,0.890732,0.5643,0.650000,0.4357,0.785841,0.240732,0.072219,-0.0100,0.0000,0.703622,0.703622,0.213622,0.0100,False,0.5800,0.4200,False,BUY,BUY,EXECUTION_READY,VALID_SIGNAL,HIGH,False,
2026-05-18T00:19:11.409038+00:00,London,RANGING,20.00,0.1429,0.001263,0.500000,0.5643,0.650000,0.4357,0.565357,0.150000,0.045000,-0.0100,0.0000,0.480357,0.480357,0.020357,0.0100,False,0.5800,0.4200,False,HOLD,BUY,THRESHOLD_CHECK,BELOW_THRESHOLD,LOW,False,HOLD: Final 0.4804 between BUY>0.5800 and SELL<0.4200
2026-05-18T00:19:11.411832+00:00,London,RANGING,20.00,0.1429,0.001263,0.500000,0.5643,0.650000,0.4357,0.565357,0.150000,0.045000,-0.0100,0.0000,0.510357,0.510357,0.020357,0.0100,False,0.5800,0.4200,False,HOLD,BUY,THRESHOLD_CHECK,BELOW_THRESHOLD,LOW,False,HOLD: Final 0.5104 between BUY>0.5800 and SELL<0.4200
2026-05-18T00:19:11.417281+00:00,London,RANGING,20.00,0.1429,0.001263,0.749000,0.5643,0.650000,0.4357,0.705864,0.099000,0.029700,-0.0100,0.0000,0.636164,0.636164,0.176164,0.0100,False,0.5800,0.4200,False,BUY,BUY,EXECUTION_READY,VALID_SIGNAL,MEDIUM,False,
2026-05-18T00:19:11.419305+00:00,London,RANGING,20.00,0.1429,0.001263,0.749000,0.5643,0.650000,0.4357,0.705864,0.099000,0.029700,-0.0100,0.0000,0.666164,0.666164,0.176164,0.0100,False,0.5800,0.4200,False,BUY,BUY,EXECUTION_READY,VALID_SIGNAL,HIGH,False,
2026-05-18T00:19:11.421155+00:00,London,RANGING,20.00,0.1429,0.001263,0.749000,0.5643,0.650000,0.4357,0.705864,0.099000,0.029700,-0.0100,0.0000,0.636164,0.636164,0.176164,0.0100,False,0.5800,0.4200,False,BUY,BUY,EXECUTION_READY,VALID_SIGNAL,MEDIUM,False,
2026-05-18T00:19:11.427464+00:00,London,RANGING,20.00,0.1429,0.001263,0.749000,0.5643,0.650000,0.4357,0.705864,0.099000,0.029700,-0.0100,0.0000,0.666164,0.666164,0.176164,0.0100,False,0.5800,0.4200,False,BUY,BUY,EXECUTION_READY,VALID_SIGNAL,HIGH,False,
2026-05-18T00:19:11.433864+00:00,London,RANGING,20.00,0.1429,0.001263,0.677465,0.5643,0.650000,0.4357,0.665498,0.027465,0.008239,-0.0100,0.0000,0.617259,0.617259,0.157259,0.0100,False,0.5800,0.4200,False,BUY,BUY,EXECUTION_READY,VALID_SIGNAL,MEDIUM,False,
2026-05-18T00:19:11.436233+00:00,London,RANGING,20.00,0.1429,0.001263,0.677465,0.5643,0.650000,0.4357,0.665498,0.027465,0.008239,-0.0100,0.0000,0.647259,0.647259,0.157259,0.0100,False,0.5800,0.4200,False,BUY,BUY,EXECUTION_READY,VALID_SIGNAL,MEDIUM,False,
2026-05-18T00:19:11.437986+00:00,London,RANGING,20.00,0.1429,0.001263,0.736503,0.5643,0.650000,0.4357,0.698813,0.086503,0.025951,-0.0100,0.0000,0.632862,0.632862,0.172862,0.0100,False,0.5800,0.4200,False,BUY,BUY,EXECUTION_READY,VALID_SIGNAL,MEDIUM,False,
2026-05-18T00:19:11.443986+00:00,London,RANGING,20.00,0.1429,0.001263,0.736503,0.5643,0.650000,0.4357,0.698813,0.086503,0.025951,-0.0100,0.0000,0.662862,0.662862,0.172862,0.0100,False,0.5800,0.4200,False,BUY,BUY,EXECUTION_READY,VALID_SIGNAL,HIGH,False,
2026-05-18T00:19:11.450375+00:00,London,RANGING,20.00,0.1429,0.001263,0.500000,0.5643,0.650000,0.4357,0.565357,0.150000,0.045000,-0.0100,0.0000,0.480357,0.480357,0.020357,0.0100,False,0.5800,0.4200,False,HOLD,BUY,THRESHOLD_CHECK,BELOW_THRESHOLD,LOW,False,HOLD: Final 0.4804 between BUY>0.5800 and SELL<0.4200
2026-05-18T00:19:11.453477+00:00,London,RANGING,20.00,0.1429,0.001263,0.500000,0.5643,0.650000,0.4357,0.565357,0.150000,0.045000,-0.0100,0.0000,0.510357,0.510357,0.020357,0.0100,False,0.5800,0.4200,False,HOLD,BUY,THRESHOLD_CHECK,BELOW_THRESHOLD,LOW,False,HOLD: Final 0.5104 between BUY>0.5800 and SELL<0.4200
2026-05-18T00:19:11.455675+00:00,London,RANGING,20.00,0.1429,0.001263,0.500000,0.5643,0.650000,0.4357,0.565357,0.150000,0.045000,-0.0100,0.0000,0.480357,0.480357,0.020357,0.0100,False,0.5800,0.4200,False,HOLD,BUY,THRESHOLD_CHECK,BELOW_THRESHOLD,LOW,False,HOLD: Final 0.4804 between BUY>0.5800 and SELL<0.4200
2026-05-18T00:19:11.464514+00:00,London,RANGING,20.00,0.1429,0.001263,0.500000,0.5643,0.650000,0.4357,0.565357,0.150000,0.045000,-0.0100,0.0000,0.510357,0.510357,0.020357,0.0100,False,0.5800,0.4200,False,HOLD,BUY,THRESHOLD_CHECK,BELOW_THRESHOLD,LOW,False,HOLD: Final 0.5104 between BUY>0.5800 and SELL<0.4200
2026-05-18T00:19:11.467516+00:00,London,RANGING,20.00,0.1429,0.001263,0.687817,0.5643,0.650000,0.4357,0.671340,0.037817,0.011345,-0.0100,0.0000,0.619994,0.619994,0.159994,0.0100,False,0.5800,0.4200,False,BUY,BUY,EXECUTION_READY,VALID_SIGNAL,MEDIUM,False,
2026-05-18T00:19:11.472166+00:00,London,RANGING,20.00,0.1429,0.001263,0.687817,0.5643,0.650000,0.4357,0.671340,0.037817,0.011345,-0.0100,0.0000,0.649994,0.649994,0.159994,0.0100,False,0.5800,0.4200,False,BUY,BUY,EXECUTION_READY,VALID_SIGNAL,MEDIUM,False,
2026-05-18T00:19:11.474845+00:00,London,RANGING,20.00,0.1429,0.001263,0.623448,0.5643,0.650000,0.4357,0.635017,0.026552,0.007966,-0.0100,0.0000,0.587051,0.587051,0.127051,0.0100,False,0.5800,0.4200,False,BUY,BUY,EXECUTION_READY,VALID_SIGNAL,MEDIUM,False,
2026-05-18T00:19:11.480584+00:00,London,RANGING,20.00,0.1429,0.001263,0.623448,0.5643,0.650000,0.4357,0.635017,0.026552,0.007966,-0.0100,0.0000,0.617051,0.617051,0.127051,0.0100,False,0.5800,0.4200,False,BUY,BUY,EXECUTION_READY,VALID_SIGNAL,MEDIUM,False,
2026-05-18T00:19:11.484756+00:00,London,RANGING,20.00,0.1429,0.001263,0.695006,0.5643,0.650000,0.4357,0.675396,0.045006,0.013502,-0.0100,0.0000,0.621894,0.621894,0.161894,0.0100,False,0.5800,0.4200,False,BUY,BUY,EXECUTION_READY,VALID_SIGNAL,MEDIUM,False,
2026-05-18T00:19:11.490511+00:00,London,RANGING,20.00,0.1429,0.001263,0.695006,0.5643,0.650000,0.4357,0.675396,0.045006,0.013502,-0.0100,0.0000,0.651894,0.651894,0.161894,0.0100,False,0.5800,0.4200,False,BUY,BUY,EXECUTION_READY,VALID_SIGNAL,HIGH,False,
2026-05-18T00:19:11.497391+00:00,London,RANGING,20.00,0.1429,0.001263,0.513851,0.5643,0.650000,0.4357,0.573173,0.136149,0.040845,-0.0100,0.0000,0.492328,0.492328,0.032328,0.0100,False,0.5800,0.4200,False,HOLD,BUY,THRESHOLD_CHECK,BELOW_THRESHOLD,LOW,False,HOLD: Final 0.4923 between BUY>0.5800 and SELL<0.4200
2026-05-18T00:19:11.500158+00:00,London,RANGING,20.00,0.1429,0.001263,0.513851,0.5643,0.650000,0.4357,0.573173,0.136149,0.040845,-0.0100,0.0000,0.522328,0.522328,0.032328,0.0100,False,0.5800,0.4200,False,HOLD,BUY,THRESHOLD_CHECK,BELOW_THRESHOLD,LOW,False,HOLD: Final 0.5223 between BUY>0.5800 and SELL<0.4200
2026-05-18T00:19:11.501674+00:00,London,RANGING,20.00,0.1429,0.001263,0.709945,0.5643,0.650000,0.4357,0.683826,0.059945,0.017984,-0.0100,0.0000,0.625843,0.625843,0.165843,0.0100,False,0.5800,0.4200,False,BUY,BUY,EXECUTION_READY,VALID_SIGNAL,MEDIUM,False,
2026-05-18T00:19:11.507848+00:00,London,RANGING,20.00,0.1429,0.001263,0.709945,0.5643,0.650000,0.4357,0.683826,0.059945,0.017984,-0.0100,0.0000,0.655843,0.655843,0.165843,0.0100,False,0.5800,0.4200,False,BUY,BUY,EXECUTION_READY,VALID_SIGNAL,HIGH,False,
2026-05-18T00:19:11.513135+00:00,London,RANGING,20.00,0.1429,0.001263,0.552971,0.5643,0.650000,0.4357,0.595248,0.097029,0.029109,-0.0100,0.0000,0.526139,0.526139,0.066139,0.0100,False,0.5800,0.4200,False,HOLD,BUY,THRESHOLD_CHECK,BELOW_THRESHOLD,LOW,False,HOLD: Final 0.5261 between BUY>0.5800 and SELL<0.4200
2026-05-18T00:19:11.519637+00:00,London,RANGING,20.00,0.1429,0.001263,0.552971,0.5643,0.650000,0.4357,0.595248,0.097029,0.029109,-0.0100,0.0000,0.556139,0.556139,0.066139,0.0100,False,0.5800,0.4200,False,HOLD,BUY,THRESHOLD_CHECK,BELOW_THRESHOLD,LOW,False,HOLD: Final 0.5561 between BUY>0.5800 and SELL<0.4200
2026-05-18T00:19:11.521002+00:00,London,RANGING,20.00,0.1429,0.001263,0.643802,0.5643,0.650000,0.4357,0.646502,0.006198,0.001860,-0.0100,0.0000,0.604643,0.604643,0.144643,0.0100,False,0.5800,0.4200,False,BUY,BUY,EXECUTION_READY,VALID_SIGNAL,MEDIUM,False,
2026-05-18T00:19:11.528944+00:00,London,RANGING,20.00,0.1429,0.001263,0.643802,0.5643,0.650000,0.4357,0.646502,0.006198,0.001860,-0.0100,0.0000,0.634643,0.634643,0.144643,0.0100,False,0.5800,0.4200,False,BUY,BUY,EXECUTION_READY,VALID_SIGNAL,MEDIUM,False,
2026-05-18T00:19:11.534819+00:00,London,RANGING,20.00,0.1429,0.001263,0.656185,0.5643,0.650000,0.4357,0.653490,0.006185,0.001855,-0.0100,0.0000,0.611635,0.611635,0.151635,0.0100,False,0.5800,0.4200,False,BUY,BUY,EXECUTION_READY,VALID_SIGNAL,MEDIUM,False,
2026-05-18T00:19:11.537559+00:00,London,RANGING,20.00,0.1429,0.001263,0.656185,0.5643,0.650000,0.4357,0.653490,0.006185,0.001855,-0.0100,0.0000,0.641635,0.641635,0.151635,0.0100,False,0.5800,0.4200,False,BUY,BUY,EXECUTION_READY,VALID_SIGNAL,MEDIUM,False,
2026-05-18T00:19:11.545676+00:00,London,RANGING,20.00,0.1429,0.001263,0.603438,0.5643,0.650000,0.4357,0.623726,0.046562,0.013969,-0.0100,0.0000,0.569757,0.569757,0.109757,0.0100,False,0.5800,0.4200,False,HOLD,BUY,THRESHOLD_CHECK,BELOW_THRESHOLD,LOW,False,HOLD: Final 0.5698 between BUY>0.5800 and SELL<0.4200
2026-05-18T00:19:11.549618+00:00,London,RANGING,20.00,0.1429,0.001263,0.603438,0.5643,0.650000,0.4357,0.623726,0.046562,0.013969,-0.0100,0.0000,0.599757,0.599757,0.109757,0.0100,False,0.5800,0.4200,False,BUY,BUY,EXECUTION_READY,VALID_SIGNAL,MEDIUM,False,
2026-05-18T00:19:11.551843+00:00,London,RANGING,20.00,0.1429,0.001263,0.574604,0.5643,0.650000,0.4357,0.607455,0.075396,0.022619,-0.0100,0.0000,0.544837,0.544837,0.084837,0.0100,False,0.5800,0.4200,False,HOLD,BUY,THRESHOLD_CHECK,BELOW_THRESHOLD,LOW,False,HOLD: Final 0.5448 between BUY>0.5800 and SELL<0.4200
2026-05-18T00:19:11.559592+00:00,London,RANGING,20.00,0.1429,0.001263,0.574604,0.5643,0.650000,0.4357,0.607455,0.075396,0.022619,-0.0100,0.0000,0.574837,0.574837,0.084837,0.0100,False,0.5800,0.4200,False,HOLD,BUY,THRESHOLD_CHECK,BELOW_THRESHOLD,LOW,False,HOLD: Final 0.5748 between BUY>0.5800 and SELL<0.4200
2026-05-18T00:19:11.567016+00:00,London,RANGING,20.00,0.1429,0.001263,0.653786,0.5643,0.650000,0.4357,0.652136,0.003786,0.001136,-0.0100,0.0000,0.611001,0.611001,0.151001,0.0100,False,0.5800,0.4200,False,BUY,BUY,EXECUTION_READY,VALID_SIGNAL,MEDIUM,False,
2026-05-18T00:19:11.570012+00:00,London,RANGING,20.00,0.1429,0.001263,0.653786,0.5643,0.650000,0.4357,0.652136,0.003786,0.001136,-0.0100,0.0000,0.641001,0.641001,0.151001,0.0100,False,0.5800,0.4200,False,BUY,BUY,EXECUTION_READY,VALID_SIGNAL,MEDIUM,False,
2026-05-18T00:19:11.571609+00:00,London,RANGING,20.00,0.1429,0.001263,0.727742,0.5643,0.650000,0.4357,0.693869,0.077742,0.023323,-0.0100,0.0000,0.630546,0.630546,0.170546,0.0100,False,0.5800,0.4200,False,BUY,BUY,EXECUTION_READY,VALID_SIGNAL,MEDIUM,False,
2026-05-18T00:19:11.580022+00:00,London,RANGING,20.00,0.1429,0.001263,0.727742,0.5643,0.650000,0.4357,0.693869,0.077742,0.023323,-0.0100,0.0000,0.660546,0.660546,0.170546,0.0100,False,0.5800,0.4200,False,BUY,BUY,EXECUTION_READY,VALID_SIGNAL,HIGH,False,
2026-05-18T00:19:11.585391+00:00,London,RANGING,20.00,0.1429,0.001263,0.578397,0.5643,0.650000,0.4357,0.609595,0.071603,0.021481,-0.0100,0.0000,0.548114,0.548114,0.088114,0.0100,False,0.5800,0.4200,False,HOLD,BUY,THRESHOLD_CHECK,BELOW_THRESHOLD,LOW,False,HOLD: Final 0.5481 between BUY>0.5800 and SELL<0.4200
2026-05-18T00:19:11.590284+00:00,London,RANGING,20.00,0.1429,0.001263,0.578397,0.5643,0.650000,0.4357,0.609595,0.071603,0.021481,-0.0100,0.0000,0.578114,0.578114,0.088114,0.0100,False,0.5800,0.4200,False,HOLD,BUY,THRESHOLD_CHECK,BELOW_THRESHOLD,LOW,False,HOLD: Final 0.5781 between BUY>0.5800 and SELL<0.4200
2026-05-18T00:19:11.597917+00:00,London,RANGING,20.00,0.1429,0.001263,0.598692,0.5643,0.650000,0.4357,0.621048,0.051308,0.015392,-0.0100,0.0000,0.565655,0.565655,0.105655,0.0100,False,0.5800,0.4200,False,HOLD,BUY,THRESHOLD_CHECK,BELOW_THRESHOLD,LOW,False,HOLD: Final 0.5657 between BUY>0.5800 and SELL<0.4200
2026-05-18T00:19:11.601088+00:00,London,RANGING,20.00,0.1429,0.001263,0.598692,0.5643,0.650000,0.4357,0.621048,0.051308,0.015392,-0.0100,0.0000,0.595655,0.595655,0.105655,0.0100,False,0.5800,0.4200,False,BUY,BUY,EXECUTION_READY,VALID_SIGNAL,MEDIUM,False,
2026-05-18T00:19:11.602637+00:00,London,RANGING,20.00,0.1429,0.001263,0.608326,0.5643,0.650000,0.4357,0.626484,0.041674,0.012502,-0.0100,0.0000,0.573982,0.573982,0.113982,0.0100,False,0.5800,0.4200,False,HOLD,BUY,THRESHOLD_CHECK,BELOW_THRESHOLD,LOW,False,HOLD: Final 0.5740 between BUY>0.5800 and SELL<0.4200
2026-05-18T00:19:11.609963+00:00,London,RANGING,20.00,0.1429,0.001263,0.608326,0.5643,0.650000,0.4357,0.626484,0.041674,0.012502,-0.0100,0.0000,0.603982,0.603982,0.113982,0.0100,False,0.5800,0.4200,False,BUY,BUY,EXECUTION_READY,VALID_SIGNAL,MEDIUM,False,
2026-05-18T00:19:11.617641+00:00,London,RANGING,20.00,0.1429,0.001263,0.664094,0.5643,0.650000,0.4357,0.657953,0.014094,0.004228,-0.0100,0.0000,0.613725,0.613725,0.153725,0.0100,False,0.5800,0.4200,False,BUY,BUY,EXECUTION_READY,VALID_SIGNAL,MEDIUM,False,
2026-05-18T00:19:11.621108+00:00,London,RANGING,20.00,0.1429,0.001263,0.664094,0.5643,0.650000,0.4357,0.657953,0.014094,0.004228,-0.0100,0.0000,0.643725,0.643725,0.153725,0.0100,False,0.5800,0.4200,False,BUY,BUY,EXECUTION_READY,VALID_SIGNAL,MEDIUM,False,
2026-05-18T00:19:11.629182+00:00,London,RANGING,20.00,0.1429,0.001263,0.548297,0.5643,0.650000,0.4357,0.592611,0.101703,0.030511,-0.0100,0.0000,0.522100,0.522100,0.062100,0.0100,False,0.5800,0.4200,False,HOLD,BUY,THRESHOLD_CHECK,BELOW_THRESHOLD,LOW,False,HOLD: Final 0.5221 between BUY>0.5800 and SELL<0.4200
2026-05-18T00:19:11.634253+00:00,London,RANGING,20.00,0.1429,0.001263,0.548297,0.5643,0.650000,0.4357,0.592611,0.101703,0.030511,-0.0100,0.0000,0.552100,0.552100,0.062100,0.0100,False,0.5800,0.4200,False,HOLD,BUY,THRESHOLD_CHECK,BELOW_THRESHOLD,LOW,False,HOLD: Final 0.5521 between BUY>0.5800 and SELL<0.4200
2026-05-18T00:19:11.636858+00:00,London,RANGING,20.00,0.1429,0.001263,0.522117,0.5643,0.650000,0.4357,0.577838,0.127883,0.038365,-0.0100,0.0000,0.499473,0.499473,0.039473,0.0100,False,0.5800,0.4200,False,HOLD,BUY,THRESHOLD_CHECK,BELOW_THRESHOLD,LOW,False,HOLD: Final 0.4995 between BUY>0.5800 and SELL<0.4200
2026-05-18T00:19:11.647156+00:00,London,RANGING,20.00,0.1429,0.001263,0.522117,0.5643,0.650000,0.4357,0.577838,0.127883,0.038365,-0.0100,0.0000,0.529473,0.529473,0.039473,0.0100,False,0.5800,0.4200,False,HOLD,BUY,THRESHOLD_CHECK,BELOW_THRESHOLD,LOW,False,HOLD: Final 0.5295 between BUY>0.5800 and SELL<0.4200
2026-05-18T00:19:11.653330+00:00,London,RANGING,20.00,0.1429,0.001263,0.574275,0.5643,0.650000,0.4357,0.607269,0.075725,0.022717,-0.0100,0.0000,0.544552,0.544552,0.084552,0.0100,False,0.5800,0.4200,False,HOLD,BUY,THRESHOLD_CHECK,BELOW_THRESHOLD,LOW,False,HOLD: Final 0.5446 between BUY>0.5800 and SELL<0.4200
2026-05-18T00:19:11.658128+00:00,London,RANGING,20.00,0.1429,0.001263,0.574275,0.5643,0.650000,0.4357,0.607269,0.075725,0.022717,-0.0100,0.0000,0.574552,0.574552,0.084552,0.0100,False,0.5800,0.4200,False,HOLD,BUY,THRESHOLD_CHECK,BELOW_THRESHOLD,LOW,False,HOLD: Final 0.5746 between BUY>0.5800 and SELL<0.4200
2026-05-18T00:19:11.666711+00:00,London,RANGING,20.00,0.1429,0.001263,0.607668,0.5643,0.650000,0.4357,0.626113,0.042332,0.012700,-0.0100,0.0000,0.573413,0.573413,0.113413,0.0100,False,0.5800,0.4200,False,HOLD,BUY,THRESHOLD_CHECK,BELOW_THRESHOLD,LOW,False,HOLD: Final 0.5734 between BUY>0.5800 and SELL<0.4200
2026-05-18T00:19:11.668739+00:00,London,RANGING,20.00,0.1429,0.001263,0.607668,0.5643,0.650000,0.4357,0.626113,0.042332,0.012700,-0.0100,0.0000,0.603413,0.603413,0.113413,0.0100,False,0.5800,0.4200,False,BUY,BUY,EXECUTION_READY,VALID_SIGNAL,MEDIUM,False,
2026-05-18T00:19:11.671176+00:00,London,RANGING,20.00,0.1429,0.001263,0.500000,0.5643,0.650000,0.4357,0.565357,0.150000,0.045000,-0.0100,0.0000,0.480357,0.480357,0.020357,0.0100,False,0.5800,0.4200,False,HOLD,BUY,THRESHOLD_CHECK,BELOW_THRESHOLD,LOW,False,HOLD: Final 0.4804 between BUY>0.5800 and SELL<0.4200
2026-05-18T00:19:11.681257+00:00,London,RANGING,20.00,0.1429,0.001263,0.500000,0.5643,0.650000,0.4357,0.565357,0.150000,0.045000,-0.0100,0.0000,0.510357,0.510357,0.020357,0.0100,False,0.5800,0.4200,False,HOLD,BUY,THRESHOLD_CHECK,BELOW_THRESHOLD,LOW,False,HOLD: Final 0.5104 between BUY>0.5800 and SELL<0.4200
2026-05-18T00:19:11.686793+00:00,London,RANGING,20.00,0.1429,0.001263,0.705701,0.5643,0.650000,0.4357,0.681431,0.055701,0.016710,-0.0100,0.0000,0.624721,0.624721,0.164721,0.0100,False,0.5800,0.4200,False,BUY,BUY,EXECUTION_READY,VALID_SIGNAL,MEDIUM,False,
2026-05-18T00:19:11.695349+00:00,London,RANGING,20.00,0.1429,0.001263,0.705701,0.5643,0.650000,0.4357,0.681431,0.055701,0.016710,-0.0100,0.0000,0.654721,0.654721,0.164721,0.0100,False,0.5800,0.4200,False,BUY,BUY,EXECUTION_READY,VALID_SIGNAL,HIGH,False,
2026-05-18T00:19:11.701672+00:00,London,RANGING,20.00,0.1429,0.001263,0.537451,0.5643,0.650000,0.4357,0.586490,0.112549,0.033765,-0.0100,0.0000,0.512726,0.512726,0.052726,0.0100,False,0.5800,0.4200,False,HOLD,BUY,THRESHOLD_CHECK,BELOW_THRESHOLD,LOW,False,HOLD: Final 0.5127 between BUY>0.5800 and SELL<0.4200
2026-05-18T00:19:11.705796+00:00,London,RANGING,20.00,0.1429,0.001263,0.537451,0.5643,0.650000,0.4357,0.586490,0.112549,0.033765,-0.0100,0.0000,0.542726,0.542726,0.052726,0.0100,False,0.5800,0.4200,False,HOLD,BUY,THRESHOLD_CHECK,BELOW_THRESHOLD,LOW,False,HOLD: Final 0.5427 between BUY>0.5800 and SELL<0.4200
2026-05-18T00:19:11.713529+00:00,London,RANGING,20.00,0.1429,0.001263,0.505721,0.5643,0.650000,0.4357,0.568586,0.144279,0.043284,-0.0100,0.0000,0.485302,0.485302,0.025302,0.0100,False,0.5800,0.4200,False,HOLD,BUY,THRESHOLD_CHECK,BELOW_THRESHOLD,LOW,False,HOLD: Final 0.4853 between BUY>0.5800 and SELL<0.4200
2026-05-18T00:19:11.716355+00:00,London,RANGING,20.00,0.1429,0.001263,0.505721,0.5643,0.650000,0.4357,0.568586,0.144279,0.043284,-0.0100,0.0000,0.515302,0.515302,0.025302,0.0100,False,0.5800,0.4200,False,HOLD,BUY,THRESHOLD_CHECK,BELOW_THRESHOLD,LOW,False,HOLD: Final 0.5153 between BUY>0.5800 and SELL<0.4200
2026-05-18T00:19:11.719317+00:00,London,RANGING,20.00,0.1429,0.001263,0.627179,0.5643,0.650000,0.4357,0.637123,0.022821,0.006846,-0.0100,0.0000,0.590276,0.590276,0.130276,0.0100,False,0.5800,0.4200,False,BUY,BUY,EXECUTION_READY,VALID_SIGNAL,MEDIUM,False,
2026-05-18T00:19:11.725312+00:00,London,RANGING,20.00,0.1429,0.001263,0.627179,0.5643,0.650000,0.4357,0.637123,0.022821,0.006846,-0.0100,0.0000,0.620276,0.620276,0.130276,0.0100,False,0.5800,0.4200,False,BUY,BUY,EXECUTION_READY,VALID_SIGNAL,MEDIUM,False,
2026-05-18T00:19:11.733166+00:00,London,RANGING,20.00,0.1429,0.001263,0.569224,0.5643,0.650000,0.4357,0.604419,0.080776,0.024233,-0.0100,0.0000,0.540186,0.540186,0.080186,0.0100,False,0.5800,0.4200,False,HOLD,BUY,THRESHOLD_CHECK,BELOW_THRESHOLD,LOW,False,HOLD: Final 0.5402 between BUY>0.5800 and SELL<0.4200
2026-05-18T00:19:11.736088+00:00,London,RANGING,20.00,0.1429,0.001263,0.569224,0.5643,0.650000,0.4357,0.604419,0.080776,0.024233,-0.0100,0.0000,0.570186,0.570186,0.080186,0.0100,False,0.5800,0.4200,False,HOLD,BUY,THRESHOLD_CHECK,BELOW_THRESHOLD,LOW,False,HOLD: Final 0.5702 between BUY>0.5800 and SELL<0.4200
2026-05-18T00:19:11.738115+00:00,London,RANGING,20.00,0.1429,0.001263,0.663025,0.5643,0.650000,0.4357,0.657350,0.013025,0.003907,-0.0100,0.0000,0.613442,0.613442,0.153442,0.0100,False,0.5800,0.4200,False,BUY,BUY,EXECUTION_READY,VALID_SIGNAL,MEDIUM,False,
2026-05-18T00:19:11.745588+00:00,London,RANGING,20.00,0.1429,0.001263,0.663025,0.5643,0.650000,0.4357,0.657350,0.013025,0.003907,-0.0100,0.0000,0.643442,0.643442,0.153442,0.0100,False,0.5800,0.4200,False,BUY,BUY,EXECUTION_READY,VALID_SIGNAL,MEDIUM,False,
2026-05-18T00:19:11.751902+00:00,London,RANGING,20.00,0.1429,0.001263,0.747770,0.5643,0.650000,0.4357,0.705170,0.097770,0.029331,-0.0100,0.0000,0.635839,0.635839,0.175839,0.0100,False,0.5800,0.4200,False,BUY,BUY,EXECUTION_READY,VALID_SIGNAL,MEDIUM,False,
2026-05-18T00:19:11.757385+00:00,London,RANGING,20.00,0.1429,0.001263,0.747770,0.5643,0.650000,0.4357,0.705170,0.097770,0.029331,-0.0100,0.0000,0.665839,0.665839,0.175839,0.0100,False,0.5800,0.4200,False,BUY,BUY,EXECUTION_READY,VALID_SIGNAL,HIGH,False,
2026-05-18T00:19:11.766031+00:00,London,RANGING,20.00,0.1429,0.001263,0.649050,0.5643,0.650000,0.4357,0.649464,0.000950,0.000285,-0.0100,0.0000,0.609179,0.609179,0.149179,0.0100,False,0.5800,0.4200,False,BUY,BUY,EXECUTION_READY,VALID_SIGNAL,MEDIUM,False,
2026-05-18T00:19:11.768063+00:00,London,RANGING,20.00,0.1429,0.001263,0.649050,0.5643,0.650000,0.4357,0.649464,0.000950,0.000285,-0.0100,0.0000,0.639179,0.639179,0.149179,0.0100,False,0.5800,0.4200,False,BUY,BUY,EXECUTION_READY,VALID_SIGNAL,MEDIUM,False,
2026-05-18T00:19:11.770325+00:00,London,RANGING,20.00,0.1429,0.001263,0.573777,0.5643,0.650000,0.4357,0.606989,0.076223,0.022867,-0.0100,0.0000,0.544122,0.544122,0.084122,0.0100,False,0.5800,0.4200,False,HOLD,BUY,THRESHOLD_CHECK,BELOW_THRESHOLD,LOW,False,HOLD: Final 0.5441 between BUY>0.5800 and SELL<0.4200
2026-05-18T00:19:11.778802+00:00,London,RANGING,20.00,0.1429,0.001263,0.573777,0.5643,0.650000,0.4357,0.606989,0.076223,0.022867,-0.0100,0.0000,0.574122,0.574122,0.084122,0.0100,False,0.5800,0.4200,False,HOLD,BUY,THRESHOLD_CHECK,BELOW_THRESHOLD,LOW,False,HOLD: Final 0.5741 between BUY>0.5800 and SELL<0.4200
2026-05-18T00:19:11.785819+00:00,London,RANGING,20.00,0.1429,0.001263,0.654408,0.5643,0.650000,0.4357,0.652488,0.004408,0.001323,-0.0100,0.0000,0.611165,0.611165,0.151165,0.0100,False,0.5800,0.4200,False,BUY,BUY,EXECUTION_READY,VALID_SIGNAL,MEDIUM,False,
2026-05-18T00:19:11.788346+00:00,London,RANGING,20.00,0.1429,0.001263,0.654408,0.5643,0.650000,0.4357,0.652488,0.004408,0.001323,-0.0100,0.0000,0.641165,0.641165,0.151165,0.0100,False,0.5800,0.4200,False,BUY,BUY,EXECUTION_READY,VALID_SIGNAL,MEDIUM,False,
2026-05-18T00:19:11.795599+00:00,London,RANGING,20.00,0.1429,0.001263,0.735392,0.5643,0.650000,0.4357,0.698186,0.085392,0.025618,-0.0100,0.0000,0.632568,0.632568,0.172568,0.0100,False,0.5800,0.4200,False,BUY,BUY,EXECUTION_READY,VALID_SIGNAL,MEDIUM,False,
2026-05-18T00:19:11.799573+00:00,London,RANGING,20.00,0.1429,0.001263,0.735392,0.5643,0.650000,0.4357,0.698186,0.085392,0.025618,-0.0100,0.0000,0.662568,0.662568,0.172568,0.0100,False,0.5800,0.4200,False,BUY,BUY,EXECUTION_READY,VALID_SIGNAL,HIGH,False,
2026-05-18T00:19:11.807317+00:00,London,RANGING,20.00,0.1429,0.001263,0.506833,0.5643,0.650000,0.4357,0.569213,0.143167,0.042950,-0.0100,0.0000,0.486263,0.486263,0.026263,0.0100,False,0.5800,0.4200,False,HOLD,BUY,THRESHOLD_CHECK,BELOW_THRESHOLD,LOW,False,HOLD: Final 0.4863 between BUY>0.5800 and SELL<0.4200
2026-05-18T00:19:11.809905+00:00,London,RANGING,20.00,0.1429,0.001263,0.506833,0.5643,0.650000,0.4357,0.569213,0.143167,0.042950,-0.0100,0.0000,0.516263,0.516263,0.026263,0.0100,False,0.5800,0.4200,False,HOLD,BUY,THRESHOLD_CHECK,BELOW_THRESHOLD,LOW,False,HOLD: Final 0.5163 between BUY>0.5800 and SELL<0.4200
2026-05-18T00:19:11.818133+00:00,London,RANGING,20.00,0.1429,0.001263,0.615205,0.5643,0.650000,0.4357,0.630366,0.034795,0.010438,-0.0100,0.0000,0.579927,0.579927,0.119927,0.0100,False,0.5800,0.4200,False,HOLD,BUY,THRESHOLD_CHECK,BELOW_THRESHOLD,LOW,False,HOLD: Final 0.5799 between BUY>0.5800 and SELL<0.4200
2026-05-18T00:19:11.822295+00:00,London,RANGING,20.00,0.1429,0.001263,0.615205,0.5643,0.650000,0.4357,0.630366,0.034795,0.010438,-0.0100,0.0000,0.609927,0.609927,0.119927,0.0100,False,0.5800,0.4200,False,BUY,BUY,EXECUTION_READY,VALID_SIGNAL,MEDIUM,False,
2026-05-18T00:19:11.834443+00:00,London,RANGING,20.00,0.1429,0.001263,0.682990,0.5643,0.650000,0.4357,0.668616,0.032990,0.009897,-0.0100,0.0000,0.618719,0.618719,0.158719,0.0100,False,0.5800,0.4200,False,BUY,BUY,EXECUTION_READY,VALID_SIGNAL,MEDIUM,False,
2026-05-18T00:19:11.837179+00:00,London,RANGING,20.00,0.1429,0.001263,0.682990,0.5643,0.650000,0.4357,0.668616,0.032990,0.009897,-0.0100,0.0000,0.648719,0.648719,0.158719,0.0100,False,0.5800,0.4200,False,BUY,BUY,EXECUTION_READY,VALID_SIGNAL,MEDIUM,False,
2026-05-18T00:19:11.845382+00:00,London,RANGING,20.00,0.1429,0.001263,0.714344,0.5643,0.650000,0.4357,0.686308,0.064344,0.019303,-0.0100,0.0000,0.627005,0.627005,0.167005,0.0100,False,0.5800,0.4200,False,BUY,BUY,EXECUTION_READY,VALID_SIGNAL,MEDIUM,False,
2026-05-18T00:19:11.848374+00:00,London,RANGING,20.00,0.1429,0.001263,0.714344,0.5643,0.650000,0.4357,0.686308,0.064344,0.019303,-0.0100,0.0000,0.657005,0.657005,0.167005,0.0100,False,0.5800,0.4200,False,BUY,BUY,EXECUTION_READY,VALID_SIGNAL,HIGH,False,
2026-05-18T00:19:11.857345+00:00,London,RANGING,20.00,0.1429,0.001263,0.500000,0.5643,0.650000,0.4357,0.565357,0.150000,0.045000,-0.0100,0.0000,0.480357,0.480357,0.020357,0.0100,False,0.5800,0.4200,False,HOLD,BUY,THRESHOLD_CHECK,BELOW_THRESHOLD,LOW,False,HOLD: Final 0.4804 between BUY>0.5800 and SELL<0.4200
2026-05-18T00:19:11.862213+00:00,London,RANGING,20.00,0.1429,0.001263,0.500000,0.5643,0.650000,0.4357,0.565357,0.150000,0.045000,-0.0100,0.0000,0.510357,0.510357,0.020357,0.0100,False,0.5800,0.4200,False,HOLD,BUY,THRESHOLD_CHECK,BELOW_THRESHOLD,LOW,False,HOLD: Final 0.5104 between BUY>0.5800 and SELL<0.4200
2026-05-18T00:19:11.869409+00:00,London,RANGING,20.00,0.1429,0.001263,0.736885,0.5643,0.650000,0.4357,0.699028,0.086885,0.026065,-0.0100,0.0000,0.632962,0.632962,0.172962,0.0100,False,0.5800,0.4200,False,BUY,BUY,EXECUTION_READY,VALID_SIGNAL,MEDIUM,False,
2026-05-18T00:19:11.872074+00:00,London,RANGING,20.00,0.1429,0.001263,0.736885,0.5643,0.650000,0.4357,0.699028,0.086885,0.026065,-0.0100,0.0000,0.662962,0.662962,0.172962,0.0100,False,0.5800,0.4200,False,BUY,BUY,EXECUTION_READY,VALID_SIGNAL,HIGH,False,
2026-05-18T00:19:11.879604+00:00,London,RANGING,20.00,0.1429,0.001263,0.678758,0.5643,0.650000,0.4357,0.666228,0.028758,0.008627,-0.0100,0.0000,0.617600,0.617600,0.157600,0.0100,False,0.5800,0.4200,False,BUY,BUY,EXECUTION_READY,VALID_SIGNAL,MEDIUM,False,
2026-05-18T00:19:11.883676+00:00,London,RANGING,20.00,0.1429,0.001263,0.678758,0.5643,0.650000,0.4357,0.666228,0.028758,0.008627,-0.0100,0.0000,0.647600,0.647600,0.157600,0.0100,False,0.5800,0.4200,False,BUY,BUY,EXECUTION_READY,VALID_SIGNAL,MEDIUM,False,
2026-05-18T00:19:11.885112+00:00,London,RANGING,20.00,0.1429,0.001263,0.735207,0.5643,0.650000,0.4357,0.698081,0.085207,0.025562,-0.0100,0.0000,0.632519,0.632519,0.172519,0.0100,False,0.5800,0.4200,False,BUY,BUY,EXECUTION_READY,VALID_SIGNAL,MEDIUM,False,
2026-05-18T00:19:11.892374+00:00,London,RANGING,20.00,0.1429,0.001263,0.735207,0.5643,0.650000,0.4357,0.698081,0.085207,0.025562,-0.0100,0.0000,0.662519,0.662519,0.172519,0.0100,False,0.5800,0.4200,False,BUY,BUY,EXECUTION_READY,VALID_SIGNAL,HIGH,False,
2026-05-18T00:19:11.901396+00:00,London,RANGING,20.00,0.1429,0.001263,0.731765,0.5643,0.650000,0.4357,0.696139,0.081765,0.024530,-0.0100,0.0000,0.631609,0.631609,0.171609,0.0100,False,0.5800,0.4200,False,BUY,BUY,EXECUTION_READY,VALID_SIGNAL,MEDIUM,False,
2026-05-18T00:19:11.903330+00:00,London,RANGING,20.00,0.1429,0.001263,0.731765,0.5643,0.650000,0.4357,0.696139,0.081765,0.024530,-0.0100,0.0000,0.661609,0.661609,0.171609,0.0100,False,0.5800,0.4200,False,BUY,BUY,EXECUTION_READY,VALID_SIGNAL,HIGH,False,
2026-05-18T00:19:11.906195+00:00,London,RANGING,20.00,0.1429,0.001263,0.511395,0.5643,0.650000,0.4357,0.571787,0.138605,0.041582,-0.0100,0.0000,0.490205,0.490205,0.030205,0.0100,False,0.5800,0.4200,False,HOLD,BUY,THRESHOLD_CHECK,BELOW_THRESHOLD,LOW,False,HOLD: Final 0.4902 between BUY>0.5800 and SELL<0.4200
2026-05-18T00:19:11.913629+00:00,London,RANGING,20.00,0.1429,0.001263,0.511395,0.5643,0.650000,0.4357,0.571787,0.138605,0.041582,-0.0100,0.0000,0.520205,0.520205,0.030205,0.0100,False,0.5800,0.4200,False,HOLD,BUY,THRESHOLD_CHECK,BELOW_THRESHOLD,LOW,False,HOLD: Final 0.5202 between BUY>0.5800 and SELL<0.4200
2026-05-18T00:19:11.918658+00:00,London,RANGING,20.00,0.1429,0.001263,0.568176,0.5643,0.650000,0.4357,0.603828,0.081824,0.024547,-0.0100,0.0000,0.539280,0.539280,0.079280,0.0100,False,0.5800,0.4200,False,HOLD,BUY,THRESHOLD_CHECK,BELOW_THRESHOLD,LOW,False,HOLD: Final 0.5393 between BUY>0.5800 and SELL<0.4200
2026-05-18T00:19:11.923045+00:00,London,RANGING,20.00,0.1429,0.001263,0.568176,0.5643,0.650000,0.4357,0.603828,0.081824,0.024547,-0.0100,0.0000,0.569280,0.569280,0.079280,0.0100,False,0.5800,0.4200,False,HOLD,BUY,THRESHOLD_CHECK,BELOW_THRESHOLD,LOW,False,HOLD: Final 0.5693 between BUY>0.5800 and SELL<0.4200
2026-05-18T00:19:12.417850+00:00,London,RANGING,15.00,0.0000,0.001000,0.650000,0.5500,0.650000,0.4500,0.650000,0.000000,0.000000,-0.0100,0.0000,0.625000,0.625000,0.150000,0.0100,False,0.5800,0.4200,False,BUY,BUY,EXECUTION_READY,VALID_SIGNAL,MEDIUM,False,
2026-05-18T00:19:12.431605+00:00,London,RANGING,15.00,0.0000,0.001000,0.650000,0.5500,0.650000,0.4500,0.650000,0.000000,0.000000,-0.0100,0.0000,0.625000,0.625000,0.150000,0.0100,False,0.5800,0.4200,False,BUY,BUY,EXECUTION_READY,VALID_SIGNAL,MEDIUM,False,
2026-05-18T00:19:12.435780+00:00,London,RANGING,15.00,0.0000,0.001000,0.650000,0.5500,0.650000,0.4500,0.650000,0.000000,0.000000,-0.0100,0.0000,0.625000,0.625000,0.150000,0.0100,False,0.5800,0.4200,False,BUY,BUY,EXECUTION_READY,VALID_SIGNAL,MEDIUM,False,
2026-05-18T00:19:12.448616+00:00,London,TRENDING,50.00,1.0000,0.001000,0.650000,0.6500,0.650000,0.3500,0.650000,0.000000,0.000000,0.0200,0.0000,0.670000,0.670000,0.150000,0.0100,False,0.5600,0.4400,False,BUY,BUY,EXECUTION_READY,VALID_SIGNAL,HIGH,False,
2026-05-18T00:19:12.453624+00:00,London,RANGING,15.00,0.0000,0.001000,0.650000,0.5500,0.650000,0.4500,0.650000,0.000000,0.000000,-0.0100,0.0000,0.625000,0.625000,0.150000,0.0100,False,0.5800,0.4200,False,BUY,BUY,EXECUTION_READY,VALID_SIGNAL,MEDIUM,False,
2026-05-18T00:19:12.472528+00:00,London,TRANSITIONING,26.18,0.3195,0.001000,0.650000,0.5820,0.650000,0.4180,0.650000,0.000000,0.000000,0.0100,0.0000,0.660000,0.660000,0.150000,0.0100,False,0.5700,0.4300,False,BUY,BUY,EXECUTION_READY,VALID_SIGNAL,HIGH,False,
2026-05-18T00:19:12.487799+00:00,London,RANGING,15.00,0.0000,0.001000,0.650000,0.5500,0.650000,0.4500,0.650000,0.000000,0.000000,-0.0100,0.0000,0.625000,0.625000,0.150000,0.0100,False,0.5800,0.4200,False,BUY,BUY,EXECUTION_READY,VALID_SIGNAL,MEDIUM,False,
2026-05-18T00:19:12.499477+00:00,London,TRANSITIONING,26.98,0.3422,0.001000,0.650000,0.5842,0.650000,0.4158,0.650000,0.000000,0.000000,0.0100,0.0000,0.660000,0.660000,0.150000,0.0100,False,0.5700,0.4300,False,BUY,BUY,EXECUTION_READY,VALID_SIGNAL,HIGH,False,
2026-05-18T00:19:12.513194+00:00,London,TRENDING,43.03,0.8008,0.001000,0.650000,0.6301,0.650000,0.3699,0.650000,0.000000,0.000000,0.0200,0.0000,0.670000,0.670000,0.150000,0.0100,False,0.5600,0.4400,False,BUY,BUY,EXECUTION_READY,VALID_SIGNAL,HIGH,False,
2026-05-18T00:19:12.521187+00:00,London,RANGING,15.00,0.0000,0.001000,0.650000,0.5500,0.650000,0.4500,0.650000,0.000000,0.000000,-0.0100,0.0000,0.625000,0.625000,0.150000,0.0100,False,0.5800,0.4200,False,BUY,BUY,EXECUTION_READY,VALID_SIGNAL,MEDIUM,False,
2026-05-18T00:19:12.536434+00:00,London,RANGING,15.00,0.0000,0.001000,0.650000,0.5500,0.650000,0.4500,0.650000,0.000000,0.000000,-0.0100,0.0000,0.625000,0.625000,0.150000,0.0100,False,0.5800,0.4200,False,BUY,BUY,EXECUTION_READY,VALID_SIGNAL,MEDIUM,False,
2026-05-18T00:19:12.549880+00:00,London,RANGING,15.00,0.0000,0.001000,0.650000,0.5500,0.650000,0.4500,0.650000,0.000000,0.000000,-0.0100,0.0000,0.625000,0.625000,0.150000,0.0100,False,0.5800,0.4200,False,BUY,BUY,EXECUTION_READY,VALID_SIGNAL,MEDIUM,False,
2026-05-18T00:19:12.561888+00:00,London,TRENDING,50.00,1.0000,0.001000,0.650000,0.6500,0.650000,0.3500,0.650000,0.000000,0.000000,0.0200,0.0000,0.670000,0.670000,0.150000,0.0100,False,0.5600,0.4400,False,BUY,BUY,EXECUTION_READY,VALID_SIGNAL,HIGH,False,
2026-05-18T00:19:12.570402+00:00,London,TRANSITIONING,32.50,0.5000,0.001000,0.650000,0.6000,0.650000,0.4000,0.650000,0.000000,0.000000,0.0200,0.0000,0.670000,0.670000,0.150000,0.0100,False,0.5600,0.4400,False,BUY,BUY,EXECUTION_READY,VALID_SIGNAL,HIGH,False,
2026-05-18T00:19:12.586246+00:00,London,TRANSITIONING,31.72,0.4777,0.001000,0.650000,0.5978,0.650000,0.4022,0.650000,0.000000,0.000000,0.0100,0.0000,0.660000,0.660000,0.150000,0.0100,False,0.5600,0.4400,False,BUY,BUY,EXECUTION_READY,VALID_SIGNAL,HIGH,False,
2026-05-18T00:19:12.597862+00:00,London,RANGING,15.00,0.0000,0.001000,0.650000,0.5500,0.650000,0.4500,0.650000,0.000000,0.000000,-0.0100,0.0000,0.625000,0.625000,0.150000,0.0100,False,0.5800,0.4200,False,BUY,BUY,EXECUTION_READY,VALID_SIGNAL,MEDIUM,False,
2026-05-18T00:19:12.606760+00:00,London,RANGING,15.00,0.0001,0.001000,0.650000,0.5500,0.650000,0.4500,0.650000,0.000000,0.000000,-0.0100,0.0000,0.625006,0.625006,0.150000,0.0100,False,0.5800,0.4200,False,BUY,BUY,EXECUTION_READY,VALID_SIGNAL,MEDIUM,False,
2026-05-18T00:19:12.620089+00:00,London,RANGING,15.00,0.0000,0.001000,0.650000,0.5500,0.650000,0.4500,0.650000,0.000000,0.000000,-0.0100,0.0000,0.625000,0.625000,0.150000,0.0100,False,0.5800,0.4200,False,BUY,BUY,EXECUTION_READY,VALID_SIGNAL,MEDIUM,False,
2026-05-18T00:19:12.633288+00:00,London,RANGING,16.82,0.0520,0.001000,0.650000,0.5552,0.650000,0.4448,0.650000,0.000000,0.000000,-0.0100,0.0000,0.640000,0.640000,0.150000,0.0100,False,0.5800,0.4200,False,BUY,BUY,EXECUTION_READY,VALID_SIGNAL,MEDIUM,False,
2026-05-18T00:19:12.649485+00:00,London,RANGING,15.57,0.0163,0.001000,0.650000,0.5516,0.650000,0.4484,0.650000,0.000000,0.000000,-0.0100,0.0000,0.626628,0.626628,0.150000,0.0100,False,0.5800,0.4200,False,BUY,BUY,EXECUTION_READY,VALID_SIGNAL,MEDIUM,False,
2026-05-18T00:19:12.660893+00:00,London,RANGING,21.68,0.1909,0.001000,0.650000,0.5691,0.650000,0.4309,0.650000,0.000000,0.000000,-0.0100,0.0000,0.640000,0.640000,0.150000,0.0100,False,0.5800,0.4200,False,BUY,BUY,EXECUTION_READY,VALID_SIGNAL,MEDIUM,False,
2026-05-18T00:19:12.684292+00:00,London,RANGING,15.00,0.0000,0.001000,0.650000,0.5500,0.650000,0.4500,0.650000,0.000000,0.000000,-0.0100,0.0000,0.625001,0.625001,0.150000,0.0100,False,0.5800,0.4200,False,BUY,BUY,EXECUTION_READY,VALID_SIGNAL,MEDIUM,False,
2026-05-18T00:19:12.701876+00:00,London,TRENDING,49.15,0.9757,0.001000,0.650000,0.6476,0.650000,0.3524,0.650000,0.000000,0.000000,0.0200,0.0000,0.670000,0.670000,0.150000,0.0100,False,0.5600,0.4400,False,BUY,BUY,EXECUTION_READY,VALID_SIGNAL,HIGH,False,
2026-05-18T00:19:12.714961+00:00,London,TRANSITIONING,26.67,0.3333,0.001000,0.650000,0.5833,0.650000,0.4167,0.650000,0.000000,0.000000,0.0100,0.0000,0.660000,0.660000,0.150000,0.0100,False,0.5700,0.4300,False,BUY,BUY,EXECUTION_READY,VALID_SIGNAL,HIGH,False,
2026-05-18T00:19:12.730060+00:00,London,TRENDING,48.05,0.9443,0.001000,0.650000,0.6444,0.650000,0.3556,0.650000,0.000000,0.000000,0.0200,0.0000,0.670000,0.670000,0.150000,0.0100,False,0.5600,0.4400,False,BUY,BUY,EXECUTION_READY,VALID_SIGNAL,HIGH,False,
2026-05-18T00:19:12.737943+00:00,London,RANGING,15.00,0.0000,0.001000,0.650000,0.5500,0.650000,0.4500,0.650000,0.000000,0.000000,-0.0100,0.0000,0.625000,0.625000,0.150000,0.0100,False,0.5800,0.4200,False,BUY,BUY,EXECUTION_READY,VALID_SIGNAL,MEDIUM,False,
2026-05-18T00:19:12.754347+00:00,London,TRENDING,49.54,0.9869,0.001000,0.650000,0.6487,0.650000,0.3513,0.650000,0.000000,0.000000,0.0200,0.0000,0.670000,0.670000,0.150000,0.0100,False,0.5600,0.4400,False,BUY,BUY,EXECUTION_READY,VALID_SIGNAL,HIGH,False,
2026-05-18T00:19:12.768478+00:00,London,TRENDING,42.06,0.7733,0.001000,0.650000,0.6273,0.650000,0.3727,0.650000,0.000000,0.000000,0.0200,0.0000,0.670000,0.670000,0.150000,0.0100,False,0.5600,0.4400,False,BUY,BUY,EXECUTION_READY,VALID_SIGNAL,HIGH,False,
2026-05-18T00:19:12.779607+00:00,London,RANGING,17.21,0.0632,0.001000,0.650000,0.5563,0.650000,0.4437,0.650000,0.000000,0.000000,-0.0100,0.0000,0.640000,0.640000,0.150000,0.0100,False,0.5800,0.4200,False,BUY,BUY,EXECUTION_READY,VALID_SIGNAL,MEDIUM,False,
2026-05-18T00:19:12.798243+00:00,London,RANGING,15.00,0.0000,0.001000,0.650000,0.5500,0.650000,0.4500,0.650000,0.000000,0.000000,-0.0100,0.0000,0.625000,0.625000,0.150000,0.0100,False,0.5800,0.4200,False,BUY,BUY,EXECUTION_READY,VALID_SIGNAL,MEDIUM,False,
2026-05-18T00:19:12.804984+00:00,London,RANGING,15.00,0.0000,0.001000,0.650000,0.5500,0.650000,0.4500,0.650000,0.000000,0.000000,-0.0100,0.0000,0.625000,0.625000,0.150000,0.0100,False,0.5800,0.4200,False,BUY,BUY,EXECUTION_READY,VALID_SIGNAL,MEDIUM,False,
2026-05-18T00:19:12.820683+00:00,London,TRENDING,38.20,0.6630,0.001000,0.650000,0.6163,0.650000,0.3837,0.650000,0.000000,0.000000,0.0200,0.0000,0.670000,0.670000,0.150000,0.0100,False,0.5600,0.4400,False,BUY,BUY,EXECUTION_READY,VALID_SIGNAL,HIGH,False,
2026-05-18T00:19:12.831971+00:00,London,TRENDING,44.16,0.8330,0.001000,0.650000,0.6333,0.650000,0.3667,0.650000,0.000000,0.000000,0.0200,0.0000,0.670000,0.670000,0.150000,0.0100,False,0.5600,0.4400,False,BUY,BUY,EXECUTION_READY,VALID_SIGNAL,HIGH,False,
2026-05-18T00:19:12.838301+00:00,London,TRENDING,44.03,0.8295,0.001000,0.650000,0.6330,0.650000,0.3670,0.650000,0.000000,0.000000,0.0200,0.0000,0.670000,0.670000,0.150000,0.0100,False,0.5600,0.4400,False,BUY,BUY,EXECUTION_READY,VALID_SIGNAL,HIGH,False,
2026-05-18T00:19:12.852855+00:00,London,TRANSITIONING,27.06,0.3445,0.001000,0.650000,0.5844,0.650000,0.4156,0.650000,0.000000,0.000000,0.0100,0.0000,0.660000,0.660000,0.150000,0.0100,False,0.5700,0.4300,False,BUY,BUY,EXECUTION_READY,VALID_SIGNAL,HIGH,False,
2026-05-18T00:19:12.869906+00:00,London,RANGING,19.82,0.1378,0.001000,0.650000,0.5638,0.650000,0.4362,0.650000,0.000000,0.000000,-0.0100,0.0000,0.640000,0.640000,0.150000,0.0100,False,0.5800,0.4200,False,BUY,BUY,EXECUTION_READY,VALID_SIGNAL,MEDIUM,False,
2026-05-18T00:19:12.879566+00:00,London,TRENDING,40.31,0.7231,0.001000,0.650000,0.6223,0.650000,0.3777,0.650000,0.000000,0.000000,0.0200,0.0000,0.670000,0.670000,0.150000,0.0100,False,0.5600,0.4400,False,BUY,BUY,EXECUTION_READY,VALID_SIGNAL,HIGH,False,
2026-05-18T00:19:12.886780+00:00,London,RANGING,15.00,0.0000,0.001000,0.650000,0.5500,0.650000,0.4500,0.650000,0.000000,0.000000,-0.0100,0.0000,0.625000,0.625000,0.150000,0.0100,False,0.5800,0.4200,False,BUY,BUY,EXECUTION_READY,VALID_SIGNAL,MEDIUM,False,
2026-05-18T00:19:12.912273+00:00,London,RANGING,15.00,0.0000,0.001000,0.650000,0.5500,0.650000,0.4500,0.650000,0.000000,0.000000,-0.0100,0.0000,0.625000,0.625000,0.150000,0.0100,False,0.5800,0.4200,False,BUY,BUY,EXECUTION_READY,VALID_SIGNAL,MEDIUM,False,
2026-05-18T00:19:12.931130+00:00,London,RANGING,15.00,0.0000,0.001000,0.650000,0.5500,0.650000,0.4500,0.650000,0.000000,0.000000,-0.0100,0.0000,0.625000,0.625000,0.150000,0.0100,False,0.5800,0.4200,False,BUY,BUY,EXECUTION_READY,VALID_SIGNAL,MEDIUM,False,
2026-05-18T00:19:12.938548+00:00,London,TRENDING,38.15,0.6613,0.001000,0.650000,0.6161,0.650000,0.3839,0.650000,0.000000,0.000000,0.0200,0.0000,0.670000,0.670000,0.150000,0.0100,False,0.5600,0.4400,False,BUY,BUY,EXECUTION_READY,VALID_SIGNAL,HIGH,False,
2026-05-18T00:19:12.954565+00:00,London,TRANSITIONING,23.88,0.2536,0.001000,0.650000,0.5754,0.650000,0.4246,0.650000,0.000000,0.000000,-0.0100,0.0000,0.640000,0.640000,0.150000,0.0100,False,0.5700,0.4300,False,BUY,BUY,EXECUTION_READY,VALID_SIGNAL,MEDIUM,False,
2026-05-18T00:19:12.963842+00:00,London,TRANSITIONING,34.77,0.5649,0.001000,0.650000,0.6065,0.650000,0.3935,0.650000,0.000000,0.000000,0.0200,0.0000,0.670000,0.670000,0.150000,0.0100,False,0.5600,0.4400,False,BUY,BUY,EXECUTION_READY,VALID_SIGNAL,HIGH,False,
2026-05-18T00:19:12.971359+00:00,London,TRENDING,50.00,1.0000,0.001000,0.650000,0.6500,0.650000,0.3500,0.650000,0.000000,0.000000,0.0200,0.0000,0.670000,0.670000,0.150000,0.0100,False,0.5600,0.4400,False,BUY,BUY,EXECUTION_READY,VALID_SIGNAL,HIGH,False,
2026-05-18T00:19:12.985423+00:00,London,TRENDING,43.42,0.8121,0.001000,0.650000,0.6312,0.650000,0.3688,0.650000,0.000000,0.000000,0.0200,0.0000,0.670000,0.670000,0.150000,0.0100,False,0.5600,0.4400,False,BUY,BUY,EXECUTION_READY,VALID_SIGNAL,HIGH,False,
2026-05-18T00:19:12.995128+00:00,London,RANGING,19.15,0.1184,0.001000,0.650000,0.5618,0.650000,0.4382,0.650000,0.000000,0.000000,-0.0100,0.0000,0.640000,0.640000,0.150000,0.0100,False,0.5800,0.4200,False,BUY,BUY,EXECUTION_READY,VALID_SIGNAL,MEDIUM,False,
2026-05-18T00:19:13.005639+00:00,London,RANGING,15.00,0.0000,0.001000,0.650000,0.5500,0.650000,0.4500,0.650000,0.000000,0.000000,-0.0100,0.0000,0.625000,0.625000,0.150000,0.0100,False,0.5800,0.4200,False,BUY,BUY,EXECUTION_READY,VALID_SIGNAL,MEDIUM,False,
2026-05-18T00:19:13.015321+00:00,London,TRANSITIONING,31.18,0.4623,0.001000,0.650000,0.5962,0.650000,0.4038,0.650000,0.000000,0.000000,0.0100,0.0000,0.660000,0.660000,0.150000,0.0100,False,0.5600,0.4400,False,BUY,BUY,EXECUTION_READY,VALID_SIGNAL,HIGH,False,
2026-05-18T00:19:13.028845+00:00,London,RANGING,15.00,0.0000,0.001000,0.650000,0.5500,0.650000,0.4500,0.650000,0.000000,0.000000,-0.0100,0.0000,0.625000,0.625000,0.150000,0.0100,False,0.5800,0.4200,False,BUY,BUY,EXECUTION_READY,VALID_SIGNAL,MEDIUM,False,
2026-05-18T00:19:13.038004+00:00,London,RANGING,15.13,0.0038,0.001000,0.650000,0.5504,0.650000,0.4496,0.650000,0.000000,0.000000,-0.0100,0.0000,0.625383,0.625383,0.150000,0.0100,False,0.5800,0.4200,False,BUY,BUY,EXECUTION_READY,VALID_SIGNAL,MEDIUM,False,
2026-05-18T00:19:13.073370+00:00,London,RANGING,15.00,0.0000,0.001000,0.650000,0.5500,0.650000,0.4500,0.650000,0.000000,0.000000,-0.0100,0.0000,0.625000,0.625000,0.150000,0.0100,False,0.5800,0.4200,False,BUY,BUY,EXECUTION_READY,VALID_SIGNAL,MEDIUM,False,
2026-05-18T00:19:13.088328+00:00,London,TRENDING,48.73,0.9637,0.001000,0.650000,0.6464,0.650000,0.3536,0.650000,0.000000,0.000000,0.0200,0.0000,0.670000,0.670000,0.150000,0.0100,False,0.5600,0.4400,False,BUY,BUY,EXECUTION_READY,VALID_SIGNAL,HIGH,False,
2026-05-18T00:19:13.102241+00:00,London,RANGING,15.00,0.0000,0.001000,0.650000,0.5500,0.650000,0.4500,0.650000,0.000000,0.000000,-0.0100,0.0000,0.625001,0.625001,0.150000,0.0100,False,0.5800,0.4200,False,BUY,BUY,EXECUTION_READY,VALID_SIGNAL,MEDIUM,False,
2026-05-18T00:19:13.115869+00:00,London,TRENDING,38.12,0.6606,0.001000,0.650000,0.6161,0.650000,0.3839,0.650000,0.000000,0.000000,0.0200,0.0000,0.670000,0.670000,0.150000,0.0100,False,0.5600,0.4400,False,BUY,BUY,EXECUTION_READY,VALID_SIGNAL,HIGH,False,
2026-05-18T00:19:13.130848+00:00,London,RANGING,15.00,0.0000,0.001000,0.650000,0.5500,0.650000,0.4500,0.650000,0.000000,0.000000,-0.0100,0.0000,0.625000,0.625000,0.150000,0.0100,False,0.5800,0.4200,False,BUY,BUY,EXECUTION_READY,VALID_SIGNAL,MEDIUM,False,
2026-05-18T00:19:13.147466+00:00,London,TRENDING,50.00,1.0000,0.001000,0.650000,0.6500,0.650000,0.3500,0.650000,0.000000,0.000000,0.0200,0.0000,0.670000,0.670000,0.150000,0.0100,False,0.5600,0.4400,False,BUY,BUY,EXECUTION_READY,VALID_SIGNAL,HIGH,False,
2026-05-18T00:19:13.156311+00:00,London,TRANSITIONING,28.77,0.3934,0.001000,0.650000,0.5893,0.650000,0.4107,0.650000,0.000000,0.000000,0.0100,0.0000,0.660000,0.660000,0.150000,0.0100,False,0.5600,0.4400,False,BUY,BUY,EXECUTION_READY,VALID_SIGNAL,HIGH,False,
2026-05-18T00:19:13.174512+00:00,London,RANGING,21.24,0.1784,0.001000,0.650000,0.5678,0.650000,0.4322,0.650000,0.000000,0.000000,-0.0100,0.0000,0.640000,0.640000,0.150000,0.0100,False,0.5800,0.4200,False,BUY,BUY,EXECUTION_READY,VALID_SIGNAL,MEDIUM,False,
2026-05-18T00:19:13.188359+00:00,London,RANGING,15.00,0.0000,0.001000,0.650000,0.5500,0.650000,0.4500,0.650000,0.000000,0.000000,-0.0100,0.0000,0.625000,0.625000,0.150000,0.0100,False,0.5800,0.4200,False,BUY,BUY,EXECUTION_READY,VALID_SIGNAL,MEDIUM,False,
2026-05-18T00:19:13.203552+00:00,London,RANGING,15.00,0.0000,0.001000,0.650000,0.5500,0.650000,0.4500,0.650000,0.000000,0.000000,-0.0100,0.0000,0.625000,0.625000,0.150000,0.0100,False,0.5800,0.4200,False,BUY,BUY,EXECUTION_READY,VALID_SIGNAL,MEDIUM,False,
2026-05-18T00:19:13.216872+00:00,London,TRENDING,41.44,0.7555,0.001000,0.650000,0.6255,0.650000,0.3745,0.650000,0.000000,0.000000,0.0200,0.0000,0.670000,0.670000,0.150000,0.0100,False,0.5600,0.4400,False,BUY,BUY,EXECUTION_READY,VALID_SIGNAL,HIGH,False,
2026-05-18T00:19:13.228660+00:00,London,RANGING,15.00,0.0000,0.001000,0.650000,0.5500,0.650000,0.4500,0.650000,0.000000,0.000000,-0.0100,0.0000,0.625000,0.625000,0.150000,0.0100,False,0.5800,0.4200,False,BUY,BUY,EXECUTION_READY,VALID_SIGNAL,MEDIUM,False,
2026-05-18T00:19:13.242159+00:00,London,TRANSITIONING,25.97,0.3135,0.001000,0.650000,0.5813,0.650000,0.4187,0.650000,0.000000,0.000000,0.0100,0.0000,0.660000,0.660000,0.150000,0.0100,False,0.5700,0.4300,False,BUY,BUY,EXECUTION_READY,VALID_SIGNAL,HIGH,False,
2026-05-18T00:19:13.254865+00:00,London,RANGING,15.00,0.0000,0.001000,0.650000,0.5500,0.650000,0.4500,0.650000,0.000000,0.000000,-0.0100,0.0000,0.625000,0.625000,0.150000,0.0100,False,0.5800,0.4200,False,BUY,BUY,EXECUTION_READY,VALID_SIGNAL,MEDIUM,False,
2026-05-18T00:19:13.265472+00:00,London,RANGING,15.00,0.0000,0.001000,0.650000,0.5500,0.650000,0.4500,0.650000,0.000000,0.000000,-0.0100,0.0000,0.625000,0.625000,0.150000,0.0100,False,0.5800,0.4200,False,BUY,BUY,EXECUTION_READY,VALID_SIGNAL,MEDIUM,False,
2026-05-18T00:19:13.271480+00:00,London,RANGING,15.00,0.0000,0.001000,0.650000,0.5500,0.650000,0.4500,0.650000,0.000000,0.000000,-0.0100,0.0000,0.625000,0.625000,0.150000,0.0100,False,0.5800,0.4200,False,BUY,BUY,EXECUTION_READY,VALID_SIGNAL,MEDIUM,False,
2026-05-18T00:19:13.287807+00:00,London,TRANSITIONING,26.67,0.3333,0.001000,0.650000,0.5833,0.650000,0.4167,0.650000,0.000000,0.000000,0.0100,0.0000,0.660000,0.660000,0.150000,0.0100,False,0.5700,0.4300,False,BUY,BUY,EXECUTION_READY,VALID_SIGNAL,HIGH,False,
2026-05-18T00:19:13.298874+00:00,London,RANGING,15.00,0.0000,0.001000,0.650000,0.5500,0.650000,0.4500,0.650000,0.000000,0.000000,-0.0100,0.0000,0.625000,0.625000,0.150000,0.0100,False,0.5800,0.4200,False,BUY,BUY,EXECUTION_READY,VALID_SIGNAL,MEDIUM,False,
2026-05-18T00:19:13.308752+00:00,London,RANGING,15.00,0.0000,0.001000,0.650000,0.5500,0.650000,0.4500,0.650000,0.000000,0.000000,-0.0100,0.0000,0.625000,0.625000,0.150000,0.0100,False,0.5800,0.4200,False,BUY,BUY,EXECUTION_READY,VALID_SIGNAL,MEDIUM,False,
2026-05-18T00:19:13.324649+00:00,London,RANGING,15.00,0.0000,0.001000,0.650000,0.5500,0.650000,0.4500,0.650000,0.000000,0.000000,-0.0100,0.0000,0.625000,0.625000,0.150000,0.0100,False,0.5800,0.4200,False,BUY,BUY,EXECUTION_READY,VALID_SIGNAL,MEDIUM,False,
2026-05-18T00:19:13.335765+00:00,London,RANGING,15.00,0.0000,0.001000,0.650000,0.5500,0.650000,0.4500,0.650000,0.000000,0.000000,-0.0100,0.0000,0.625000,0.625000,0.150000,0.0100,False,0.5800,0.4200,False,BUY,BUY,EXECUTION_READY,VALID_SIGNAL,MEDIUM,False,
2026-05-18T00:19:13.338687+00:00,London,TRANSITIONING,32.50,0.5000,0.001000,0.650000,0.6000,0.650000,0.4000,0.650000,0.000000,0.000000,0.0200,0.0000,0.670000,0.670000,0.150000,0.0100,False,0.5600,0.4400,False,BUY,BUY,EXECUTION_READY,VALID_SIGNAL,HIGH,False,
2026-05-18T00:19:13.350668+00:00,London,RANGING,15.00,0.0000,0.001000,0.650000,0.5500,0.650000,0.4500,0.650000,0.000000,0.000000,-0.0100,0.0000,0.625000,0.625000,0.150000,0.0100,False,0.5800,0.4200,False,BUY,BUY,EXECUTION_READY,VALID_SIGNAL,MEDIUM,False,
2026-05-18T00:19:13.352197+00:00,London,RANGING,15.00,0.0000,0.001000,0.650000,0.5500,0.650000,0.4500,0.650000,0.000000,0.000000,-0.0100,0.0000,0.625000,0.625000,0.150000,0.0100,False,0.5800,0.4200,False,BUY,BUY,EXECUTION_READY,VALID_SIGNAL,MEDIUM,False,
2026-05-18T00:19:13.357999+00:00,London,RANGING,15.00,0.0000,0.001000,0.650000,0.5500,0.650000,0.4500,0.650000,0.000000,0.000000,-0.0100,0.0000,0.625000,0.625000,0.150000,0.0100,False,0.5800,0.4200,False,BUY,BUY,EXECUTION_READY,VALID_SIGNAL,MEDIUM,False,
2026-05-18T00:19:13.362675+00:00,London,RANGING,18.10,0.0887,0.001000,0.650000,0.5589,0.650000,0.4411,0.650000,0.000000,0.000000,-0.0100,0.0000,0.640000,0.640000,0.150000,0.0100,False,0.5800,0.4200,False,BUY,BUY,EXECUTION_READY,VALID_SIGNAL,MEDIUM,False,
2026-05-18T00:19:13.366403+00:00,London,RANGING,15.00,0.0001,0.001000,0.650000,0.5500,0.650000,0.4500,0.650000,0.000000,0.000000,-0.0100,0.0000,0.625006,0.625006,0.150000,0.0100,False,0.5800,0.4200,False,BUY,BUY,EXECUTION_READY,VALID_SIGNAL,MEDIUM,False,
2026-05-18T00:19:13.370126+00:00,London,TRANSITIONING,30.86,0.4531,0.001000,0.650000,0.5953,0.650000,0.4047,0.650000,0.000000,0.000000,0.0100,0.0000,0.660000,0.660000,0.150000,0.0100,False,0.5600,0.4400,False,BUY,BUY,EXECUTION_READY,VALID_SIGNAL,HIGH,False,
2026-05-18T00:19:13.373481+00:00,London,TRENDING,50.00,1.0000,0.001000,0.650000,0.6500,0.650000,0.3500,0.650000,0.000000,0.000000,0.0200,0.0000,0.670000,0.670000,0.150000,0.0100,False,0.5600,0.4400,False,BUY,BUY,EXECUTION_READY,VALID_SIGNAL,HIGH,False,
2026-05-18T00:19:13.378114+00:00,London,TRANSITIONING,23.94,0.2554,0.001000,0.650000,0.5755,0.650000,0.4245,0.650000,0.000000,0.000000,-0.0100,0.0000,0.640000,0.640000,0.150000,0.0100,False,0.5700,0.4300,False,BUY,BUY,EXECUTION_READY,VALID_SIGNAL,MEDIUM,False,
2026-05-18T00:19:13.381997+00:00,London,RANGING,15.24,0.0069,0.001000,0.650000,0.5507,0.650000,0.4493,0.650000,0.000000,0.000000,-0.0100,0.0000,0.625689,0.625689,0.150000,0.0100,False,0.5800,0.4200,False,BUY,BUY,EXECUTION_READY,VALID_SIGNAL,MEDIUM,False,
2026-05-18T00:19:13.384024+00:00,London,TRANSITIONING,34.46,0.5559,0.001000,0.650000,0.6056,0.650000,0.3944,0.650000,0.000000,0.000000,0.0200,0.0000,0.670000,0.670000,0.150000,0.0100,False,0.5600,0.4400,False,BUY,BUY,EXECUTION_READY,VALID_SIGNAL,HIGH,False,
2026-05-18T00:19:13.388271+00:00,London,TRENDING,41.92,0.7690,0.001000,0.650000,0.6269,0.650000,0.3731,0.650000,0.000000,0.000000,0.0200,0.0000,0.670000,0.670000,0.150000,0.0100,False,0.5600,0.4400,False,BUY,BUY,EXECUTION_READY,VALID_SIGNAL,HIGH,False,
2026-05-18T00:19:13.390964+00:00,London,RANGING,18.01,0.0859,0.001000,0.650000,0.5586,0.650000,0.4414,0.650000,0.000000,0.000000,-0.0100,0.0000,0.640000,0.640000,0.150000,0.0100,False,0.5800,0.4200,False,BUY,BUY,EXECUTION_READY,VALID_SIGNAL,MEDIUM,False,
2026-05-18T00:19:13.395923+00:00,London,RANGING,15.00,0.0000,0.001000,0.650000,0.5500,0.650000,0.4500,0.650000,0.000000,0.000000,-0.0100,0.0000,0.625000,0.625000,0.150000,0.0100,False,0.5800,0.4200,False,BUY,BUY,EXECUTION_READY,VALID_SIGNAL,MEDIUM,False,
2026-05-18T00:19:13.400407+00:00,London,TRENDING,41.85,0.7670,0.001000,0.650000,0.6267,0.650000,0.3733,0.650000,0.000000,0.000000,0.0200,0.0000,0.670000,0.670000,0.150000,0.0100,False,0.5600,0.4400,False,BUY,BUY,EXECUTION_READY,VALID_SIGNAL,HIGH,False,
2026-05-18T00:19:13.402261+00:00,London,RANGING,17.31,0.0660,0.001000,0.650000,0.5566,0.650000,0.4434,0.650000,0.000000,0.000000,-0.0100,0.0000,0.640000,0.640000,0.150000,0.0100,False,0.5800,0.4200,False,BUY,BUY,EXECUTION_READY,VALID_SIGNAL,MEDIUM,False,
2026-05-18T00:19:13.405734+00:00,London,TRANSITIONING,28.57,0.3876,0.001000,0.650000,0.5888,0.650000,0.4112,0.650000,0.000000,0.000000,0.0100,0.0000,0.660000,0.660000,0.150000,0.0100,False,0.5600,0.4400,False,BUY,BUY,EXECUTION_READY,VALID_SIGNAL,HIGH,False,
2026-05-18T00:19:13.412579+00:00,London,RANGING,15.00,0.0000,0.001000,0.650000,0.5500,0.650000,0.4500,0.650000,0.000000,0.000000,-0.0100,0.0000,0.625000,0.625000,0.150000,0.0100,False,0.5800,0.4200,False,BUY,BUY,EXECUTION_READY,VALID_SIGNAL,MEDIUM,False,
2026-05-18T00:19:13.416256+00:00,London,TRENDING,50.00,1.0000,0.001000,0.650000,0.6500,0.650000,0.3500,0.650000,0.000000,0.000000,0.0200,0.0000,0.670000,0.670000,0.150000,0.0100,False,0.5600,0.4400,False,BUY,BUY,EXECUTION_READY,VALID_SIGNAL,HIGH,False,
2026-05-18T00:19:13.419119+00:00,London,TRENDING,46.34,0.8955,0.001000,0.650000,0.6395,0.650000,0.3605,0.650000,0.000000,0.000000,0.0200,0.0000,0.670000,0.670000,0.150000,0.0100,False,0.5600,0.4400,False,BUY,BUY,EXECUTION_READY,VALID_SIGNAL,HIGH,False,
2026-05-18T00:19:13.423276+00:00,London,TRENDING,48.91,0.9689,0.001000,0.650000,0.6469,0.650000,0.3531,0.650000,0.000000,0.000000,0.0200,0.0000,0.670000,0.670000,0.150000,0.0100,False,0.5600,0.4400,False,BUY,BUY,EXECUTION_READY,VALID_SIGNAL,HIGH,False,
2026-05-18T00:19:13.430884+00:00,London,RANGING,15.00,0.0000,0.001000,0.650000,0.5500,0.650000,0.4500,0.650000,0.000000,0.000000,-0.0100,0.0000,0.625000,0.625000,0.150000,0.0100,False,0.5800,0.4200,False,BUY,BUY,EXECUTION_READY,VALID_SIGNAL,MEDIUM,False,
2026-05-18T00:19:13.433346+00:00,London,TRANSITIONING,34.55,0.5586,0.001000,0.650000,0.6059,0.650000,0.3941,0.650000,0.000000,0.000000,0.0200,0.0000,0.670000,0.670000,0.150000,0.0100,False,0.5600,0.4400,False,BUY,BUY,EXECUTION_READY,VALID_SIGNAL,HIGH,False,
2026-05-18T00:19:13.435649+00:00,London,RANGING,15.00,0.0000,0.001000,0.650000,0.5500,0.650000,0.4500,0.650000,0.000000,0.000000,-0.0100,0.0000,0.625000,0.625000,0.150000,0.0100,False,0.5800,0.4200,False,BUY,BUY,EXECUTION_READY,VALID_SIGNAL,MEDIUM,False,
2026-05-18T00:19:13.439394+00:00,London,RANGING,15.00,0.0000,0.001000,0.650000,0.5500,0.650000,0.4500,0.650000,0.000000,0.000000,-0.0100,0.0000,0.625000,0.625000,0.150000,0.0100,False,0.5800,0.4200,False,BUY,BUY,EXECUTION_READY,VALID_SIGNAL,MEDIUM,False,
2026-05-18T00:19:13.442071+00:00,London,TRANSITIONING,25.26,0.2932,0.001000,0.650000,0.5793,0.650000,0.4207,0.650000,0.000000,0.000000,-0.0100,0.0000,0.640000,0.640000,0.150000,0.0100,False,0.5700,0.4300,False,BUY,BUY,EXECUTION_READY,VALID_SIGNAL,MEDIUM,False,
2026-05-18T00:19:13.447282+00:00,London,TRANSITIONING,34.15,0.5471,0.001000,0.650000,0.6047,0.650000,0.3953,0.650000,0.000000,0.000000,0.0200,0.0000,0.670000,0.670000,0.150000,0.0100,False,0.5600,0.4400,False,BUY,BUY,EXECUTION_READY,VALID_SIGNAL,HIGH,False,
2026-05-18T00:19:13.449313+00:00,London,RANGING,15.00,0.0000,0.001000,0.650000,0.5500,0.650000,0.4500,0.650000,0.000000,0.000000,-0.0100,0.0000,0.625000,0.625000,0.150000,0.0100,False,0.5800,0.4200,False,BUY,BUY,EXECUTION_READY,VALID_SIGNAL,MEDIUM,False,
2026-05-18T00:19:13.452727+00:00,London,RANGING,15.00,0.0000,0.001000,0.650000,0.5500,0.650000,0.4500,0.650000,0.000000,0.000000,-0.0100,0.0000,0.625000,0.625000,0.150000,0.0100,False,0.5800,0.4200,False,BUY,BUY,EXECUTION_READY,VALID_SIGNAL,MEDIUM,False,
2026-05-18T00:19:14.774991+00:00,Pacific,RANGING,18.50,0.1000,0.001000,0.800000,0.5600,0.700000,0.4400,0.756000,0.100000,0.030000,0.0000,0.0000,0.726000,0.726000,0.226000,0.0100,False,0.5800,0.4200,False,BUY,BUY,EXECUTION_READY,VALID_SIGNAL,HIGH,False,
2026-05-18T00:19:14.784630+00:00,London,RANGING,18.50,0.1000,0.001000,0.650000,0.5600,0.650000,0.4400,0.650000,0.000000,0.000000,-0.0100,0.0000,0.640000,0.640000,0.150000,0.0100,False,0.6200,0.3800,False,BUY,BUY,EXECUTION_READY,VALID_SIGNAL,MEDIUM,False,
2026-05-18T00:19:14.786625+00:00,London,TRANSITIONING,25.50,0.3000,0.001000,0.650000,0.5800,0.650000,0.4200,0.650000,0.000000,0.000000,0.0100,0.0000,0.660000,0.660000,0.150000,0.0100,False,0.6200,0.3800,False,BUY,BUY,EXECUTION_READY,VALID_SIGNAL,HIGH,False,
2026-05-18T00:19:14.790277+00:00,London,TRANSITIONING,32.50,0.5000,0.001000,0.650000,0.6000,0.650000,0.4000,0.650000,0.000000,0.000000,0.0200,0.0000,0.670000,0.670000,0.150000,0.0100,False,0.6200,0.3800,False,BUY,BUY,EXECUTION_READY,VALID_SIGNAL,HIGH,False,
2026-05-18T00:19:14.793005+00:00,London,TRENDING,43.00,0.8000,0.001000,0.650000,0.6300,0.650000,0.3700,0.650000,0.000000,0.000000,0.0200,0.0000,0.670000,0.670000,0.150000,0.0100,False,0.6200,0.3800,False,BUY,BUY,EXECUTION_READY,VALID_SIGNAL,HIGH,False,
2026-05-18T00:19:23.609527+00:00,London,TRANSITIONING,25.00,0.2857,0.001000,0.700000,0.5786,0.500000,0.4214,0.615714,0.200000,0.060000,-0.0100,-0.0098,0.535882,0.535882,0.055714,0.0100,False,0.5700,0.4300,False,HOLD,BUY,THRESHOLD_CHECK,BELOW_THRESHOLD,LOW,False,HOLD: Final 0.5359 between BUY>0.5700 and SELL<0.4300
2026-05-18T00:19:23.617580+00:00,London,TRANSITIONING,25.00,0.2857,0.001000,0.285714,0.5786,0.500000,0.4214,0.376020,0.214286,0.064286,-0.0100,-0.0098,0.420474,0.420474,0.059694,0.0100,False,0.5700,0.4300,False,SELL,SELL,EXECUTION_READY,VALID_SIGNAL,LOW,False,
2026-05-18T00:19:23.618578+00:00,London,RF_NOISE,25.00,0.2857,0.001000,0.439716,0.5500,0.500000,0.4500,0.500000,0.060284,0.000000,0.0000,0.0000,0.500000,0.500000,0.000000,0.0000,False,0.6000,0.4000,False,HOLD,NONE,SCORE_FLOOR,RF_NOISE_ZONE,LOW,False,"RF_NOISE_GATE: rf_prob=0.5000 in [0.4, 0.6]"
2026-05-18T00:19:23.630787+00:00,London,RF_NOISE,25.00,0.2857,0.001000,0.473684,0.5500,0.500000,0.4500,0.500000,0.026316,0.000000,0.0000,0.0000,0.500000,0.500000,0.000000,0.0000,False,0.6000,0.4000,False,HOLD,NONE,SCORE_FLOOR,RF_NOISE_ZONE,LOW,False,"RF_NOISE_GATE: rf_prob=0.5000 in [0.4, 0.6]"
2026-05-18T00:19:23.632849+00:00,London,RF_NOISE,25.00,0.2857,0.001000,0.439716,0.5500,0.500000,0.4500,0.500000,0.060284,0.000000,0.0000,0.0000,0.500000,0.500000,0.000000,0.0000,False,0.6000,0.4000,False,HOLD,NONE,SCORE_FLOOR,RF_NOISE_ZONE,LOW,False,"RF_NOISE_GATE: rf_prob=0.5000 in [0.4, 0.6]"
2026-05-18T00:19:23.633847+00:00,London,RF_NOISE,25.00,0.2857,0.001000,0.435294,0.5500,0.500000,0.4500,0.500000,0.064706,0.000000,0.0000,0.0000,0.500000,0.500000,0.000000,0.0000,False,0.6000,0.4000,False,HOLD,NONE,SCORE_FLOOR,RF_NOISE_ZONE,LOW,False,"RF_NOISE_GATE: rf_prob=0.5000 in [0.4, 0.6]"
2026-05-18T00:19:23.636079+00:00,London,RF_NOISE,25.00,0.2857,0.001000,0.435294,0.5500,0.500000,0.4500,0.500000,0.064706,0.000000,0.0000,0.0000,0.500000,0.500000,0.000000,0.0000,False,0.6000,0.4000,False,HOLD,NONE,SCORE_FLOOR,RF_NOISE_ZONE,LOW,False,"RF_NOISE_GATE: rf_prob=0.5000 in [0.4, 0.6]"
2026-05-18T00:19:23.636079+00:00,London,RF_NOISE,25.00,0.2857,0.001000,0.439716,0.5500,0.500000,0.4500,0.500000,0.060284,0.000000,0.0000,0.0000,0.500000,0.500000,0.000000,0.0000,False,0.6000,0.4000,False,HOLD,NONE,SCORE_FLOOR,RF_NOISE_ZONE,LOW,False,"RF_NOISE_GATE: rf_prob=0.5000 in [0.4, 0.6]"
2026-05-18T00:19:23.636079+00:00,London,RF_NOISE,25.00,0.2857,0.001000,0.439716,0.5500,0.500000,0.4500,0.500000,0.060284,0.000000,0.0000,0.0000,0.500000,0.500000,0.000000,0.0000,False,0.6000,0.4000,False,HOLD,NONE,SCORE_FLOOR,RF_NOISE_ZONE,LOW,False,"RF_NOISE_GATE: rf_prob=0.5000 in [0.4, 0.6]"
2026-05-18T00:19:23.636079+00:00,London,RF_NOISE,25.00,0.2857,0.001000,0.439716,0.5500,0.500000,0.4500,0.500000,0.060284,0.000000,0.0000,0.0000,0.500000,0.500000,0.000000,0.0000,False,0.6000,0.4000,False,HOLD,NONE,SCORE_FLOOR,RF_NOISE_ZONE,LOW,False,"RF_NOISE_GATE: rf_prob=0.5000 in [0.4, 0.6]"
2026-05-18T00:19:23.636079+00:00,London,RF_NOISE,25.00,0.2857,0.001000,0.473684,0.5500,0.500000,0.4500,0.500000,0.026316,0.000000,0.0000,0.0000,0.500000,0.500000,0.000000,0.0000,False,0.6000,0.4000,False,HOLD,NONE,SCORE_FLOOR,RF_NOISE_ZONE,LOW,False,"RF_NOISE_GATE: rf_prob=0.5000 in [0.4, 0.6]"
2026-05-18T00:19:23.636079+00:00,London,RF_NOISE,25.00,0.2857,0.001000,0.439716,0.5500,0.500000,0.4500,0.500000,0.060284,0.000000,0.0000,0.0000,0.500000,0.500000,0.000000,0.0000,False,0.6000,0.4000,False,HOLD,NONE,SCORE_FLOOR,RF_NOISE_ZONE,LOW,False,"RF_NOISE_GATE: rf_prob=0.5000 in [0.4, 0.6]"
2026-05-18T00:19:23.643118+00:00,London,RF_NOISE,25.00,0.2857,0.001000,0.439716,0.5500,0.500000,0.4500,0.500000,0.060284,0.000000,0.0000,0.0000,0.500000,0.500000,0.000000,0.0000,False,0.6000,0.4000,False,HOLD,NONE,SCORE_FLOOR,RF_NOISE_ZONE,LOW,False,"RF_NOISE_GATE: rf_prob=0.5000 in [0.4, 0.6]"
2026-05-18T00:19:23.644082+00:00,London,RF_NOISE,25.00,0.2857,0.001000,0.439716,0.5500,0.500000,0.4500,0.500000,0.060284,0.000000,0.0000,0.0000,0.500000,0.500000,0.000000,0.0000,False,0.6000,0.4000,False,HOLD,NONE,SCORE_FLOOR,RF_NOISE_ZONE,LOW,False,"RF_NOISE_GATE: rf_prob=0.5000 in [0.4, 0.6]"
2026-05-18T00:19:23.644082+00:00,London,RF_NOISE,25.00,0.2857,0.001000,0.439716,0.5500,0.500000,0.4500,0.500000,0.060284,0.000000,0.0000,0.0000,0.500000,0.500000,0.000000,0.0000,False,0.6000,0.4000,False,HOLD,NONE,SCORE_FLOOR,RF_NOISE_ZONE,LOW,False,"RF_NOISE_GATE: rf_prob=0.5000 in [0.4, 0.6]"
2026-05-18T00:19:23.644082+00:00,London,RF_NOISE,25.00,0.2857,0.001000,0.435294,0.5500,0.500000,0.4500,0.500000,0.064706,0.000000,0.0000,0.0000,0.500000,0.500000,0.000000,0.0000,False,0.6000,0.4000,False,HOLD,NONE,SCORE_FLOOR,RF_NOISE_ZONE,LOW,False,"RF_NOISE_GATE: rf_prob=0.5000 in [0.4, 0.6]"
2026-05-18T00:19:23.648741+00:00,London,RF_NOISE,25.00,0.2857,0.001000,0.473684,0.5500,0.500000,0.4500,0.500000,0.026316,0.000000,0.0000,0.0000,0.500000,0.500000,0.000000,0.0000,False,0.6000,0.4000,False,HOLD,NONE,SCORE_FLOOR,RF_NOISE_ZONE,LOW,False,"RF_NOISE_GATE: rf_prob=0.5000 in [0.4, 0.6]"
2026-05-18T00:19:23.649361+00:00,London,RF_NOISE,25.00,0.2857,0.001000,0.439716,0.5500,0.500000,0.4500,0.500000,0.060284,0.000000,0.0000,0.0000,0.500000,0.500000,0.000000,0.0000,False,0.6000,0.4000,False,HOLD,NONE,SCORE_FLOOR,RF_NOISE_ZONE,LOW,False,"RF_NOISE_GATE: rf_prob=0.5000 in [0.4, 0.6]"
2026-05-18T00:19:23.650359+00:00,London,TRANSITIONING,25.00,0.2857,0.001000,0.285714,0.5786,0.500000,0.4214,0.376020,0.214286,0.064286,-0.0100,-0.0098,0.420474,0.420474,0.059694,0.0100,False,0.5700,0.4300,False,SELL,SELL,EXECUTION_READY,VALID_SIGNAL,LOW,False,
2026-05-18T00:19:23.650359+00:00,London,RF_NOISE,25.00,0.2857,0.001000,0.439716,0.5500,0.500000,0.4500,0.500000,0.060284,0.000000,0.0000,0.0000,0.500000,0.500000,0.000000,0.0000,False,0.6000,0.4000,False,HOLD,NONE,SCORE_FLOOR,RF_NOISE_ZONE,LOW,False,"RF_NOISE_GATE: rf_prob=0.5000 in [0.4, 0.6]"
2026-05-18T00:19:23.650359+00:00,London,RF_NOISE,25.00,0.2857,0.001000,0.439716,0.5500,0.500000,0.4500,0.500000,0.060284,0.000000,0.0000,0.0000,0.500000,0.500000,0.000000,0.0000,False,0.6000,0.4000,False,HOLD,NONE,SCORE_FLOOR,RF_NOISE_ZONE,LOW,False,"RF_NOISE_GATE: rf_prob=0.5000 in [0.4, 0.6]"
2026-05-18T00:19:23.650359+00:00,London,RF_NOISE,25.00,0.2857,0.001000,0.439716,0.5500,0.500000,0.4500,0.500000,0.060284,0.000000,0.0000,0.0000,0.500000,0.500000,0.000000,0.0000,False,0.6000,0.4000,False,HOLD,NONE,SCORE_FLOOR,RF_NOISE_ZONE,LOW,False,"RF_NOISE_GATE: rf_prob=0.5000 in [0.4, 0.6]"
2026-05-18T00:19:23.650359+00:00,London,RF_NOISE,25.00,0.2857,0.001000,0.473684,0.5500,0.500000,0.4500,0.500000,0.026316,0.000000,0.0000,0.0000,0.500000,0.500000,0.000000,0.0000,False,0.6000,0.4000,False,HOLD,NONE,SCORE_FLOOR,RF_NOISE_ZONE,LOW,False,"RF_NOISE_GATE: rf_prob=0.5000 in [0.4, 0.6]"
2026-05-18T00:19:23.663655+00:00,London,TRANSITIONING,25.00,0.2857,0.001000,0.285714,0.5786,0.500000,0.4214,0.376020,0.214286,0.064286,-0.0100,-0.0098,0.420474,0.420474,0.059694,0.0100,False,0.5700,0.4300,False,SELL,SELL,EXECUTION_READY,VALID_SIGNAL,LOW,False,
2026-05-18T00:19:23.663655+00:00,London,RF_NOISE,25.00,0.2857,0.001000,0.439716,0.5500,0.500000,0.4500,0.500000,0.060284,0.000000,0.0000,0.0000,0.500000,0.500000,0.000000,0.0000,False,0.6000,0.4000,False,HOLD,NONE,SCORE_FLOOR,RF_NOISE_ZONE,LOW,False,"RF_NOISE_GATE: rf_prob=0.5000 in [0.4, 0.6]"
2026-05-18T00:19:23.663655+00:00,London,RF_NOISE,25.00,0.2857,0.001000,0.473684,0.5500,0.500000,0.4500,0.500000,0.026316,0.000000,0.0000,0.0000,0.500000,0.500000,0.000000,0.0000,False,0.6000,0.4000,False,HOLD,NONE,SCORE_FLOOR,RF_NOISE_ZONE,LOW,False,"RF_NOISE_GATE: rf_prob=0.5000 in [0.4, 0.6]"
2026-05-18T00:19:23.663655+00:00,London,RF_NOISE,25.00,0.2857,0.001000,0.439716,0.5500,0.500000,0.4500,0.500000,0.060284,0.000000,0.0000,0.0000,0.500000,0.500000,0.000000,0.0000,False,0.6000,0.4000,False,HOLD,NONE,SCORE_FLOOR,RF_NOISE_ZONE,LOW,False,"RF_NOISE_GATE: rf_prob=0.5000 in [0.4, 0.6]"
2026-05-18T00:19:23.663655+00:00,London,RF_NOISE,25.00,0.2857,0.001000,0.439716,0.5500,0.500000,0.4500,0.500000,0.060284,0.000000,0.0000,0.0000,0.500000,0.500000,0.000000,0.0000,False,0.6000,0.4000,False,HOLD,NONE,SCORE_FLOOR,RF_NOISE_ZONE,LOW,False,"RF_NOISE_GATE: rf_prob=0.5000 in [0.4, 0.6]"
2026-05-19T15:00:58.187502+00:00,London,TRENDING,41.89,0.7684,0.000234,0.934783,0.6268,0.492571,0.3732,0.769767,0.442211,0.132663,0.0200,-0.0096,0.627510,0.627510,0.137104,0.0100,False,0.5600,0.4400,False,BUY,BUY,EXECUTION_READY,VALID_SIGNAL,MEDIUM,False,
2026-05-19T15:01:56.435916+00:00,London,RANGING,17.32,0.0664,0.000649,0.850746,0.5566,0.505284,0.4434,0.697581,0.345462,0.103639,-0.0100,0.0077,0.591609,0.591609,0.093943,0.0100,False,0.5800,0.4200,False,BUY,BUY,EXECUTION_READY,VALID_SIGNAL,MEDIUM,False,
2026-05-19T15:02:48.714170+00:00,London,RF_NOISE,18.67,0.1049,0.064161,0.435664,0.5500,0.533796,0.4500,0.500000,0.098133,0.000000,0.0000,0.0000,0.500000,0.500000,0.000000,0.0000,False,0.6000,0.4000,False,HOLD,NONE,SCORE_FLOOR,RF_NOISE_ZONE,LOW,False,"RF_NOISE_GATE: rf_prob=0.5338 in [0.4, 0.6]"
2026-05-19T15:03:42.380580+00:00,London,TRENDING,50.76,1.0000,7.222695,0.280206,0.6500,0.505250,0.3500,0.358971,0.225044,0.067513,0.0200,0.0075,0.460603,0.460603,0.073516,0.0100,False,0.5600,0.4400,False,HOLD,SELL,THRESHOLD_CHECK,BELOW_THRESHOLD,LOW,False,HOLD: Final 0.4606 between BUY>0.5600 and SELL<0.4400
2026-05-19T15:06:06.925103+00:00,London,TRANSITIONING,33.29,0.5225,0.000481,0.852713,0.6022,0.553631,0.3978,0.733752,0.299082,0.089725,0.0200,0.0022,0.646191,0.646191,0.144027,0.0100,False,0.5600,0.4400,False,BUY,BUY,EXECUTION_READY,VALID_SIGNAL,MEDIUM,False,
2026-05-19T15:06:57.355608+00:00,London,RANGING,17.32,0.0664,0.000636,0.850746,0.5566,0.507126,0.4434,0.698398,0.343620,0.103086,-0.0100,0.0071,0.572399,0.572399,0.095312,0.0100,False,0.5800,0.4200,False,HOLD,BUY,THRESHOLD_CHECK,BELOW_THRESHOLD,LOW,False,HOLD: Final 0.5724 between BUY>0.5800 and SELL<0.4200
2026-05-19T15:07:45.682443+00:00,London,RANGING,18.79,0.1081,0.067834,0.912621,0.5608,0.515410,0.4392,0.738172,0.397211,0.119163,-0.0100,0.0012,0.650179,0.650179,0.119009,0.0100,False,0.5800,0.4200,False,BUY,BUY,EXECUTION_READY,VALID_SIGNAL,HIGH,False,
2026-05-19T15:08:35.520395+00:00,London,TRANSITIONING,27.35,0.3527,10.207807,0.902439,0.5853,0.539975,0.4147,0.752116,0.362464,0.108739,0.0100,0.0151,0.658494,0.658494,0.143377,0.0100,False,0.5600,0.4400,False,BUY,BUY,EXECUTION_READY,VALID_SIGNAL,HIGH,False,
2026-05-19T15:11:06.367772+00:00,London,TRANSITIONING,33.43,0.5266,0.000485,0.852713,0.6027,0.553263,0.3973,0.733729,0.299450,0.089835,0.0200,0.0023,0.646234,0.646234,0.143894,0.0100,False,0.5600,0.4400,False,BUY,BUY,EXECUTION_READY,VALID_SIGNAL,MEDIUM,False,
2026-05-19T15:11:56.997629+00:00,London,RANGING,17.32,0.0664,0.000663,0.850746,0.5566,0.510530,0.4434,0.699908,0.340216,0.102065,-0.0100,0.0083,0.586179,0.586179,0.097843,0.0100,False,0.5800,0.4200,False,BUY,BUY,EXECUTION_READY,VALID_SIGNAL,MEDIUM,False,
2026-05-19T15:12:46.403615+00:00,London,RF_NOISE,18.87,0.1107,0.068442,0.477333,0.5500,0.525149,0.4500,0.500000,0.047816,0.000000,0.0000,0.0000,0.500000,0.500000,0.000000,0.0000,False,0.6000,0.4000,False,HOLD,NONE,SCORE_FLOOR,RF_NOISE_ZONE,LOW,False,"RF_NOISE_GATE: rf_prob=0.5251 in [0.4, 0.6]"
2026-05-19T15:13:35.553604+00:00,London,TRANSITIONING,27.35,0.3527,10.053270,0.902439,0.5853,0.526751,0.4147,0.746631,0.375688,0.112707,0.0100,0.0147,0.638642,0.638642,0.133925,0.0100,False,0.5600,0.4400,False,BUY,BUY,EXECUTION_READY,VALID_SIGNAL,MEDIUM,False,
2026-05-19T15:14:25.785581+00:00,London,RANGING,20.00,0.1429,0.001263,0.750000,0.5643,0.650000,0.4357,0.706429,0.100000,0.030000,-0.0100,0.0000,0.666429,0.666429,0.176429,0.0100,False,0.5800,0.4200,False,BUY,BUY,EXECUTION_READY,VALID_SIGNAL,HIGH,False,
2026-05-19T15:14:25.791690+00:00,London,RANGING,20.00,0.1429,0.001263,0.990000,0.5643,0.650000,0.4357,0.841857,0.340000,0.102000,-0.0100,0.0000,0.729857,0.729857,0.239857,0.0100,False,0.5800,0.4200,False,BUY,BUY,EXECUTION_READY,VALID_SIGNAL,HIGH,False,
2026-05-19T15:14:25.794682+00:00,London,RANGING,20.00,0.1429,0.001263,0.010000,0.5643,0.350000,0.4357,0.158143,0.340000,0.102000,-0.0100,0.0000,0.239331,0.239331,0.239857,0.0100,False,0.5800,0.4200,False,SELL,SELL,EXECUTION_READY,VALID_SIGNAL,HIGH,False,
2026-05-19T15:14:25.797673+00:00,London,RANGING,20.00,0.1429,0.001263,0.750000,0.5643,0.650000,0.4357,0.706429,0.100000,0.030000,-0.0100,0.0000,0.666429,0.666429,0.176429,0.0100,False,0.5800,0.4200,False,BUY,BUY,EXECUTION_READY,VALID_SIGNAL,HIGH,False,
2026-05-19T15:14:25.801661+00:00,London,RANGING,20.00,0.1429,0.001263,0.250000,0.5643,0.350000,0.4357,0.293571,0.100000,0.030000,-0.0100,0.0000,0.297686,0.297686,0.176429,0.0100,False,0.5800,0.4200,False,SELL,SELL,EXECUTION_READY,VALID_SIGNAL,HIGH,False,
2026-05-19T15:14:25.805755+00:00,London,RANGING,20.00,0.1429,0.001263,0.955087,0.5643,0.650000,0.4357,0.822156,0.305087,0.091526,-0.0100,0.0000,0.720630,0.720630,0.230630,0.0100,False,0.5800,0.4200,False,BUY,BUY,EXECUTION_READY,VALID_SIGNAL,HIGH,False,
2026-05-19T15:14:25.809768+00:00,London,RANGING,20.00,0.1429,0.001263,0.044913,0.5643,0.350000,0.4357,0.177844,0.305087,0.091526,-0.0100,0.0000,0.247820,0.247820,0.230630,0.0100,False,0.5800,0.4200,False,SELL,SELL,EXECUTION_READY,VALID_SIGNAL,HIGH,False,
2026-05-19T15:14:25.812760+00:00,London,RANGING,20.00,0.1429,0.001263,0.990000,0.5643,0.650000,0.4357,0.841857,0.340000,0.102000,-0.0100,0.0000,0.729857,0.729857,0.239857,0.0100,False,0.5800,0.4200,False,BUY,BUY,EXECUTION_READY,VALID_SIGNAL,HIGH,False,
2026-05-19T15:14:25.816750+00:00,London,RANGING,20.00,0.1429,0.001263,0.010000,0.5643,0.350000,0.4357,0.158143,0.340000,0.102000,-0.0100,0.0000,0.239331,0.239331,0.239857,0.0100,False,0.5800,0.4200,False,SELL,SELL,EXECUTION_READY,VALID_SIGNAL,HIGH,False,
2026-05-19T15:14:25.820896+00:00,London,RANGING,20.00,0.1429,0.001263,0.804395,0.5643,0.650000,0.4357,0.737123,0.154395,0.046319,-0.0100,0.0000,0.680804,0.680804,0.190804,0.0100,False,0.5800,0.4200,False,BUY,BUY,EXECUTION_READY,VALID_SIGNAL,HIGH,False,
2026-05-19T15:14:25.823888+00:00,London,RANGING,20.00,0.1429,0.001263,0.195605,0.5643,0.350000,0.4357,0.262877,0.154395,0.046319,-0.0100,0.0000,0.284460,0.284460,0.190804,0.0100,False,0.5800,0.4200,False,SELL,SELL,EXECUTION_READY,VALID_SIGNAL,HIGH,False,
2026-05-19T15:14:25.826880+00:00,London,RANGING,20.00,0.1429,0.001263,0.250000,0.5643,0.350000,0.4357,0.293571,0.100000,0.030000,-0.0100,0.0000,0.297686,0.297686,0.176429,0.0100,False,0.5800,0.4200,False,SELL,SELL,EXECUTION_READY,VALID_SIGNAL,HIGH,False,
2026-05-19T15:14:25.829872+00:00,London,RANGING,20.00,0.1429,0.001263,0.072210,0.5643,0.350000,0.4357,0.193247,0.277790,0.083337,-0.0100,0.0000,0.254457,0.254457,0.223416,0.0100,False,0.5800,0.4200,False,SELL,SELL,EXECUTION_READY,VALID_SIGNAL,HIGH,False,
2026-05-19T15:14:25.832864+00:00,London,RANGING,20.00,0.1429,0.001263,0.891154,0.5643,0.650000,0.4357,0.786080,0.241154,0.072346,-0.0100,0.0000,0.703733,0.703733,0.213733,0.0100,False,0.5800,0.4200,False,BUY,BUY,EXECUTION_READY,VALID_SIGNAL,HIGH,False,
2026-05-19T15:14:25.834956+00:00,London,RANGING,20.00,0.1429,0.001263,0.240851,0.5643,0.350000,0.4357,0.288409,0.109149,0.032745,-0.0100,0.0000,0.295461,0.295461,0.178846,0.0100,False,0.5800,0.4200,False,SELL,SELL,EXECUTION_READY,VALID_SIGNAL,HIGH,False,
2026-05-19T15:14:25.838973+00:00,London,RANGING,20.00,0.1429,0.001263,0.816551,0.5643,0.650000,0.4357,0.743983,0.166551,0.049965,-0.0100,0.0000,0.684017,0.684017,0.194017,0.0100,False,0.5800,0.4200,False,BUY,BUY,EXECUTION_READY,VALID_SIGNAL,HIGH,False,
2026-05-19T15:14:25.842950+00:00,London,RANGING,20.00,0.1429,0.001263,0.912548,0.5643,0.650000,0.4357,0.798152,0.262548,0.078764,-0.0100,0.0000,0.709388,0.709388,0.219388,0.0100,False,0.5800,0.4200,False,BUY,BUY,EXECUTION_READY,VALID_SIGNAL,HIGH,False,
2026-05-19T15:14:25.845954+00:00,London,RANGING,20.00,0.1429,0.001263,0.125765,0.5643,0.350000,0.4357,0.223467,0.224235,0.067271,-0.0100,0.0000,0.267479,0.267479,0.209262,0.0100,False,0.5800,0.4200,False,SELL,SELL,EXECUTION_READY,VALID_SIGNAL,HIGH,False,
2026-05-19T15:14:25.848945+00:00,London,RANGING,20.00,0.1429,0.001263,0.166238,0.5643,0.350000,0.4357,0.246306,0.183762,0.055129,-0.0100,0.0000,0.277320,0.277320,0.198566,0.0100,False,0.5800,0.4200,False,SELL,SELL,EXECUTION_READY,VALID_SIGNAL,HIGH,False,
2026-05-19T15:14:25.852034+00:00,London,RANGING,20.00,0.1429,0.001263,0.226943,0.5643,0.350000,0.4357,0.280561,0.123057,0.036917,-0.0100,0.0000,0.292080,0.292080,0.182522,0.0100,False,0.5800,0.4200,False,SELL,SELL,EXECUTION_READY,VALID_SIGNAL,HIGH,False,
2026-05-19T15:14:25.857023+00:00,London,RANGING,20.00,0.1429,0.001263,0.010328,0.5643,0.350000,0.4357,0.158328,0.339672,0.101902,-0.0100,0.0000,0.239411,0.239411,0.239770,0.0100,False,0.5800,0.4200,False,SELL,SELL,EXECUTION_READY,VALID_SIGNAL,HIGH,False,
2026-05-19T15:14:25.861011+00:00,London,RANGING,20.00,0.1429,0.001263,0.794584,0.5643,0.650000,0.4357,0.731587,0.144584,0.043375,-0.0100,0.0000,0.678211,0.678211,0.188211,0.0100,False,0.5800,0.4200,False,BUY,BUY,EXECUTION_READY,VALID_SIGNAL,HIGH,False,
2026-05-19T15:14:25.864008+00:00,London,RANGING,20.00,0.1429,0.001263,0.894377,0.5643,0.650000,0.4357,0.787899,0.244377,0.073313,-0.0100,0.0000,0.704585,0.704585,0.214585,0.0100,False,0.5800,0.4200,False,BUY,BUY,EXECUTION_READY,VALID_SIGNAL,HIGH,False,
2026-05-19T15:14:25.867162+00:00,London,RANGING,20.00,0.1429,0.001263,0.817893,0.5643,0.650000,0.4357,0.744740,0.167893,0.050368,-0.0100,0.0000,0.684372,0.684372,0.194372,0.0100,False,0.5800,0.4200,False,BUY,BUY,EXECUTION_READY,VALID_SIGNAL,HIGH,False,
2026-05-19T15:14:25.873117+00:00,London,RANGING,20.00,0.1429,0.001263,0.071602,0.5643,0.350000,0.4357,0.192904,0.278398,0.083519,-0.0100,0.0000,0.254309,0.254309,0.223577,0.0100,False,0.5800,0.4200,False,SELL,SELL,EXECUTION_READY,VALID_SIGNAL,HIGH,False,
2026-05-19T15:14:25.876107+00:00,London,RANGING,20.00,0.1429,0.001263,0.167449,0.5643,0.350000,0.4357,0.246989,0.182551,0.054765,-0.0100,0.0000,0.277614,0.277614,0.198246,0.0100,False,0.5800,0.4200,False,SELL,SELL,EXECUTION_READY,VALID_SIGNAL,HIGH,False,
2026-05-19T15:14:25.880096+00:00,London,RANGING,20.00,0.1429,0.001263,0.818643,0.5643,0.650000,0.4357,0.745163,0.168643,0.050593,-0.0100,0.0000,0.684570,0.684570,0.194570,0.0100,False,0.5800,0.4200,False,BUY,BUY,EXECUTION_READY,VALID_SIGNAL,HIGH,False,
2026-05-19T15:14:25.883201+00:00,London,RANGING,20.00,0.1429,0.001263,0.932304,0.5643,0.650000,0.4357,0.809300,0.282304,0.084691,-0.0100,0.0000,0.714609,0.714609,0.224609,0.0100,False,0.5800,0.4200,False,BUY,BUY,EXECUTION_READY,VALID_SIGNAL,HIGH,False,
2026-05-19T15:14:25.890170+00:00,London,RANGING,20.00,0.1429,0.001263,0.250000,0.5643,0.350000,0.4357,0.293571,0.100000,0.030000,-0.0100,0.0000,0.297686,0.297686,0.176429,0.0100,False,0.5800,0.4200,False,SELL,SELL,EXECUTION_READY,VALID_SIGNAL,HIGH,False,
2026-05-19T15:14:25.893149+00:00,London,RANGING,20.00,0.1429,0.001263,0.155060,0.5643,0.350000,0.4357,0.239998,0.194940,0.058482,-0.0100,0.0000,0.274602,0.274602,0.201520,0.0100,False,0.5800,0.4200,False,SELL,SELL,EXECUTION_READY,VALID_SIGNAL,HIGH,False,
2026-05-19T15:14:25.897225+00:00,London,RANGING,20.00,0.1429,0.001263,0.227948,0.5643,0.350000,0.4357,0.281128,0.122052,0.036616,-0.0100,0.0000,0.292324,0.292324,0.182257,0.0100,False,0.5800,0.4200,False,SELL,SELL,EXECUTION_READY,VALID_SIGNAL,HIGH,False,
2026-05-19T15:14:25.900219+00:00,London,RANGING,20.00,0.1429,0.001263,0.187666,0.5643,0.350000,0.4357,0.258397,0.162334,0.048700,-0.0100,0.0000,0.282530,0.282530,0.192903,0.0100,False,0.5800,0.4200,False,SELL,SELL,EXECUTION_READY,VALID_SIGNAL,HIGH,False,
2026-05-19T15:14:25.905205+00:00,London,RANGING,20.00,0.1429,0.001263,0.100787,0.5643,0.350000,0.4357,0.209373,0.249213,0.074764,-0.0100,0.0000,0.261406,0.261406,0.215863,0.0100,False,0.5800,0.4200,False,SELL,SELL,EXECUTION_READY,VALID_SIGNAL,HIGH,False,
2026-05-19T15:14:25.909219+00:00,London,RANGING,20.00,0.1429,0.001263,0.170231,0.5643,0.350000,0.4357,0.248559,0.179769,0.053931,-0.0100,0.0000,0.278290,0.278290,0.197510,0.0100,False,0.5800,0.4200,False,SELL,SELL,EXECUTION_READY,VALID_SIGNAL,HIGH,False,
2026-05-19T15:14:25.913381+00:00,London,RANGING,20.00,0.1429,0.001263,0.863306,0.5643,0.650000,0.4357,0.770365,0.213306,0.063992,-0.0100,0.0000,0.696374,0.696374,0.206374,0.0100,False,0.5800,0.4200,False,BUY,BUY,EXECUTION_READY,VALID_SIGNAL,HIGH,False,
2026-05-19T15:14:25.916374+00:00,London,RANGING,20.00,0.1429,0.001263,0.028787,0.5643,0.350000,0.4357,0.168744,0.321213,0.096364,-0.0100,0.0000,0.243899,0.243899,0.234892,0.0100,False,0.5800,0.4200,False,SELL,SELL,EXECUTION_READY,VALID_SIGNAL,HIGH,False,
2026-05-19T15:14:25.920363+00:00,London,RANGING,20.00,0.1429,0.001263,0.043297,0.5643,0.350000,0.4357,0.176932,0.306703,0.092011,-0.0100,0.0000,0.247427,0.247427,0.231057,0.0100,False,0.5800,0.4200,False,SELL,SELL,EXECUTION_READY,VALID_SIGNAL,HIGH,False,
2026-05-19T15:14:25.927375+00:00,London,RANGING,20.00,0.1429,0.001263,0.250000,0.5643,0.350000,0.4357,0.293571,0.100000,0.030000,-0.0100,0.0000,0.297686,0.297686,0.176429,0.0100,False,0.5800,0.4200,False,SELL,SELL,EXECUTION_READY,VALID_SIGNAL,HIGH,False,
2026-05-19T15:14:25.933539+00:00,London,RANGING,20.00,0.1429,0.001263,0.900669,0.5643,0.650000,0.4357,0.791449,0.250669,0.075201,-0.0100,0.0000,0.706248,0.706248,0.216248,0.0100,False,0.5800,0.4200,False,BUY,BUY,EXECUTION_READY,VALID_SIGNAL,HIGH,False,
2026-05-19T15:14:25.939520+00:00,London,RANGING,20.00,0.1429,0.001263,0.079951,0.5643,0.350000,0.4357,0.197615,0.270049,0.081015,-0.0100,0.0000,0.256339,0.256339,0.221370,0.0100,False,0.5800,0.4200,False,SELL,SELL,EXECUTION_READY,VALID_SIGNAL,HIGH,False,
2026-05-19T15:14:25.943483+00:00,London,RANGING,20.00,0.1429,0.001263,0.202969,0.5643,0.350000,0.4357,0.267032,0.147031,0.044109,-0.0100,0.0000,0.286250,0.286250,0.188858,0.0100,False,0.5800,0.4200,False,SELL,SELL,EXECUTION_READY,VALID_SIGNAL,HIGH,False,
2026-05-19T15:14:25.947589+00:00,London,RANGING,20.00,0.1429,0.001263,0.768487,0.5643,0.650000,0.4357,0.716860,0.118487,0.035546,-0.0100,0.0000,0.671314,0.671314,0.181314,0.0100,False,0.5800,0.4200,False,BUY,BUY,EXECUTION_READY,VALID_SIGNAL,HIGH,False,
2026-05-19T15:14:25.950581+00:00,London,RANGING,20.00,0.1429,0.001263,0.106599,0.5643,0.350000,0.4357,0.212652,0.243401,0.073020,-0.0100,0.0000,0.262819,0.262819,0.214327,0.0100,False,0.5800,0.4200,False,SELL,SELL,EXECUTION_READY,VALID_SIGNAL,HIGH,False,
2026-05-19T15:14:25.952595+00:00,London,RANGING,20.00,0.1429,0.001263,0.023529,0.5643,0.350000,0.4357,0.165777,0.326471,0.097941,-0.0100,0.0000,0.242621,0.242621,0.236282,0.0100,False,0.5800,0.4200,False,SELL,SELL,EXECUTION_READY,VALID_SIGNAL,HIGH,False,
2026-05-19T15:14:25.957541+00:00,London,RANGING,20.00,0.1429,0.001263,0.231628,0.5643,0.350000,0.4357,0.283204,0.118372,0.035512,-0.0100,0.0000,0.293219,0.293219,0.181284,0.0100,False,0.5800,0.4200,False,SELL,SELL,EXECUTION_READY,VALID_SIGNAL,HIGH,False,
2026-05-19T15:14:25.961618+00:00,London,RANGING,20.00,0.1429,0.001263,0.220666,0.5643,0.350000,0.4357,0.277019,0.129334,0.038800,-0.0100,0.0000,0.290553,0.290553,0.184181,0.0100,False,0.5800,0.4200,False,SELL,SELL,EXECUTION_READY,VALID_SIGNAL,HIGH,False,
2026-05-19T15:14:25.965607+00:00,London,RANGING,20.00,0.1429,0.001263,0.034015,0.5643,0.350000,0.4357,0.171694,0.315985,0.094795,-0.0100,0.0000,0.245171,0.245171,0.233510,0.0100,False,0.5800,0.4200,False,SELL,SELL,EXECUTION_READY,VALID_SIGNAL,HIGH,False,
2026-05-19T15:14:25.968599+00:00,London,RANGING,20.00,0.1429,0.001263,0.757047,0.5643,0.650000,0.4357,0.710405,0.107047,0.032114,-0.0100,0.0000,0.668291,0.668291,0.178291,0.0100,False,0.5800,0.4200,False,BUY,BUY,EXECUTION_READY,VALID_SIGNAL,HIGH,False,
2026-05-19T15:14:25.973586+00:00,London,RANGING,20.00,0.1429,0.001263,0.941619,0.5643,0.650000,0.4357,0.814556,0.291619,0.087486,-0.0100,0.0000,0.717071,0.717071,0.227071,0.0100,False,0.5800,0.4200,False,BUY,BUY,EXECUTION_READY,VALID_SIGNAL,HIGH,False,
2026-05-19T15:14:25.977671+00:00,London,RANGING,20.00,0.1429,0.001263,0.892153,0.5643,0.650000,0.4357,0.786643,0.242153,0.072646,-0.0100,0.0000,0.703997,0.703997,0.213997,0.0100,False,0.5800,0.4200,False,BUY,BUY,EXECUTION_READY,VALID_SIGNAL,HIGH,False,
2026-05-19T15:14:25.988643+00:00,London,RANGING,20.00,0.1429,0.001263,0.500000,0.5643,0.650000,0.4357,0.565357,0.150000,0.045000,-0.0100,0.0000,0.480357,0.480357,0.020357,0.0100,False,0.5800,0.4200,False,HOLD,BUY,THRESHOLD_CHECK,BELOW_THRESHOLD,LOW,False,HOLD: Final 0.4804 between BUY>0.5800 and SELL<0.4200
2026-05-19T15:14:25.989640+00:00,London,RANGING,20.00,0.1429,0.001263,0.500000,0.5643,0.650000,0.4357,0.565357,0.150000,0.045000,-0.0100,0.0000,0.510357,0.510357,0.020357,0.0100,False,0.5800,0.4200,False,HOLD,BUY,THRESHOLD_CHECK,BELOW_THRESHOLD,LOW,False,HOLD: Final 0.5104 between BUY>0.5800 and SELL<0.4200
2026-05-19T15:14:25.992824+00:00,London,RANGING,20.00,0.1429,0.001263,0.749000,0.5643,0.650000,0.4357,0.705864,0.099000,0.029700,-0.0100,0.0000,0.636164,0.636164,0.176164,0.0100,False,0.5800,0.4200,False,BUY,BUY,EXECUTION_READY,VALID_SIGNAL,MEDIUM,False,
2026-05-19T15:14:25.994818+00:00,London,RANGING,20.00,0.1429,0.001263,0.749000,0.5643,0.650000,0.4357,0.705864,0.099000,0.029700,-0.0100,0.0000,0.666164,0.666164,0.176164,0.0100,False,0.5800,0.4200,False,BUY,BUY,EXECUTION_READY,VALID_SIGNAL,HIGH,False,
2026-05-19T15:14:25.998806+00:00,London,RANGING,20.00,0.1429,0.001263,0.500000,0.5643,0.650000,0.4357,0.565357,0.150000,0.045000,-0.0100,0.0000,0.480357,0.480357,0.020357,0.0100,False,0.5800,0.4200,False,HOLD,BUY,THRESHOLD_CHECK,BELOW_THRESHOLD,LOW,False,HOLD: Final 0.4804 between BUY>0.5800 and SELL<0.4200
2026-05-19T15:14:25.999804+00:00,London,RANGING,20.00,0.1429,0.001263,0.500000,0.5643,0.650000,0.4357,0.565357,0.150000,0.045000,-0.0100,0.0000,0.510357,0.510357,0.020357,0.0100,False,0.5800,0.4200,False,HOLD,BUY,THRESHOLD_CHECK,BELOW_THRESHOLD,LOW,False,HOLD: Final 0.5104 between BUY>0.5800 and SELL<0.4200
2026-05-19T15:14:26.003810+00:00,London,RANGING,20.00,0.1429,0.001263,0.556351,0.5643,0.650000,0.4357,0.597155,0.093649,0.028095,-0.0100,0.0000,0.529061,0.529061,0.069061,0.0100,False,0.5800,0.4200,False,HOLD,BUY,THRESHOLD_CHECK,BELOW_THRESHOLD,LOW,False,HOLD: Final 0.5291 between BUY>0.5800 and SELL<0.4200
2026-05-19T15:14:26.005792+00:00,London,RANGING,20.00,0.1429,0.001263,0.556351,0.5643,0.650000,0.4357,0.597155,0.093649,0.028095,-0.0100,0.0000,0.559061,0.559061,0.069061,0.0100,False,0.5800,0.4200,False,HOLD,BUY,THRESHOLD_CHECK,BELOW_THRESHOLD,LOW,False,HOLD: Final 0.5591 between BUY>0.5800 and SELL<0.4200
2026-05-19T15:14:26.010840+00:00,London,RANGING,20.00,0.1429,0.001263,0.739513,0.5643,0.650000,0.4357,0.700511,0.089513,0.026854,-0.0100,0.0000,0.633657,0.633657,0.173657,0.0100,False,0.5800,0.4200,False,BUY,BUY,EXECUTION_READY,VALID_SIGNAL,MEDIUM,False,
2026-05-19T15:14:26.011865+00:00,London,RANGING,20.00,0.1429,0.001263,0.739513,0.5643,0.650000,0.4357,0.700511,0.089513,0.026854,-0.0100,0.0000,0.663657,0.663657,0.173657,0.0100,False,0.5800,0.4200,False,BUY,BUY,EXECUTION_READY,VALID_SIGNAL,HIGH,False,
2026-05-19T15:14:26.015857+00:00,London,RANGING,20.00,0.1429,0.001263,0.692050,0.5643,0.650000,0.4357,0.673728,0.042050,0.012615,-0.0100,0.0000,0.621113,0.621113,0.161113,0.0100,False,0.5800,0.4200,False,BUY,BUY,EXECUTION_READY,VALID_SIGNAL,MEDIUM,False,
2026-05-19T15:14:26.016856+00:00,London,RANGING,20.00,0.1429,0.001263,0.692050,0.5643,0.650000,0.4357,0.673728,0.042050,0.012615,-0.0100,0.0000,0.651113,0.651113,0.161113,0.0100,False,0.5800,0.4200,False,BUY,BUY,EXECUTION_READY,VALID_SIGNAL,HIGH,False,
2026-05-19T15:14:26.020813+00:00,London,RANGING,20.00,0.1429,0.001263,0.665499,0.5643,0.650000,0.4357,0.658746,0.015499,0.004650,-0.0100,0.0000,0.614096,0.614096,0.154096,0.0100,False,0.5800,0.4200,False,BUY,BUY,EXECUTION_READY,VALID_SIGNAL,MEDIUM,False,
2026-05-19T15:14:26.022899+00:00,London,RANGING,20.00,0.1429,0.001263,0.665499,0.5643,0.650000,0.4357,0.658746,0.015499,0.004650,-0.0100,0.0000,0.644096,0.644096,0.154096,0.0100,False,0.5800,0.4200,False,BUY,BUY,EXECUTION_READY,VALID_SIGNAL,MEDIUM,False,
2026-05-19T15:14:26.025914+00:00,London,RANGING,20.00,0.1429,0.001263,0.749000,0.5643,0.650000,0.4357,0.705864,0.099000,0.029700,-0.0100,0.0000,0.636164,0.636164,0.176164,0.0100,False,0.5800,0.4200,False,BUY,BUY,EXECUTION_READY,VALID_SIGNAL,MEDIUM,False,
2026-05-19T15:14:26.026886+00:00,London,RANGING,20.00,0.1429,0.001263,0.749000,0.5643,0.650000,0.4357,0.705864,0.099000,0.029700,-0.0100,0.0000,0.666164,0.666164,0.176164,0.0100,False,0.5800,0.4200,False,BUY,BUY,EXECUTION_READY,VALID_SIGNAL,HIGH,False,
2026-05-19T15:14:26.030901+00:00,London,RANGING,20.00,0.1429,0.001263,0.745619,0.5643,0.650000,0.4357,0.703956,0.095619,0.028686,-0.0100,0.0000,0.635271,0.635271,0.175271,0.0100,False,0.5800,0.4200,False,BUY,BUY,EXECUTION_READY,VALID_SIGNAL,MEDIUM,False,
2026-05-19T15:14:26.031898+00:00,London,RANGING,20.00,0.1429,0.001263,0.745619,0.5643,0.650000,0.4357,0.703956,0.095619,0.028686,-0.0100,0.0000,0.665271,0.665271,0.175271,0.0100,False,0.5800,0.4200,False,BUY,BUY,EXECUTION_READY,VALID_SIGNAL,HIGH,False,
2026-05-19T15:14:26.035887+00:00,London,RANGING,20.00,0.1429,0.001263,0.641069,0.5643,0.650000,0.4357,0.644960,0.008931,0.002679,-0.0100,0.0000,0.602281,0.602281,0.142281,0.0100,False,0.5800,0.4200,False,BUY,BUY,EXECUTION_READY,VALID_SIGNAL,MEDIUM,False,
2026-05-19T15:14:26.037948+00:00,London,RANGING,20.00,0.1429,0.001263,0.641069,0.5643,0.650000,0.4357,0.644960,0.008931,0.002679,-0.0100,0.0000,0.632281,0.632281,0.142281,0.0100,False,0.5800,0.4200,False,BUY,BUY,EXECUTION_READY,VALID_SIGNAL,MEDIUM,False,
2026-05-19T15:14:26.041964+00:00,London,RANGING,20.00,0.1429,0.001263,0.674327,0.5643,0.650000,0.4357,0.663727,0.024327,0.007298,-0.0100,0.0000,0.616429,0.616429,0.156429,0.0100,False,0.5800,0.4200,False,BUY,BUY,EXECUTION_READY,VALID_SIGNAL,MEDIUM,False,
2026-05-19T15:14:26.043958+00:00,London,RANGING,20.00,0.1429,0.001263,0.674327,0.5643,0.650000,0.4357,0.663727,0.024327,0.007298,-0.0100,0.0000,0.646429,0.646429,0.156429,0.0100,False,0.5800,0.4200,False,BUY,BUY,EXECUTION_READY,VALID_SIGNAL,MEDIUM,False,
2026-05-19T15:14:26.046951+00:00,London,RANGING,20.00,0.1429,0.001263,0.502207,0.5643,0.650000,0.4357,0.566603,0.147793,0.044338,-0.0100,0.0000,0.482265,0.482265,0.022265,0.0100,False,0.5800,0.4200,False,HOLD,BUY,THRESHOLD_CHECK,BELOW_THRESHOLD,LOW,False,HOLD: Final 0.4823 between BUY>0.5800 and SELL<0.4200
2026-05-19T15:14:26.047922+00:00,London,RANGING,20.00,0.1429,0.001263,0.502207,0.5643,0.650000,0.4357,0.566603,0.147793,0.044338,-0.0100,0.0000,0.512265,0.512265,0.022265,0.0100,False,0.5800,0.4200,False,HOLD,BUY,THRESHOLD_CHECK,BELOW_THRESHOLD,LOW,False,HOLD: Final 0.5123 between BUY>0.5800 and SELL<0.4200
2026-05-19T15:14:26.050940+00:00,London,RANGING,20.00,0.1429,0.001263,0.534530,0.5643,0.650000,0.4357,0.584842,0.115470,0.034641,-0.0100,0.0000,0.510201,0.510201,0.050201,0.0100,False,0.5800,0.4200,False,HOLD,BUY,THRESHOLD_CHECK,BELOW_THRESHOLD,LOW,False,HOLD: Final 0.5102 between BUY>0.5800 and SELL<0.4200
2026-05-19T15:14:26.052938+00:00,London,RANGING,20.00,0.1429,0.001263,0.534530,0.5643,0.650000,0.4357,0.584842,0.115470,0.034641,-0.0100,0.0000,0.540201,0.540201,0.050201,0.0100,False,0.5800,0.4200,False,HOLD,BUY,THRESHOLD_CHECK,BELOW_THRESHOLD,LOW,False,HOLD: Final 0.5402 between BUY>0.5800 and SELL<0.4200
2026-05-19T15:14:26.057970+00:00,London,RANGING,20.00,0.1429,0.001263,0.587069,0.5643,0.650000,0.4357,0.614489,0.062931,0.018879,-0.0100,0.0000,0.555610,0.555610,0.095610,0.0100,False,0.5800,0.4200,False,HOLD,BUY,THRESHOLD_CHECK,BELOW_THRESHOLD,LOW,False,HOLD: Final 0.5556 between BUY>0.5800 and SELL<0.4200
2026-05-19T15:14:26.059978+00:00,London,RANGING,20.00,0.1429,0.001263,0.587069,0.5643,0.650000,0.4357,0.614489,0.062931,0.018879,-0.0100,0.0000,0.585610,0.585610,0.095610,0.0100,False,0.5800,0.4200,False,BUY,BUY,EXECUTION_READY,VALID_SIGNAL,MEDIUM,False,
2026-05-19T15:14:26.062957+00:00,London,RANGING,20.00,0.1429,0.001263,0.541106,0.5643,0.650000,0.4357,0.588553,0.108894,0.032668,-0.0100,0.0000,0.515885,0.515885,0.055885,0.0100,False,0.5800,0.4200,False,HOLD,BUY,THRESHOLD_CHECK,BELOW_THRESHOLD,LOW,False,HOLD: Final 0.5159 between BUY>0.5800 and SELL<0.4200
2026-05-19T15:14:26.063954+00:00,London,RANGING,20.00,0.1429,0.001263,0.541106,0.5643,0.650000,0.4357,0.588553,0.108894,0.032668,-0.0100,0.0000,0.545885,0.545885,0.055885,0.0100,False,0.5800,0.4200,False,HOLD,BUY,THRESHOLD_CHECK,BELOW_THRESHOLD,LOW,False,HOLD: Final 0.5459 between BUY>0.5800 and SELL<0.4200
2026-05-19T15:14:26.066946+00:00,London,RANGING,20.00,0.1429,0.001263,0.733738,0.5643,0.650000,0.4357,0.697252,0.083738,0.025122,-0.0100,0.0000,0.632131,0.632131,0.172131,0.0100,False,0.5800,0.4200,False,BUY,BUY,EXECUTION_READY,VALID_SIGNAL,MEDIUM,False,
2026-05-19T15:14:26.069038+00:00,London,RANGING,20.00,0.1429,0.001263,0.733738,0.5643,0.650000,0.4357,0.697252,0.083738,0.025122,-0.0100,0.0000,0.662131,0.662131,0.172131,0.0100,False,0.5800,0.4200,False,BUY,BUY,EXECUTION_READY,VALID_SIGNAL,HIGH,False,
2026-05-19T15:14:26.073053+00:00,London,RANGING,20.00,0.1429,0.001263,0.545376,0.5643,0.650000,0.4357,0.590962,0.104624,0.031387,-0.0100,0.0000,0.519575,0.519575,0.059575,0.0100,False,0.5800,0.4200,False,HOLD,BUY,THRESHOLD_CHECK,BELOW_THRESHOLD,LOW,False,HOLD: Final 0.5196 between BUY>0.5800 and SELL<0.4200
2026-05-19T15:14:26.075022+00:00,London,RANGING,20.00,0.1429,0.001263,0.545376,0.5643,0.650000,0.4357,0.590962,0.104624,0.031387,-0.0100,0.0000,0.549575,0.549575,0.059575,0.0100,False,0.5800,0.4200,False,HOLD,BUY,THRESHOLD_CHECK,BELOW_THRESHOLD,LOW,False,HOLD: Final 0.5496 between BUY>0.5800 and SELL<0.4200
2026-05-19T15:14:26.078014+00:00,London,RANGING,20.00,0.1429,0.001263,0.677929,0.5643,0.650000,0.4357,0.665760,0.027929,0.008379,-0.0100,0.0000,0.617381,0.617381,0.157381,0.0100,False,0.5800,0.4200,False,BUY,BUY,EXECUTION_READY,VALID_SIGNAL,MEDIUM,False,
2026-05-19T15:14:26.080010+00:00,London,RANGING,20.00,0.1429,0.001263,0.677929,0.5643,0.650000,0.4357,0.665760,0.027929,0.008379,-0.0100,0.0000,0.647381,0.647381,0.157381,0.0100,False,0.5800,0.4200,False,BUY,BUY,EXECUTION_READY,VALID_SIGNAL,MEDIUM,False,
2026-05-19T15:14:26.083999+00:00,London,RANGING,20.00,0.1429,0.001263,0.500000,0.5643,0.650000,0.4357,0.565357,0.150000,0.045000,-0.0100,0.0000,0.480357,0.480357,0.020357,0.0100,False,0.5800,0.4200,False,HOLD,BUY,THRESHOLD_CHECK,BELOW_THRESHOLD,LOW,False,HOLD: Final 0.4804 between BUY>0.5800 and SELL<0.4200
2026-05-19T15:14:26.086135+00:00,London,RANGING,20.00,0.1429,0.001263,0.500000,0.5643,0.650000,0.4357,0.565357,0.150000,0.045000,-0.0100,0.0000,0.510357,0.510357,0.020357,0.0100,False,0.5800,0.4200,False,HOLD,BUY,THRESHOLD_CHECK,BELOW_THRESHOLD,LOW,False,HOLD: Final 0.5104 between BUY>0.5800 and SELL<0.4200
2026-05-19T15:14:26.090155+00:00,London,RANGING,20.00,0.1429,0.001263,0.699636,0.5643,0.650000,0.4357,0.678009,0.049636,0.014891,-0.0100,0.0000,0.623118,0.623118,0.163118,0.0100,False,0.5800,0.4200,False,BUY,BUY,EXECUTION_READY,VALID_SIGNAL,MEDIUM,False,
2026-05-19T15:14:26.092149+00:00,London,RANGING,20.00,0.1429,0.001263,0.699636,0.5643,0.650000,0.4357,0.678009,0.049636,0.014891,-0.0100,0.0000,0.653118,0.653118,0.163118,0.0100,False,0.5800,0.4200,False,BUY,BUY,EXECUTION_READY,VALID_SIGNAL,HIGH,False,
2026-05-19T15:14:26.096119+00:00,London,RANGING,20.00,0.1429,0.001263,0.709679,0.5643,0.650000,0.4357,0.683676,0.059679,0.017904,-0.0100,0.0000,0.625772,0.625772,0.165772,0.0100,False,0.5800,0.4200,False,BUY,BUY,EXECUTION_READY,VALID_SIGNAL,MEDIUM,False,
2026-05-19T15:14:26.097106+00:00,London,RANGING,20.00,0.1429,0.001263,0.709679,0.5643,0.650000,0.4357,0.683676,0.059679,0.017904,-0.0100,0.0000,0.655772,0.655772,0.165772,0.0100,False,0.5800,0.4200,False,BUY,BUY,EXECUTION_READY,VALID_SIGNAL,HIGH,False,
2026-05-19T15:14:26.101287+00:00,London,RANGING,20.00,0.1429,0.001263,0.746030,0.5643,0.650000,0.4357,0.704188,0.096030,0.028809,-0.0100,0.0000,0.635379,0.635379,0.175379,0.0100,False,0.5800,0.4200,False,BUY,BUY,EXECUTION_READY,VALID_SIGNAL,MEDIUM,False,
2026-05-19T15:14:26.102254+00:00,London,RANGING,20.00,0.1429,0.001263,0.746030,0.5643,0.650000,0.4357,0.704188,0.096030,0.028809,-0.0100,0.0000,0.665379,0.665379,0.175379,0.0100,False,0.5800,0.4200,False,BUY,BUY,EXECUTION_READY,VALID_SIGNAL,HIGH,False,
2026-05-19T15:14:26.108261+00:00,London,RANGING,20.00,0.1429,0.001263,0.500000,0.5643,0.650000,0.4357,0.565357,0.150000,0.045000,-0.0100,0.0000,0.480357,0.480357,0.020357,0.0100,False,0.5800,0.4200,False,HOLD,BUY,THRESHOLD_CHECK,BELOW_THRESHOLD,LOW,False,HOLD: Final 0.4804 between BUY>0.5800 and SELL<0.4200
2026-05-19T15:14:26.109234+00:00,London,RANGING,20.00,0.1429,0.001263,0.500000,0.5643,0.650000,0.4357,0.565357,0.150000,0.045000,-0.0100,0.0000,0.510357,0.510357,0.020357,0.0100,False,0.5800,0.4200,False,HOLD,BUY,THRESHOLD_CHECK,BELOW_THRESHOLD,LOW,False,HOLD: Final 0.5104 between BUY>0.5800 and SELL<0.4200
2026-05-19T15:14:26.112251+00:00,London,RANGING,20.00,0.1429,0.001263,0.683212,0.5643,0.650000,0.4357,0.668741,0.033212,0.009964,-0.0100,0.0000,0.618777,0.618777,0.158777,0.0100,False,0.5800,0.4200,False,BUY,BUY,EXECUTION_READY,VALID_SIGNAL,MEDIUM,False,
2026-05-19T15:14:26.114246+00:00,London,RANGING,20.00,0.1429,0.001263,0.683212,0.5643,0.650000,0.4357,0.668741,0.033212,0.009964,-0.0100,0.0000,0.648777,0.648777,0.158777,0.0100,False,0.5800,0.4200,False,BUY,BUY,EXECUTION_READY,VALID_SIGNAL,MEDIUM,False,
2026-05-19T15:14:26.117427+00:00,London,RANGING,20.00,0.1429,0.001263,0.739405,0.5643,0.650000,0.4357,0.700450,0.089405,0.026821,-0.0100,0.0000,0.633628,0.633628,0.173628,0.0100,False,0.5800,0.4200,False,BUY,BUY,EXECUTION_READY,VALID_SIGNAL,MEDIUM,False,
2026-05-19T15:14:26.118424+00:00,London,RANGING,20.00,0.1429,0.001263,0.739405,0.5643,0.650000,0.4357,0.700450,0.089405,0.026821,-0.0100,0.0000,0.663628,0.663628,0.173628,0.0100,False,0.5800,0.4200,False,BUY,BUY,EXECUTION_READY,VALID_SIGNAL,HIGH,False,
2026-05-19T15:14:26.123386+00:00,London,RANGING,20.00,0.1429,0.001263,0.555608,0.5643,0.650000,0.4357,0.596736,0.094392,0.028318,-0.0100,0.0000,0.528418,0.528418,0.068418,0.0100,False,0.5800,0.4200,False,HOLD,BUY,THRESHOLD_CHECK,BELOW_THRESHOLD,LOW,False,HOLD: Final 0.5284 between BUY>0.5800 and SELL<0.4200
2026-05-19T15:14:26.125381+00:00,London,RANGING,20.00,0.1429,0.001263,0.555608,0.5643,0.650000,0.4357,0.596736,0.094392,0.028318,-0.0100,0.0000,0.558418,0.558418,0.068418,0.0100,False,0.5800,0.4200,False,HOLD,BUY,THRESHOLD_CHECK,BELOW_THRESHOLD,LOW,False,HOLD: Final 0.5584 between BUY>0.5800 and SELL<0.4200
2026-05-19T15:14:26.128373+00:00,London,RANGING,20.00,0.1429,0.001263,0.741201,0.5643,0.650000,0.4357,0.701463,0.091201,0.027360,-0.0100,0.0000,0.634103,0.634103,0.174103,0.0100,False,0.5800,0.4200,False,BUY,BUY,EXECUTION_READY,VALID_SIGNAL,MEDIUM,False,
2026-05-19T15:14:26.129375+00:00,London,RANGING,20.00,0.1429,0.001263,0.741201,0.5643,0.650000,0.4357,0.701463,0.091201,0.027360,-0.0100,0.0000,0.664103,0.664103,0.174103,0.0100,False,0.5800,0.4200,False,BUY,BUY,EXECUTION_READY,VALID_SIGNAL,HIGH,False,
2026-05-19T15:14:26.132457+00:00,London,RANGING,20.00,0.1429,0.001263,0.696855,0.5643,0.650000,0.4357,0.676440,0.046855,0.014057,-0.0100,0.0000,0.622383,0.622383,0.162383,0.0100,False,0.5800,0.4200,False,BUY,BUY,EXECUTION_READY,VALID_SIGNAL,MEDIUM,False,
2026-05-19T15:14:26.133473+00:00,London,RANGING,20.00,0.1429,0.001263,0.696855,0.5643,0.650000,0.4357,0.676440,0.046855,0.014057,-0.0100,0.0000,0.652383,0.652383,0.162383,0.0100,False,0.5800,0.4200,False,BUY,BUY,EXECUTION_READY,VALID_SIGNAL,HIGH,False,
2026-05-19T15:14:26.139463+00:00,London,RANGING,20.00,0.1429,0.001263,0.618136,0.5643,0.650000,0.4357,0.632020,0.031864,0.009559,-0.0100,0.0000,0.582461,0.582461,0.122461,0.0100,False,0.5800,0.4200,False,BUY,BUY,EXECUTION_READY,VALID_SIGNAL,MEDIUM,False,
2026-05-19T15:14:26.141458+00:00,London,RANGING,20.00,0.1429,0.001263,0.618136,0.5643,0.650000,0.4357,0.632020,0.031864,0.009559,-0.0100,0.0000,0.612461,0.612461,0.122461,0.0100,False,0.5800,0.4200,False,BUY,BUY,EXECUTION_READY,VALID_SIGNAL,MEDIUM,False,
2026-05-19T15:14:26.144449+00:00,London,RANGING,20.00,0.1429,0.001263,0.687702,0.5643,0.650000,0.4357,0.671275,0.037702,0.011311,-0.0100,0.0000,0.619964,0.619964,0.159964,0.0100,False,0.5800,0.4200,False,BUY,BUY,EXECUTION_READY,VALID_SIGNAL,MEDIUM,False,
2026-05-19T15:14:26.146445+00:00,London,RANGING,20.00,0.1429,0.001263,0.687702,0.5643,0.650000,0.4357,0.671275,0.037702,0.011311,-0.0100,0.0000,0.649964,0.649964,0.159964,0.0100,False,0.5800,0.4200,False,BUY,BUY,EXECUTION_READY,VALID_SIGNAL,MEDIUM,False,
2026-05-19T15:14:26.149633+00:00,London,RANGING,20.00,0.1429,0.001263,0.505217,0.5643,0.650000,0.4357,0.568301,0.144783,0.043435,-0.0100,0.0000,0.484866,0.484866,0.024866,0.0100,False,0.5800,0.4200,False,HOLD,BUY,THRESHOLD_CHECK,BELOW_THRESHOLD,LOW,False,HOLD: Final 0.4849 between BUY>0.5800 and SELL<0.4200
2026-05-19T15:14:26.150630+00:00,London,RANGING,20.00,0.1429,0.001263,0.505217,0.5643,0.650000,0.4357,0.568301,0.144783,0.043435,-0.0100,0.0000,0.514866,0.514866,0.024866,0.0100,False,0.5800,0.4200,False,HOLD,BUY,THRESHOLD_CHECK,BELOW_THRESHOLD,LOW,False,HOLD: Final 0.5149 between BUY>0.5800 and SELL<0.4200
2026-05-19T15:14:26.157617+00:00,London,RANGING,20.00,0.1429,0.001263,0.578654,0.5643,0.650000,0.4357,0.609740,0.071346,0.021404,-0.0100,0.0000,0.548337,0.548337,0.088337,0.0100,False,0.5800,0.4200,False,HOLD,BUY,THRESHOLD_CHECK,BELOW_THRESHOLD,LOW,False,HOLD: Final 0.5483 between BUY>0.5800 and SELL<0.4200
2026-05-19T15:14:26.159612+00:00,London,RANGING,20.00,0.1429,0.001263,0.578654,0.5643,0.650000,0.4357,0.609740,0.071346,0.021404,-0.0100,0.0000,0.578337,0.578337,0.088337,0.0100,False,0.5800,0.4200,False,HOLD,BUY,THRESHOLD_CHECK,BELOW_THRESHOLD,LOW,False,HOLD: Final 0.5783 between BUY>0.5800 and SELL<0.4200
2026-05-19T15:14:26.163731+00:00,London,RANGING,20.00,0.1429,0.001263,0.530945,0.5643,0.650000,0.4357,0.582819,0.119055,0.035717,-0.0100,0.0000,0.507102,0.507102,0.047102,0.0100,False,0.5800,0.4200,False,HOLD,BUY,THRESHOLD_CHECK,BELOW_THRESHOLD,LOW,False,HOLD: Final 0.5071 between BUY>0.5800 and SELL<0.4200
2026-05-19T15:14:26.165750+00:00,London,RANGING,20.00,0.1429,0.001263,0.530945,0.5643,0.650000,0.4357,0.582819,0.119055,0.035717,-0.0100,0.0000,0.537102,0.537102,0.047102,0.0100,False,0.5800,0.4200,False,HOLD,BUY,THRESHOLD_CHECK,BELOW_THRESHOLD,LOW,False,HOLD: Final 0.5371 between BUY>0.5800 and SELL<0.4200
2026-05-19T15:14:26.168742+00:00,London,RANGING,20.00,0.1429,0.001263,0.703000,0.5643,0.650000,0.4357,0.679907,0.053000,0.015900,-0.0100,0.0000,0.624007,0.624007,0.164007,0.0100,False,0.5800,0.4200,False,BUY,BUY,EXECUTION_READY,VALID_SIGNAL,MEDIUM,False,
2026-05-19T15:14:26.169741+00:00,London,RANGING,20.00,0.1429,0.001263,0.703000,0.5643,0.650000,0.4357,0.679907,0.053000,0.015900,-0.0100,0.0000,0.654007,0.654007,0.164007,0.0100,False,0.5800,0.4200,False,BUY,BUY,EXECUTION_READY,VALID_SIGNAL,HIGH,False,
2026-05-19T15:14:26.176696+00:00,London,RANGING,20.00,0.1429,0.001263,0.500000,0.5643,0.650000,0.4357,0.565357,0.150000,0.045000,-0.0100,0.0000,0.480357,0.480357,0.020357,0.0100,False,0.5800,0.4200,False,HOLD,BUY,THRESHOLD_CHECK,BELOW_THRESHOLD,LOW,False,HOLD: Final 0.4804 between BUY>0.5800 and SELL<0.4200
2026-05-19T15:14:26.178774+00:00,London,RANGING,20.00,0.1429,0.001263,0.500000,0.5643,0.650000,0.4357,0.565357,0.150000,0.045000,-0.0100,0.0000,0.510357,0.510357,0.020357,0.0100,False,0.5800,0.4200,False,HOLD,BUY,THRESHOLD_CHECK,BELOW_THRESHOLD,LOW,False,HOLD: Final 0.5104 between BUY>0.5800 and SELL<0.4200
2026-05-19T15:14:26.182797+00:00,London,RANGING,20.00,0.1429,0.001263,0.731869,0.5643,0.650000,0.4357,0.696197,0.081869,0.024561,-0.0100,0.0000,0.631637,0.631637,0.171637,0.0100,False,0.5800,0.4200,False,BUY,BUY,EXECUTION_READY,VALID_SIGNAL,MEDIUM,False,
2026-05-19T15:14:26.184790+00:00,London,RANGING,20.00,0.1429,0.001263,0.731869,0.5643,0.650000,0.4357,0.696197,0.081869,0.024561,-0.0100,0.0000,0.661637,0.661637,0.171637,0.0100,False,0.5800,0.4200,False,BUY,BUY,EXECUTION_READY,VALID_SIGNAL,HIGH,False,
2026-05-19T15:14:26.191770+00:00,London,RANGING,20.00,0.1429,0.001263,0.500000,0.5643,0.650000,0.4357,0.565357,0.150000,0.045000,-0.0100,0.0000,0.480357,0.480357,0.020357,0.0100,False,0.5800,0.4200,False,HOLD,BUY,THRESHOLD_CHECK,BELOW_THRESHOLD,LOW,False,HOLD: Final 0.4804 between BUY>0.5800 and SELL<0.4200
2026-05-19T15:14:26.193912+00:00,London,RANGING,20.00,0.1429,0.001263,0.500000,0.5643,0.650000,0.4357,0.565357,0.150000,0.045000,-0.0100,0.0000,0.510357,0.510357,0.020357,0.0100,False,0.5800,0.4200,False,HOLD,BUY,THRESHOLD_CHECK,BELOW_THRESHOLD,LOW,False,HOLD: Final 0.5104 between BUY>0.5800 and SELL<0.4200
2026-05-19T15:14:26.199896+00:00,London,RANGING,20.00,0.1429,0.001263,0.514087,0.5643,0.650000,0.4357,0.573306,0.135913,0.040774,-0.0100,0.0000,0.492532,0.492532,0.032532,0.0100,False,0.5800,0.4200,False,HOLD,BUY,THRESHOLD_CHECK,BELOW_THRESHOLD,LOW,False,HOLD: Final 0.4925 between BUY>0.5800 and SELL<0.4200
2026-05-19T15:14:26.202897+00:00,London,RANGING,20.00,0.1429,0.001263,0.514087,0.5643,0.650000,0.4357,0.573306,0.135913,0.040774,-0.0100,0.0000,0.522532,0.522532,0.032532,0.0100,False,0.5800,0.4200,False,HOLD,BUY,THRESHOLD_CHECK,BELOW_THRESHOLD,LOW,False,HOLD: Final 0.5225 between BUY>0.5800 and SELL<0.4200
2026-05-19T15:14:26.208872+00:00,London,RANGING,20.00,0.1429,0.001263,0.645450,0.5643,0.650000,0.4357,0.647433,0.004550,0.001365,-0.0100,0.0000,0.606068,0.606068,0.146068,0.0100,False,0.5800,0.4200,False,BUY,BUY,EXECUTION_READY,VALID_SIGNAL,MEDIUM,False,
2026-05-19T15:14:26.209970+00:00,London,RANGING,20.00,0.1429,0.001263,0.645450,0.5643,0.650000,0.4357,0.647433,0.004550,0.001365,-0.0100,0.0000,0.636068,0.636068,0.146068,0.0100,False,0.5800,0.4200,False,BUY,BUY,EXECUTION_READY,VALID_SIGNAL,MEDIUM,False,
2026-05-19T15:14:26.213960+00:00,London,RANGING,20.00,0.1429,0.001263,0.690708,0.5643,0.650000,0.4357,0.672971,0.040708,0.012212,-0.0100,0.0000,0.620759,0.620759,0.160759,0.0100,False,0.5800,0.4200,False,BUY,BUY,EXECUTION_READY,VALID_SIGNAL,MEDIUM,False,
2026-05-19T15:14:26.215954+00:00,London,RANGING,20.00,0.1429,0.001263,0.690708,0.5643,0.650000,0.4357,0.672971,0.040708,0.012212,-0.0100,0.0000,0.650759,0.650759,0.160759,0.0100,False,0.5800,0.4200,False,BUY,BUY,EXECUTION_READY,VALID_SIGNAL,HIGH,False,
2026-05-19T15:14:26.218946+00:00,London,RANGING,20.00,0.1429,0.001263,0.511164,0.5643,0.650000,0.4357,0.571657,0.138836,0.041651,-0.0100,0.0000,0.490006,0.490006,0.030006,0.0100,False,0.5800,0.4200,False,HOLD,BUY,THRESHOLD_CHECK,BELOW_THRESHOLD,LOW,False,HOLD: Final 0.4900 between BUY>0.5800 and SELL<0.4200
2026-05-19T15:14:26.220942+00:00,London,RANGING,20.00,0.1429,0.001263,0.511164,0.5643,0.650000,0.4357,0.571657,0.138836,0.041651,-0.0100,0.0000,0.520006,0.520006,0.030006,0.0100,False,0.5800,0.4200,False,HOLD,BUY,THRESHOLD_CHECK,BELOW_THRESHOLD,LOW,False,HOLD: Final 0.5200 between BUY>0.5800 and SELL<0.4200
2026-05-19T15:14:26.225083+00:00,London,RANGING,20.00,0.1429,0.001263,0.692576,0.5643,0.650000,0.4357,0.674025,0.042576,0.012773,-0.0100,0.0000,0.621252,0.621252,0.161252,0.0100,False,0.5800,0.4200,False,BUY,BUY,EXECUTION_READY,VALID_SIGNAL,MEDIUM,False,
2026-05-19T15:14:26.227110+00:00,London,RANGING,20.00,0.1429,0.001263,0.692576,0.5643,0.650000,0.4357,0.674025,0.042576,0.012773,-0.0100,0.0000,0.651252,0.651252,0.161252,0.0100,False,0.5800,0.4200,False,BUY,BUY,EXECUTION_READY,VALID_SIGNAL,HIGH,False,
2026-05-19T15:14:26.231097+00:00,London,RANGING,20.00,0.1429,0.001263,0.581397,0.5643,0.650000,0.4357,0.611289,0.068603,0.020581,-0.0100,0.0000,0.550708,0.550708,0.090708,0.0100,False,0.5800,0.4200,False,HOLD,BUY,THRESHOLD_CHECK,BELOW_THRESHOLD,LOW,False,HOLD: Final 0.5507 between BUY>0.5800 and SELL<0.4200
2026-05-19T15:14:26.233088+00:00,London,RANGING,20.00,0.1429,0.001263,0.581397,0.5643,0.650000,0.4357,0.611289,0.068603,0.020581,-0.0100,0.0000,0.580708,0.580708,0.090708,0.0100,False,0.5800,0.4200,False,BUY,BUY,EXECUTION_READY,VALID_SIGNAL,MEDIUM,False,
2026-05-19T15:14:26.236080+00:00,London,RANGING,20.00,0.1429,0.001263,0.641411,0.5643,0.650000,0.4357,0.645153,0.008589,0.002577,-0.0100,0.0000,0.602576,0.602576,0.142576,0.0100,False,0.5800,0.4200,False,BUY,BUY,EXECUTION_READY,VALID_SIGNAL,MEDIUM,False,
2026-05-19T15:14:26.238052+00:00,London,RANGING,20.00,0.1429,0.001263,0.641411,0.5643,0.650000,0.4357,0.645153,0.008589,0.002577,-0.0100,0.0000,0.632576,0.632576,0.142576,0.0100,False,0.5800,0.4200,False,BUY,BUY,EXECUTION_READY,VALID_SIGNAL,MEDIUM,False,
2026-05-19T15:14:26.242125+00:00,London,RANGING,20.00,0.1429,0.001263,0.522754,0.5643,0.650000,0.4357,0.578197,0.127246,0.038174,-0.0100,0.0000,0.500023,0.500023,0.040023,0.0100,False,0.5800,0.4200,False,HOLD,BUY,THRESHOLD_CHECK,BELOW_THRESHOLD,LOW,False,HOLD: Final 0.5000 between BUY>0.5800 and SELL<0.4200
2026-05-19T15:14:26.243146+00:00,London,RANGING,20.00,0.1429,0.001263,0.522754,0.5643,0.650000,0.4357,0.578197,0.127246,0.038174,-0.0100,0.0000,0.530023,0.530023,0.040023,0.0100,False,0.5800,0.4200,False,HOLD,BUY,THRESHOLD_CHECK,BELOW_THRESHOLD,LOW,False,HOLD: Final 0.5300 between BUY>0.5800 and SELL<0.4200
2026-05-19T15:14:26.246113+00:00,London,RANGING,20.00,0.1429,0.001263,0.591321,0.5643,0.650000,0.4357,0.616888,0.058679,0.017604,-0.0100,0.0000,0.559285,0.559285,0.099285,0.0100,False,0.5800,0.4200,False,HOLD,BUY,THRESHOLD_CHECK,BELOW_THRESHOLD,LOW,False,HOLD: Final 0.5593 between BUY>0.5800 and SELL<0.4200
2026-05-19T15:14:26.248107+00:00,London,RANGING,20.00,0.1429,0.001263,0.591321,0.5643,0.650000,0.4357,0.616888,0.058679,0.017604,-0.0100,0.0000,0.589285,0.589285,0.099285,0.0100,False,0.5800,0.4200,False,BUY,BUY,EXECUTION_READY,VALID_SIGNAL,MEDIUM,False,
2026-05-19T15:14:26.251100+00:00,London,RANGING,20.00,0.1429,0.001263,0.698240,0.5643,0.650000,0.4357,0.677221,0.048240,0.014472,-0.0100,0.0000,0.622749,0.622749,0.162749,0.0100,False,0.5800,0.4200,False,BUY,BUY,EXECUTION_READY,VALID_SIGNAL,MEDIUM,False,
2026-05-19T15:14:26.252096+00:00,London,RANGING,20.00,0.1429,0.001263,0.698240,0.5643,0.650000,0.4357,0.677221,0.048240,0.014472,-0.0100,0.0000,0.652749,0.652749,0.162749,0.0100,False,0.5800,0.4200,False,BUY,BUY,EXECUTION_READY,VALID_SIGNAL,HIGH,False,
2026-05-19T15:14:26.258274+00:00,London,RANGING,20.00,0.1429,0.001263,0.577871,0.5643,0.650000,0.4357,0.609298,0.072129,0.021639,-0.0100,0.0000,0.547660,0.547660,0.087660,0.0100,False,0.5800,0.4200,False,HOLD,BUY,THRESHOLD_CHECK,BELOW_THRESHOLD,LOW,False,HOLD: Final 0.5477 between BUY>0.5800 and SELL<0.4200
2026-05-19T15:14:26.260267+00:00,London,RANGING,20.00,0.1429,0.001263,0.577871,0.5643,0.650000,0.4357,0.609298,0.072129,0.021639,-0.0100,0.0000,0.577660,0.577660,0.087660,0.0100,False,0.5800,0.4200,False,HOLD,BUY,THRESHOLD_CHECK,BELOW_THRESHOLD,LOW,False,HOLD: Final 0.5777 between BUY>0.5800 and SELL<0.4200
2026-05-19T15:14:26.263227+00:00,London,RANGING,20.00,0.1429,0.001263,0.572524,0.5643,0.650000,0.4357,0.606281,0.077476,0.023243,-0.0100,0.0000,0.543039,0.543039,0.083039,0.0100,False,0.5800,0.4200,False,HOLD,BUY,THRESHOLD_CHECK,BELOW_THRESHOLD,LOW,False,HOLD: Final 0.5430 between BUY>0.5800 and SELL<0.4200
2026-05-19T15:14:26.264225+00:00,London,RANGING,20.00,0.1429,0.001263,0.572524,0.5643,0.650000,0.4357,0.606281,0.077476,0.023243,-0.0100,0.0000,0.573039,0.573039,0.083039,0.0100,False,0.5800,0.4200,False,HOLD,BUY,THRESHOLD_CHECK,BELOW_THRESHOLD,LOW,False,HOLD: Final 0.5730 between BUY>0.5800 and SELL<0.4200
2026-05-19T15:14:26.267217+00:00,London,RANGING,20.00,0.1429,0.001263,0.617011,0.5643,0.650000,0.4357,0.631385,0.032989,0.009897,-0.0100,0.0000,0.581488,0.581488,0.121488,0.0100,False,0.5800,0.4200,False,BUY,BUY,EXECUTION_READY,VALID_SIGNAL,MEDIUM,False,
2026-05-19T15:14:26.269211+00:00,London,RANGING,20.00,0.1429,0.001263,0.617011,0.5643,0.650000,0.4357,0.631385,0.032989,0.009897,-0.0100,0.0000,0.611488,0.611488,0.121488,0.0100,False,0.5800,0.4200,False,BUY,BUY,EXECUTION_READY,VALID_SIGNAL,MEDIUM,False,
2026-05-19T15:14:26.475780+00:00,London,RANGING,15.00,0.0000,0.001000,0.650000,0.5500,0.650000,0.4500,0.650000,0.000000,0.000000,-0.0100,0.0000,0.625000,0.625000,0.150000,0.0100,False,0.5800,0.4200,False,BUY,BUY,EXECUTION_READY,VALID_SIGNAL,MEDIUM,False,
2026-05-19T15:14:26.477801+00:00,London,TRENDING,50.00,1.0000,0.001000,0.650000,0.6500,0.650000,0.3500,0.650000,0.000000,0.000000,0.0200,0.0000,0.670000,0.670000,0.150000,0.0100,False,0.5600,0.4400,False,BUY,BUY,EXECUTION_READY,VALID_SIGNAL,HIGH,False,
2026-05-19T15:14:26.481790+00:00,London,RANGING,15.00,0.0000,0.001000,0.650000,0.5500,0.650000,0.4500,0.650000,0.000000,0.000000,-0.0100,0.0000,0.625000,0.625000,0.150000,0.0100,False,0.5800,0.4200,False,BUY,BUY,EXECUTION_READY,VALID_SIGNAL,MEDIUM,False,
2026-05-19T15:14:26.484782+00:00,London,RANGING,15.00,0.0000,0.001000,0.650000,0.5500,0.650000,0.4500,0.650000,0.000000,0.000000,-0.0100,0.0000,0.625000,0.625000,0.150000,0.0100,False,0.5800,0.4200,False,BUY,BUY,EXECUTION_READY,VALID_SIGNAL,MEDIUM,False,
2026-05-19T15:14:26.489744+00:00,London,RANGING,15.00,0.0000,0.001000,0.650000,0.5500,0.650000,0.4500,0.650000,0.000000,0.000000,-0.0100,0.0000,0.625000,0.625000,0.150000,0.0100,False,0.5800,0.4200,False,BUY,BUY,EXECUTION_READY,VALID_SIGNAL,MEDIUM,False,
2026-05-19T15:14:26.492838+00:00,London,RANGING,15.00,0.0000,0.001000,0.650000,0.5500,0.650000,0.4500,0.650000,0.000000,0.000000,-0.0100,0.0000,0.625000,0.625000,0.150000,0.0100,False,0.5800,0.4200,False,BUY,BUY,EXECUTION_READY,VALID_SIGNAL,MEDIUM,False,
2026-05-19T15:14:26.496851+00:00,London,RANGING,15.00,0.0000,0.001000,0.650000,0.5500,0.650000,0.4500,0.650000,0.000000,0.000000,-0.0100,0.0000,0.625000,0.625000,0.150000,0.0100,False,0.5800,0.4200,False,BUY,BUY,EXECUTION_READY,VALID_SIGNAL,MEDIUM,False,
2026-05-19T15:14:26.499848+00:00,London,RANGING,15.00,0.0000,0.001000,0.650000,0.5500,0.650000,0.4500,0.650000,0.000000,0.000000,-0.0100,0.0000,0.625000,0.625000,0.150000,0.0100,False,0.5800,0.4200,False,BUY,BUY,EXECUTION_READY,VALID_SIGNAL,MEDIUM,False,
2026-05-19T15:14:26.505827+00:00,London,TRENDING,48.37,0.9535,0.001000,0.650000,0.6454,0.650000,0.3546,0.650000,0.000000,0.000000,0.0200,0.0000,0.670000,0.670000,0.150000,0.0100,False,0.5600,0.4400,False,BUY,BUY,EXECUTION_READY,VALID_SIGNAL,HIGH,False,
2026-05-19T15:14:26.509022+00:00,London,TRANSITIONING,26.67,0.3333,0.001000,0.650000,0.5833,0.650000,0.4167,0.650000,0.000000,0.000000,0.0100,0.0000,0.660000,0.660000,0.150000,0.0100,False,0.5700,0.4300,False,BUY,BUY,EXECUTION_READY,VALID_SIGNAL,HIGH,False,
2026-05-19T15:14:26.512985+00:00,London,RANGING,15.00,0.0000,0.001000,0.650000,0.5500,0.650000,0.4500,0.650000,0.000000,0.000000,-0.0100,0.0000,0.625000,0.625000,0.150000,0.0100,False,0.5800,0.4200,False,BUY,BUY,EXECUTION_READY,VALID_SIGNAL,MEDIUM,False,
2026-05-19T15:14:26.514980+00:00,London,RANGING,15.00,0.0000,0.001000,0.650000,0.5500,0.650000,0.4500,0.650000,0.000000,0.000000,-0.0100,0.0000,0.625000,0.625000,0.150000,0.0100,False,0.5800,0.4200,False,BUY,BUY,EXECUTION_READY,VALID_SIGNAL,MEDIUM,False,
2026-05-19T15:14:26.517972+00:00,London,TRENDING,50.00,1.0000,0.001000,0.650000,0.6500,0.650000,0.3500,0.650000,0.000000,0.000000,0.0200,0.0000,0.670000,0.670000,0.150000,0.0100,False,0.5600,0.4400,False,BUY,BUY,EXECUTION_READY,VALID_SIGNAL,HIGH,False,
2026-05-19T15:14:26.520965+00:00,London,TRANSITIONING,32.50,0.5000,0.001000,0.650000,0.6000,0.650000,0.4000,0.650000,0.000000,0.000000,0.0200,0.0000,0.670000,0.670000,0.150000,0.0100,False,0.5600,0.4400,False,BUY,BUY,EXECUTION_READY,VALID_SIGNAL,HIGH,False,
2026-05-19T15:14:26.525092+00:00,London,RANGING,15.00,0.0000,0.001000,0.650000,0.5500,0.650000,0.4500,0.650000,0.000000,0.000000,-0.0100,0.0000,0.625000,0.625000,0.150000,0.0100,False,0.5800,0.4200,False,BUY,BUY,EXECUTION_READY,VALID_SIGNAL,MEDIUM,False,
2026-05-19T15:14:26.528114+00:00,London,RANGING,15.00,0.0000,0.001000,0.650000,0.5500,0.650000,0.4500,0.650000,0.000000,0.000000,-0.0100,0.0000,0.625000,0.625000,0.150000,0.0100,False,0.5800,0.4200,False,BUY,BUY,EXECUTION_READY,VALID_SIGNAL,MEDIUM,False,
2026-05-19T15:14:26.531106+00:00,London,RANGING,15.00,0.0000,0.001000,0.650000,0.5500,0.650000,0.4500,0.650000,0.000000,0.000000,-0.0100,0.0000,0.625001,0.625001,0.150000,0.0100,False,0.5800,0.4200,False,BUY,BUY,EXECUTION_READY,VALID_SIGNAL,MEDIUM,False,
2026-05-19T15:14:26.533095+00:00,London,RANGING,15.00,0.0000,0.001000,0.650000,0.5500,0.650000,0.4500,0.650000,0.000000,0.000000,-0.0100,0.0000,0.625000,0.625000,0.150000,0.0100,False,0.5800,0.4200,False,BUY,BUY,EXECUTION_READY,VALID_SIGNAL,MEDIUM,False,
2026-05-19T15:14:26.536089+00:00,London,TRANSITIONING,34.44,0.5556,0.001000,0.650000,0.6056,0.650000,0.3944,0.650000,0.000000,0.000000,0.0200,0.0000,0.670000,0.670000,0.150000,0.0100,False,0.5600,0.4400,False,BUY,BUY,EXECUTION_READY,VALID_SIGNAL,HIGH,False,
2026-05-19T15:14:26.541213+00:00,London,TRANSITIONING,32.86,0.5103,0.001000,0.650000,0.6010,0.650000,0.3990,0.650000,0.000000,0.000000,0.0200,0.0000,0.670000,0.670000,0.150000,0.0100,False,0.5600,0.4400,False,BUY,BUY,EXECUTION_READY,VALID_SIGNAL,HIGH,False,
2026-05-19T15:14:26.544175+00:00,London,RANGING,15.00,0.0000,0.001000,0.650000,0.5500,0.650000,0.4500,0.650000,0.000000,0.000000,-0.0100,0.0000,0.625000,0.625000,0.150000,0.0100,False,0.5800,0.4200,False,BUY,BUY,EXECUTION_READY,VALID_SIGNAL,MEDIUM,False,
2026-05-19T15:14:26.548164+00:00,London,RANGING,15.00,0.0000,0.001000,0.650000,0.5500,0.650000,0.4500,0.650000,0.000000,0.000000,-0.0100,0.0000,0.625000,0.625000,0.150000,0.0100,False,0.5800,0.4200,False,BUY,BUY,EXECUTION_READY,VALID_SIGNAL,MEDIUM,False,
2026-05-19T15:14:26.551156+00:00,London,RANGING,15.00,0.0000,0.001000,0.650000,0.5500,0.650000,0.4500,0.650000,0.000000,0.000000,-0.0100,0.0000,0.625000,0.625000,0.150000,0.0100,False,0.5800,0.4200,False,BUY,BUY,EXECUTION_READY,VALID_SIGNAL,MEDIUM,False,
2026-05-19T15:14:26.556258+00:00,London,RANGING,15.00,0.0000,0.001000,0.650000,0.5500,0.650000,0.4500,0.650000,0.000000,0.000000,-0.0100,0.0000,0.625000,0.625000,0.150000,0.0100,False,0.5800,0.4200,False,BUY,BUY,EXECUTION_READY,VALID_SIGNAL,MEDIUM,False,
2026-05-19T15:14:26.559228+00:00,London,RANGING,15.00,0.0001,0.001000,0.650000,0.5500,0.650000,0.4500,0.650000,0.000000,0.000000,-0.0100,0.0000,0.625006,0.625006,0.150000,0.0100,False,0.5800,0.4200,False,BUY,BUY,EXECUTION_READY,VALID_SIGNAL,MEDIUM,False,
2026-05-19T15:14:26.562220+00:00,London,TRENDING,49.33,0.9808,0.001000,0.650000,0.6481,0.650000,0.3519,0.650000,0.000000,0.000000,0.0200,0.0000,0.670000,0.670000,0.150000,0.0100,False,0.5600,0.4400,False,BUY,BUY,EXECUTION_READY,VALID_SIGNAL,HIGH,False,
2026-05-19T15:14:26.565212+00:00,London,TRENDING,50.00,1.0000,0.001000,0.650000,0.6500,0.650000,0.3500,0.650000,0.000000,0.000000,0.0200,0.0000,0.670000,0.670000,0.150000,0.0100,False,0.5600,0.4400,False,BUY,BUY,EXECUTION_READY,VALID_SIGNAL,HIGH,False,
2026-05-19T15:14:26.568203+00:00,London,RANGING,15.00,0.0000,0.001000,0.650000,0.5500,0.650000,0.4500,0.650000,0.000000,0.000000,-0.0100,0.0000,0.625000,0.625000,0.150000,0.0100,False,0.5800,0.4200,False,BUY,BUY,EXECUTION_READY,VALID_SIGNAL,MEDIUM,False,
2026-05-19T15:14:26.571294+00:00,London,RANGING,17.32,0.0662,0.001000,0.650000,0.5566,0.650000,0.4434,0.650000,0.000000,0.000000,-0.0100,0.0000,0.640000,0.640000,0.150000,0.0100,False,0.5800,0.4200,False,BUY,BUY,EXECUTION_READY,VALID_SIGNAL,MEDIUM,False,
2026-05-19T15:14:26.576264+00:00,London,RANGING,15.00,0.0000,0.001000,0.650000,0.5500,0.650000,0.4500,0.650000,0.000000,0.000000,-0.0100,0.0000,0.625000,0.625000,0.150000,0.0100,False,0.5800,0.4200,False,BUY,BUY,EXECUTION_READY,VALID_SIGNAL,MEDIUM,False,
2026-05-19T15:14:26.579256+00:00,London,TRENDING,49.64,0.9896,0.001000,0.650000,0.6490,0.650000,0.3510,0.650000,0.000000,0.000000,0.0200,0.0000,0.670000,0.670000,0.150000,0.0100,False,0.5600,0.4400,False,BUY,BUY,EXECUTION_READY,VALID_SIGNAL,HIGH,False,
2026-05-19T15:14:26.582248+00:00,London,TRANSITIONING,24.53,0.2724,0.001000,0.650000,0.5772,0.650000,0.4228,0.650000,0.000000,0.000000,-0.0100,0.0000,0.640000,0.640000,0.150000,0.0100,False,0.5700,0.4300,False,BUY,BUY,EXECUTION_READY,VALID_SIGNAL,MEDIUM,False,
2026-05-19T15:14:26.585290+00:00,London,RANGING,17.84,0.0812,0.001000,0.650000,0.5581,0.650000,0.4419,0.650000,0.000000,0.000000,-0.0100,0.0000,0.640000,0.640000,0.150000,0.0100,False,0.5800,0.4200,False,BUY,BUY,EXECUTION_READY,VALID_SIGNAL,MEDIUM,False,
2026-05-19T15:14:26.588325+00:00,London,TRANSITIONING,23.20,0.2343,0.001000,0.650000,0.5734,0.650000,0.4266,0.650000,0.000000,0.000000,-0.0100,0.0000,0.640000,0.640000,0.150000,0.0100,False,0.5800,0.4200,False,BUY,BUY,EXECUTION_READY,VALID_SIGNAL,MEDIUM,False,
2026-05-19T15:14:26.591344+00:00,London,RANGING,15.00,0.0000,0.001000,0.650000,0.5500,0.650000,0.4500,0.650000,0.000000,0.000000,-0.0100,0.0000,0.625000,0.625000,0.150000,0.0100,False,0.5800,0.4200,False,BUY,BUY,EXECUTION_READY,VALID_SIGNAL,MEDIUM,False,
2026-05-19T15:14:26.594334+00:00,London,TRANSITIONING,35.83,0.5951,0.001000,0.650000,0.6095,0.650000,0.3905,0.650000,0.000000,0.000000,0.0200,0.0000,0.670000,0.670000,0.150000,0.0100,False,0.5600,0.4400,False,BUY,BUY,EXECUTION_READY,VALID_SIGNAL,HIGH,False,
2026-05-19T15:14:26.597326+00:00,London,TRANSITIONING,34.29,0.5510,0.001000,0.650000,0.6051,0.650000,0.3949,0.650000,0.000000,0.000000,0.0200,0.0000,0.670000,0.670000,0.150000,0.0100,False,0.5600,0.4400,False,BUY,BUY,EXECUTION_READY,VALID_SIGNAL,HIGH,False,
2026-05-19T15:14:26.600480+00:00,London,TRANSITIONING,25.13,0.2894,0.001000,0.650000,0.5789,0.650000,0.4211,0.650000,0.000000,0.000000,-0.0100,0.0000,0.640000,0.640000,0.150000,0.0100,False,0.5700,0.4300,False,BUY,BUY,EXECUTION_READY,VALID_SIGNAL,MEDIUM,False,
2026-05-19T15:14:26.603473+00:00,London,RANGING,15.00,0.0000,0.001000,0.650000,0.5500,0.650000,0.4500,0.650000,0.000000,0.000000,-0.0100,0.0000,0.625000,0.625000,0.150000,0.0100,False,0.5800,0.4200,False,BUY,BUY,EXECUTION_READY,VALID_SIGNAL,MEDIUM,False,
2026-05-19T15:14:26.606469+00:00,London,RANGING,15.00,0.0000,0.001000,0.650000,0.5500,0.650000,0.4500,0.650000,0.000000,0.000000,-0.0100,0.0000,0.625000,0.625000,0.150000,0.0100,False,0.5800,0.4200,False,BUY,BUY,EXECUTION_READY,VALID_SIGNAL,MEDIUM,False,
2026-05-19T15:14:26.609458+00:00,London,TRENDING,47.57,0.9306,0.001000,0.650000,0.6431,0.650000,0.3569,0.650000,0.000000,0.000000,0.0200,0.0000,0.670000,0.670000,0.150000,0.0100,False,0.5600,0.4400,False,BUY,BUY,EXECUTION_READY,VALID_SIGNAL,HIGH,False,
2026-05-19T15:14:26.612450+00:00,London,TRANSITIONING,31.13,0.4610,0.001000,0.650000,0.5961,0.650000,0.4039,0.650000,0.000000,0.000000,0.0100,0.0000,0.660000,0.660000,0.150000,0.0100,False,0.5600,0.4400,False,BUY,BUY,EXECUTION_READY,VALID_SIGNAL,HIGH,False,
2026-05-19T15:14:26.614445+00:00,London,TRANSITIONING,27.71,0.3631,0.001000,0.650000,0.5863,0.650000,0.4137,0.650000,0.000000,0.000000,0.0100,0.0000,0.660000,0.660000,0.150000,0.0100,False,0.5600,0.4400,False,BUY,BUY,EXECUTION_READY,VALID_SIGNAL,HIGH,False,
2026-05-19T15:14:26.617534+00:00,London,RANGING,19.46,0.1275,0.001000,0.650000,0.5627,0.650000,0.4373,0.650000,0.000000,0.000000,-0.0100,0.0000,0.640000,0.640000,0.150000,0.0100,False,0.5800,0.4200,False,BUY,BUY,EXECUTION_READY,VALID_SIGNAL,MEDIUM,False,
2026-05-19T15:14:26.622520+00:00,London,RANGING,18.90,0.1114,0.001000,0.650000,0.5611,0.650000,0.4389,0.650000,0.000000,0.000000,-0.0100,0.0000,0.640000,0.640000,0.150000,0.0100,False,0.5800,0.4200,False,BUY,BUY,EXECUTION_READY,VALID_SIGNAL,MEDIUM,False,
2026-05-19T15:14:26.626509+00:00,London,RANGING,15.00,0.0000,0.001000,0.650000,0.5500,0.650000,0.4500,0.650000,0.000000,0.000000,-0.0100,0.0000,0.625000,0.625000,0.150000,0.0100,False,0.5800,0.4200,False,BUY,BUY,EXECUTION_READY,VALID_SIGNAL,MEDIUM,False,
2026-05-19T15:14:26.628504+00:00,London,TRENDING,42.35,0.7813,0.001000,0.650000,0.6281,0.650000,0.3719,0.650000,0.000000,0.000000,0.0200,0.0000,0.670000,0.670000,0.150000,0.0100,False,0.5600,0.4400,False,BUY,BUY,EXECUTION_READY,VALID_SIGNAL,HIGH,False,
2026-05-19T15:14:26.631579+00:00,London,RANGING,15.00,0.0000,0.001000,0.650000,0.5500,0.650000,0.4500,0.650000,0.000000,0.000000,-0.0100,0.0000,0.625000,0.625000,0.150000,0.0100,False,0.5800,0.4200,False,BUY,BUY,EXECUTION_READY,VALID_SIGNAL,MEDIUM,False,
2026-05-19T15:14:26.634596+00:00,London,TRENDING,41.97,0.7704,0.001000,0.650000,0.6270,0.650000,0.3730,0.650000,0.000000,0.000000,0.0200,0.0000,0.670000,0.670000,0.150000,0.0100,False,0.5600,0.4400,False,BUY,BUY,EXECUTION_READY,VALID_SIGNAL,HIGH,False,
2026-05-19T15:14:26.639561+00:00,London,RANGING,15.00,0.0000,0.001000,0.650000,0.5500,0.650000,0.4500,0.650000,0.000000,0.000000,-0.0100,0.0000,0.625000,0.625000,0.150000,0.0100,False,0.5800,0.4200,False,BUY,BUY,EXECUTION_READY,VALID_SIGNAL,MEDIUM,False,
2026-05-19T15:14:26.648731+00:00,London,RANGING,15.00,0.0000,0.001000,0.650000,0.5500,0.650000,0.4500,0.650000,0.000000,0.000000,-0.0100,0.0000,0.625000,0.625000,0.150000,0.0100,False,0.5800,0.4200,False,BUY,BUY,EXECUTION_READY,VALID_SIGNAL,MEDIUM,False,
2026-05-19T15:14:26.651746+00:00,London,TRENDING,50.00,1.0000,0.001000,0.650000,0.6500,0.650000,0.3500,0.650000,0.000000,0.000000,0.0200,0.0000,0.670000,0.670000,0.150000,0.0100,False,0.5600,0.4400,False,BUY,BUY,EXECUTION_READY,VALID_SIGNAL,HIGH,False,
2026-05-19T15:14:26.657730+00:00,London,RANGING,15.00,0.0000,0.001000,0.650000,0.5500,0.650000,0.4500,0.650000,0.000000,0.000000,-0.0100,0.0000,0.625000,0.625000,0.150000,0.0100,False,0.5800,0.4200,False,BUY,BUY,EXECUTION_READY,VALID_SIGNAL,MEDIUM,False,
2026-05-19T15:14:26.660724+00:00,London,RANGING,15.00,0.0001,0.001000,0.650000,0.5500,0.650000,0.4500,0.650000,0.000000,0.000000,-0.0100,0.0000,0.625006,0.625006,0.150000,0.0100,False,0.5800,0.4200,False,BUY,BUY,EXECUTION_READY,VALID_SIGNAL,MEDIUM,False,
2026-05-19T15:14:26.663908+00:00,London,RANGING,20.49,0.1570,0.001000,0.650000,0.5657,0.650000,0.4343,0.650000,0.000000,0.000000,-0.0100,0.0000,0.640000,0.640000,0.150000,0.0100,False,0.5800,0.4200,False,BUY,BUY,EXECUTION_READY,VALID_SIGNAL,MEDIUM,False,
2026-05-19T15:14:26.666875+00:00,London,RANGING,15.00,0.0000,0.001000,0.650000,0.5500,0.650000,0.4500,0.650000,0.000000,0.000000,-0.0100,0.0000,0.625000,0.625000,0.150000,0.0100,False,0.5800,0.4200,False,BUY,BUY,EXECUTION_READY,VALID_SIGNAL,MEDIUM,False,
2026-05-19T15:14:26.670865+00:00,London,RANGING,15.00,0.0000,0.001000,0.650000,0.5500,0.650000,0.4500,0.650000,0.000000,0.000000,-0.0100,0.0000,0.625000,0.625000,0.150000,0.0100,False,0.5800,0.4200,False,BUY,BUY,EXECUTION_READY,VALID_SIGNAL,MEDIUM,False,
2026-05-19T15:14:26.675882+00:00,London,RANGING,15.00,0.0000,0.001000,0.650000,0.5500,0.650000,0.4500,0.650000,0.000000,0.000000,-0.0100,0.0000,0.625000,0.625000,0.150000,0.0100,False,0.5800,0.4200,False,BUY,BUY,EXECUTION_READY,VALID_SIGNAL,MEDIUM,False,
2026-05-19T15:14:26.679992+00:00,London,RANGING,15.00,0.0000,0.001000,0.650000,0.5500,0.650000,0.4500,0.650000,0.000000,0.000000,-0.0100,0.0000,0.625000,0.625000,0.150000,0.0100,False,0.5800,0.4200,False,BUY,BUY,EXECUTION_READY,VALID_SIGNAL,MEDIUM,False,
2026-05-19T15:14:26.682979+00:00,London,TRENDING,50.00,1.0000,0.001000,0.650000,0.6500,0.650000,0.3500,0.650000,0.000000,0.000000,0.0200,0.0000,0.670000,0.670000,0.150000,0.0100,False,0.5600,0.4400,False,BUY,BUY,EXECUTION_READY,VALID_SIGNAL,HIGH,False,
2026-05-19T15:14:26.687987+00:00,London,RANGING,15.00,0.0000,0.001000,0.650000,0.5500,0.650000,0.4500,0.650000,0.000000,0.000000,-0.0100,0.0000,0.625000,0.625000,0.150000,0.0100,False,0.5800,0.4200,False,BUY,BUY,EXECUTION_READY,VALID_SIGNAL,MEDIUM,False,
2026-05-19T15:14:26.692955+00:00,London,RANGING,15.00,0.0000,0.001000,0.650000,0.5500,0.650000,0.4500,0.650000,0.000000,0.000000,-0.0100,0.0000,0.625000,0.625000,0.150000,0.0100,False,0.5800,0.4200,False,BUY,BUY,EXECUTION_READY,VALID_SIGNAL,MEDIUM,False,
2026-05-19T15:14:26.697073+00:00,London,RANGING,15.00,0.0000,0.001000,0.650000,0.5500,0.650000,0.4500,0.650000,0.000000,0.000000,-0.0100,0.0000,0.625001,0.625001,0.150000,0.0100,False,0.5800,0.4200,False,BUY,BUY,EXECUTION_READY,VALID_SIGNAL,MEDIUM,False,
2026-05-19T15:14:26.700072+00:00,London,RANGING,15.00,0.0000,0.001000,0.650000,0.5500,0.650000,0.4500,0.650000,0.000000,0.000000,-0.0100,0.0000,0.625000,0.625000,0.150000,0.0100,False,0.5800,0.4200,False,BUY,BUY,EXECUTION_READY,VALID_SIGNAL,MEDIUM,False,
2026-05-19T15:14:26.704037+00:00,London,TRENDING,49.76,0.9933,0.001000,0.650000,0.6493,0.650000,0.3507,0.650000,0.000000,0.000000,0.0200,0.0000,0.670000,0.670000,0.150000,0.0100,False,0.5600,0.4400,False,BUY,BUY,EXECUTION_READY,VALID_SIGNAL,HIGH,False,
2026-05-19T15:14:26.708025+00:00,London,RANGING,15.00,0.0000,0.001000,0.650000,0.5500,0.650000,0.4500,0.650000,0.000000,0.000000,-0.0100,0.0000,0.625000,0.625000,0.150000,0.0100,False,0.5800,0.4200,False,BUY,BUY,EXECUTION_READY,VALID_SIGNAL,MEDIUM,False,
2026-05-19T15:14:26.711138+00:00,London,RANGING,15.00,0.0000,0.001000,0.650000,0.5500,0.650000,0.4500,0.650000,0.000000,0.000000,-0.0100,0.0000,0.625000,0.625000,0.150000,0.0100,False,0.5800,0.4200,False,BUY,BUY,EXECUTION_READY,VALID_SIGNAL,MEDIUM,False,
2026-05-19T15:14:26.714130+00:00,London,RANGING,15.00,0.0000,0.001000,0.650000,0.5500,0.650000,0.4500,0.650000,0.000000,0.000000,-0.0100,0.0000,0.625000,0.625000,0.150000,0.0100,False,0.5800,0.4200,False,BUY,BUY,EXECUTION_READY,VALID_SIGNAL,MEDIUM,False,
2026-05-19T15:14:26.718094+00:00,London,TRENDING,44.62,0.8462,0.001000,0.650000,0.6346,0.650000,0.3654,0.650000,0.000000,0.000000,0.0200,0.0000,0.670000,0.670000,0.150000,0.0100,False,0.5600,0.4400,False,BUY,BUY,EXECUTION_READY,VALID_SIGNAL,HIGH,False,
2026-05-19T15:14:26.723084+00:00,London,TRANSITIONING,30.63,0.4465,0.001000,0.650000,0.5946,0.650000,0.4054,0.650000,0.000000,0.000000,0.0100,0.0000,0.660000,0.660000,0.150000,0.0100,False,0.5600,0.4400,False,BUY,BUY,EXECUTION_READY,VALID_SIGNAL,HIGH,False,
2026-05-19T15:14:26.727171+00:00,London,TRENDING,38.93,0.6836,0.001000,0.650000,0.6184,0.650000,0.3816,0.650000,0.000000,0.000000,0.0200,0.0000,0.670000,0.670000,0.150000,0.0100,False,0.5600,0.4400,False,BUY,BUY,EXECUTION_READY,VALID_SIGNAL,HIGH,False,
2026-05-19T15:14:26.731161+00:00,London,RANGING,15.00,0.0000,0.001000,0.650000,0.5500,0.650000,0.4500,0.650000,0.000000,0.000000,-0.0100,0.0000,0.625000,0.625000,0.150000,0.0100,False,0.5800,0.4200,False,BUY,BUY,EXECUTION_READY,VALID_SIGNAL,MEDIUM,False,
2026-05-19T15:14:26.734151+00:00,London,TRANSITIONING,25.62,0.3033,0.001000,0.650000,0.5803,0.650000,0.4197,0.650000,0.000000,0.000000,0.0100,0.0000,0.660000,0.660000,0.150000,0.0100,False,0.5700,0.4300,False,BUY,BUY,EXECUTION_READY,VALID_SIGNAL,HIGH,False,
2026-05-19T15:14:26.737114+00:00,London,RANGING,15.00,0.0000,0.001000,0.650000,0.5500,0.650000,0.4500,0.650000,0.000000,0.000000,-0.0100,0.0000,0.625000,0.625000,0.150000,0.0100,False,0.5800,0.4200,False,BUY,BUY,EXECUTION_READY,VALID_SIGNAL,MEDIUM,False,
2026-05-19T15:14:26.741280+00:00,London,TRENDING,36.23,0.6065,0.001000,0.650000,0.6107,0.650000,0.3893,0.650000,0.000000,0.000000,0.0200,0.0000,0.670000,0.670000,0.150000,0.0100,False,0.5600,0.4400,False,BUY,BUY,EXECUTION_READY,VALID_SIGNAL,HIGH,False,
2026-05-19T15:14:26.744298+00:00,London,RANGING,15.00,0.0000,0.001000,0.650000,0.5500,0.650000,0.4500,0.650000,0.000000,0.000000,-0.0100,0.0000,0.625000,0.625000,0.150000,0.0100,False,0.5800,0.4200,False,BUY,BUY,EXECUTION_READY,VALID_SIGNAL,MEDIUM,False,
2026-05-19T15:14:26.748288+00:00,London,TRANSITIONING,32.50,0.5000,0.001000,0.650000,0.6000,0.650000,0.4000,0.650000,0.000000,0.000000,0.0200,0.0000,0.670000,0.670000,0.150000,0.0100,False,0.5600,0.4400,False,BUY,BUY,EXECUTION_READY,VALID_SIGNAL,HIGH,False,
2026-05-19T15:14:26.750282+00:00,London,TRENDING,41.27,0.7507,0.001000,0.650000,0.6251,0.650000,0.3749,0.650000,0.000000,0.000000,0.0200,0.0000,0.670000,0.670000,0.150000,0.0100,False,0.5600,0.4400,False,BUY,BUY,EXECUTION_READY,VALID_SIGNAL,HIGH,False,
2026-05-19T15:14:26.755245+00:00,London,RANGING,15.00,0.0000,0.001000,0.650000,0.5500,0.650000,0.4500,0.650000,0.000000,0.000000,-0.0100,0.0000,0.625000,0.625000,0.150000,0.0100,False,0.5800,0.4200,False,BUY,BUY,EXECUTION_READY,VALID_SIGNAL,MEDIUM,False,
2026-05-19T15:14:26.758375+00:00,London,RANGING,15.00,0.0000,0.001000,0.650000,0.5500,0.650000,0.4500,0.650000,0.000000,0.000000,-0.0100,0.0000,0.625000,0.625000,0.150000,0.0100,False,0.5800,0.4200,False,BUY,BUY,EXECUTION_READY,VALID_SIGNAL,MEDIUM,False,
2026-05-19T15:14:26.761370+00:00,London,TRANSITIONING,34.50,0.5572,0.001000,0.650000,0.6057,0.650000,0.3943,0.650000,0.000000,0.000000,0.0200,0.0000,0.670000,0.670000,0.150000,0.0100,False,0.5600,0.4400,False,BUY,BUY,EXECUTION_READY,VALID_SIGNAL,HIGH,False,
2026-05-19T15:14:26.765380+00:00,London,RANGING,16.20,0.0343,0.001000,0.650000,0.5534,0.650000,0.4466,0.650000,0.000000,0.000000,-0.0100,0.0000,0.640000,0.640000,0.150000,0.0100,False,0.5800,0.4200,False,BUY,BUY,EXECUTION_READY,VALID_SIGNAL,MEDIUM,False,
2026-05-19T15:14:26.767374+00:00,London,TRENDING,38.18,0.6624,0.001000,0.650000,0.6162,0.650000,0.3838,0.650000,0.000000,0.000000,0.0200,0.0000,0.670000,0.670000,0.150000,0.0100,False,0.5600,0.4400,False,BUY,BUY,EXECUTION_READY,VALID_SIGNAL,HIGH,False,
2026-05-19T15:14:26.771341+00:00,London,TRENDING,50.00,1.0000,0.001000,0.650000,0.6500,0.650000,0.3500,0.650000,0.000000,0.000000,0.0200,0.0000,0.670000,0.670000,0.150000,0.0100,False,0.5600,0.4400,False,BUY,BUY,EXECUTION_READY,VALID_SIGNAL,HIGH,False,
2026-05-19T15:14:26.775362+00:00,London,RANGING,15.00,0.0000,0.001000,0.650000,0.5500,0.650000,0.4500,0.650000,0.000000,0.000000,-0.0100,0.0000,0.625000,0.625000,0.150000,0.0100,False,0.5800,0.4200,False,BUY,BUY,EXECUTION_READY,VALID_SIGNAL,MEDIUM,False,
2026-05-19T15:14:26.779343+00:00,London,RANGING,15.00,0.0000,0.001000,0.650000,0.5500,0.650000,0.4500,0.650000,0.000000,0.000000,-0.0100,0.0000,0.625000,0.625000,0.150000,0.0100,False,0.5800,0.4200,False,BUY,BUY,EXECUTION_READY,VALID_SIGNAL,MEDIUM,False,
2026-05-19T15:14:26.782336+00:00,London,TRENDING,47.31,0.9232,0.001000,0.650000,0.6423,0.650000,0.3577,0.650000,0.000000,0.000000,0.0200,0.0000,0.670000,0.670000,0.150000,0.0100,False,0.5600,0.4400,False,BUY,BUY,EXECUTION_READY,VALID_SIGNAL,HIGH,False,
2026-05-19T15:14:26.787296+00:00,London,TRANSITIONING,34.19,0.5482,0.001000,0.650000,0.6048,0.650000,0.3952,0.650000,0.000000,0.000000,0.0200,0.0000,0.670000,0.670000,0.150000,0.0100,False,0.5600,0.4400,False,BUY,BUY,EXECUTION_READY,VALID_SIGNAL,HIGH,False,
2026-05-19T15:14:26.794510+00:00,London,RANGING,15.00,0.0000,0.001000,0.650000,0.5500,0.650000,0.4500,0.650000,0.000000,0.000000,-0.0100,0.0000,0.625000,0.625000,0.150000,0.0100,False,0.5800,0.4200,False,BUY,BUY,EXECUTION_READY,VALID_SIGNAL,MEDIUM,False,
2026-05-19T15:14:26.796502+00:00,London,TRENDING,46.39,0.8967,0.001000,0.650000,0.6397,0.650000,0.3603,0.650000,0.000000,0.000000,0.0200,0.0000,0.670000,0.670000,0.150000,0.0100,False,0.5600,0.4400,False,BUY,BUY,EXECUTION_READY,VALID_SIGNAL,HIGH,False,
2026-05-19T15:14:26.800493+00:00,London,RANGING,15.00,0.0000,0.001000,0.650000,0.5500,0.650000,0.4500,0.650000,0.000000,0.000000,-0.0100,0.0000,0.625000,0.625000,0.150000,0.0100,False,0.5800,0.4200,False,BUY,BUY,EXECUTION_READY,VALID_SIGNAL,MEDIUM,False,
2026-05-19T15:14:26.802488+00:00,London,TRENDING,44.02,0.8293,0.001000,0.650000,0.6329,0.650000,0.3671,0.650000,0.000000,0.000000,0.0200,0.0000,0.670000,0.670000,0.150000,0.0100,False,0.5600,0.4400,False,BUY,BUY,EXECUTION_READY,VALID_SIGNAL,HIGH,False,
2026-05-19T15:14:26.807442+00:00,London,RANGING,20.20,0.1485,0.001000,0.650000,0.5649,0.650000,0.4351,0.650000,0.000000,0.000000,-0.0100,0.0000,0.640000,0.640000,0.150000,0.0100,False,0.5800,0.4200,False,BUY,BUY,EXECUTION_READY,VALID_SIGNAL,MEDIUM,False,
2026-05-19T15:14:26.810459+00:00,London,TRANSITIONING,32.89,0.5113,0.001000,0.650000,0.6011,0.650000,0.3989,0.650000,0.000000,0.000000,0.0200,0.0000,0.670000,0.670000,0.150000,0.0100,False,0.5600,0.4400,False,BUY,BUY,EXECUTION_READY,VALID_SIGNAL,HIGH,False,
2026-05-19T15:14:26.813451+00:00,London,RANGING,20.99,0.1711,0.001000,0.650000,0.5671,0.650000,0.4329,0.650000,0.000000,0.000000,-0.0100,0.0000,0.640000,0.640000,0.150000,0.0100,False,0.5800,0.4200,False,BUY,BUY,EXECUTION_READY,VALID_SIGNAL,MEDIUM,False,
2026-05-19T15:14:26.816443+00:00,London,RANGING,18.83,0.1094,0.001000,0.650000,0.5609,0.650000,0.4391,0.650000,0.000000,0.000000,-0.0100,0.0000,0.640000,0.640000,0.150000,0.0100,False,0.5800,0.4200,False,BUY,BUY,EXECUTION_READY,VALID_SIGNAL,MEDIUM,False,
2026-05-19T15:14:26.818438+00:00,London,TRANSITIONING,31.91,0.4830,0.001000,0.650000,0.5983,0.650000,0.4017,0.650000,0.000000,0.000000,0.0100,0.0000,0.660000,0.660000,0.150000,0.0100,False,0.5600,0.4400,False,BUY,BUY,EXECUTION_READY,VALID_SIGNAL,HIGH,False,
2026-05-19T15:14:26.822513+00:00,London,TRENDING,39.82,0.7091,0.001000,0.650000,0.6209,0.650000,0.3791,0.650000,0.000000,0.000000,0.0200,0.0000,0.670000,0.670000,0.150000,0.0100,False,0.5600,0.4400,False,BUY,BUY,EXECUTION_READY,VALID_SIGNAL,HIGH,False,
2026-05-19T15:14:26.825504+00:00,London,TRENDING,49.68,0.9909,0.001000,0.650000,0.6491,0.650000,0.3509,0.650000,0.000000,0.000000,0.0200,0.0000,0.670000,0.670000,0.150000,0.0100,False,0.5600,0.4400,False,BUY,BUY,EXECUTION_READY,VALID_SIGNAL,HIGH,False,
2026-05-19T15:14:26.828496+00:00,London,RANGING,21.44,0.1840,0.001000,0.650000,0.5684,0.650000,0.4316,0.650000,0.000000,0.000000,-0.0100,0.0000,0.640000,0.640000,0.150000,0.0100,False,0.5800,0.4200,False,BUY,BUY,EXECUTION_READY,VALID_SIGNAL,MEDIUM,False,
2026-05-19T15:14:27.647688+00:00,Pacific,RANGING,18.50,0.1000,0.001000,0.800000,0.5600,0.700000,0.4400,0.756000,0.100000,0.030000,0.0000,0.0000,0.726000,0.726000,0.226000,0.0100,False,0.5800,0.4200,False,BUY,BUY,EXECUTION_READY,VALID_SIGNAL,HIGH,False,
2026-05-19T15:14:27.653674+00:00,London,RANGING,18.50,0.1000,0.001000,0.650000,0.5600,0.650000,0.4400,0.650000,0.000000,0.000000,-0.0100,0.0000,0.640000,0.640000,0.150000,0.0100,False,0.6200,0.3800,False,BUY,BUY,EXECUTION_READY,VALID_SIGNAL,MEDIUM,False,
2026-05-19T15:14:27.656691+00:00,London,TRANSITIONING,25.50,0.3000,0.001000,0.650000,0.5800,0.650000,0.4200,0.650000,0.000000,0.000000,0.0100,0.0000,0.660000,0.660000,0.150000,0.0100,False,0.6200,0.3800,False,BUY,BUY,EXECUTION_READY,VALID_SIGNAL,HIGH,False,
2026-05-19T15:14:27.657688+00:00,London,TRANSITIONING,32.50,0.5000,0.001000,0.650000,0.6000,0.650000,0.4000,0.650000,0.000000,0.000000,0.0200,0.0000,0.670000,0.670000,0.150000,0.0100,False,0.6200,0.3800,False,BUY,BUY,EXECUTION_READY,VALID_SIGNAL,HIGH,False,
2026-05-19T15:14:27.659657+00:00,London,TRENDING,43.00,0.8000,0.001000,0.650000,0.6300,0.650000,0.3700,0.650000,0.000000,0.000000,0.0200,0.0000,0.670000,0.670000,0.150000,0.0100,False,0.6200,0.3800,False,BUY,BUY,EXECUTION_READY,VALID_SIGNAL,HIGH,False,
2026-05-19T15:14:35.696618+00:00,London,TRANSITIONING,25.00,0.2857,0.001000,0.700000,0.5786,0.500000,0.4214,0.615714,0.200000,0.060000,-0.0100,-0.0098,0.535882,0.535882,0.055714,0.0100,False,0.5700,0.4300,False,HOLD,BUY,THRESHOLD_CHECK,BELOW_THRESHOLD,LOW,False,HOLD: Final 0.5359 between BUY>0.5700 and SELL<0.4300
2026-05-19T15:14:35.698613+00:00,London,TRANSITIONING,25.00,0.2857,0.001000,0.285714,0.5786,0.500000,0.4214,0.376020,0.214286,0.064286,-0.0100,-0.0098,0.420474,0.420474,0.059694,0.0100,False,0.5700,0.4300,False,SELL,SELL,EXECUTION_READY,VALID_SIGNAL,LOW,False,
2026-05-19T15:14:35.700607+00:00,London,RF_NOISE,25.00,0.2857,0.001000,0.439716,0.5500,0.500000,0.4500,0.500000,0.060284,0.000000,0.0000,0.0000,0.500000,0.500000,0.000000,0.0000,False,0.6000,0.4000,False,HOLD,NONE,SCORE_FLOOR,RF_NOISE_ZONE,LOW,False,"RF_NOISE_GATE: rf_prob=0.5000 in [0.4, 0.6]"
2026-05-19T15:14:35.710652+00:00,London,RF_NOISE,25.00,0.2857,0.001000,0.473684,0.5500,0.500000,0.4500,0.500000,0.026316,0.000000,0.0000,0.0000,0.500000,0.500000,0.000000,0.0000,False,0.6000,0.4000,False,HOLD,NONE,SCORE_FLOOR,RF_NOISE_ZONE,LOW,False,"RF_NOISE_GATE: rf_prob=0.5000 in [0.4, 0.6]"
2026-05-19T15:14:35.711653+00:00,London,RF_NOISE,25.00,0.2857,0.001000,0.439716,0.5500,0.500000,0.4500,0.500000,0.060284,0.000000,0.0000,0.0000,0.500000,0.500000,0.000000,0.0000,False,0.6000,0.4000,False,HOLD,NONE,SCORE_FLOOR,RF_NOISE_ZONE,LOW,False,"RF_NOISE_GATE: rf_prob=0.5000 in [0.4, 0.6]"
2026-05-19T15:14:35.712647+00:00,London,RF_NOISE,25.00,0.2857,0.001000,0.435294,0.5500,0.500000,0.4500,0.500000,0.064706,0.000000,0.0000,0.0000,0.500000,0.500000,0.000000,0.0000,False,0.6000,0.4000,False,HOLD,NONE,SCORE_FLOOR,RF_NOISE_ZONE,LOW,False,"RF_NOISE_GATE: rf_prob=0.5000 in [0.4, 0.6]"
2026-05-19T15:14:35.713645+00:00,London,RF_NOISE,25.00,0.2857,0.001000,0.435294,0.5500,0.500000,0.4500,0.500000,0.064706,0.000000,0.0000,0.0000,0.500000,0.500000,0.000000,0.0000,False,0.6000,0.4000,False,HOLD,NONE,SCORE_FLOOR,RF_NOISE_ZONE,LOW,False,"RF_NOISE_GATE: rf_prob=0.5000 in [0.4, 0.6]"
2026-05-19T15:14:35.714643+00:00,London,RF_NOISE,25.00,0.2857,0.001000,0.439716,0.5500,0.500000,0.4500,0.500000,0.060284,0.000000,0.0000,0.0000,0.500000,0.500000,0.000000,0.0000,False,0.6000,0.4000,False,HOLD,NONE,SCORE_FLOOR,RF_NOISE_ZONE,LOW,False,"RF_NOISE_GATE: rf_prob=0.5000 in [0.4, 0.6]"
2026-05-19T15:14:35.715639+00:00,London,RF_NOISE,25.00,0.2857,0.001000,0.439716,0.5500,0.500000,0.4500,0.500000,0.060284,0.000000,0.0000,0.0000,0.500000,0.500000,0.000000,0.0000,False,0.6000,0.4000,False,HOLD,NONE,SCORE_FLOOR,RF_NOISE_ZONE,LOW,False,"RF_NOISE_GATE: rf_prob=0.5000 in [0.4, 0.6]"
2026-05-19T15:14:35.716637+00:00,London,RF_NOISE,25.00,0.2857,0.001000,0.439716,0.5500,0.500000,0.4500,0.500000,0.060284,0.000000,0.0000,0.0000,0.500000,0.500000,0.000000,0.0000,False,0.6000,0.4000,False,HOLD,NONE,SCORE_FLOOR,RF_NOISE_ZONE,LOW,False,"RF_NOISE_GATE: rf_prob=0.5000 in [0.4, 0.6]"
2026-05-19T15:14:35.718633+00:00,London,RF_NOISE,25.00,0.2857,0.001000,0.473684,0.5500,0.500000,0.4500,0.500000,0.026316,0.000000,0.0000,0.0000,0.500000,0.500000,0.000000,0.0000,False,0.6000,0.4000,False,HOLD,NONE,SCORE_FLOOR,RF_NOISE_ZONE,LOW,False,"RF_NOISE_GATE: rf_prob=0.5000 in [0.4, 0.6]"
2026-05-19T15:14:35.719630+00:00,London,RF_NOISE,25.00,0.2857,0.001000,0.439716,0.5500,0.500000,0.4500,0.500000,0.060284,0.000000,0.0000,0.0000,0.500000,0.500000,0.000000,0.0000,False,0.6000,0.4000,False,HOLD,NONE,SCORE_FLOOR,RF_NOISE_ZONE,LOW,False,"RF_NOISE_GATE: rf_prob=0.5000 in [0.4, 0.6]"
2026-05-19T15:14:35.720626+00:00,London,RF_NOISE,25.00,0.2857,0.001000,0.439716,0.5500,0.500000,0.4500,0.500000,0.060284,0.000000,0.0000,0.0000,0.500000,0.500000,0.000000,0.0000,False,0.6000,0.4000,False,HOLD,NONE,SCORE_FLOOR,RF_NOISE_ZONE,LOW,False,"RF_NOISE_GATE: rf_prob=0.5000 in [0.4, 0.6]"
2026-05-19T15:14:35.721623+00:00,London,RF_NOISE,25.00,0.2857,0.001000,0.439716,0.5500,0.500000,0.4500,0.500000,0.060284,0.000000,0.0000,0.0000,0.500000,0.500000,0.000000,0.0000,False,0.6000,0.4000,False,HOLD,NONE,SCORE_FLOOR,RF_NOISE_ZONE,LOW,False,"RF_NOISE_GATE: rf_prob=0.5000 in [0.4, 0.6]"
2026-05-19T15:14:35.722621+00:00,London,RF_NOISE,25.00,0.2857,0.001000,0.439716,0.5500,0.500000,0.4500,0.500000,0.060284,0.000000,0.0000,0.0000,0.500000,0.500000,0.000000,0.0000,False,0.6000,0.4000,False,HOLD,NONE,SCORE_FLOOR,RF_NOISE_ZONE,LOW,False,"RF_NOISE_GATE: rf_prob=0.5000 in [0.4, 0.6]"
2026-05-19T15:14:35.723617+00:00,London,RF_NOISE,25.00,0.2857,0.001000,0.435294,0.5500,0.500000,0.4500,0.500000,0.064706,0.000000,0.0000,0.0000,0.500000,0.500000,0.000000,0.0000,False,0.6000,0.4000,False,HOLD,NONE,SCORE_FLOOR,RF_NOISE_ZONE,LOW,False,"RF_NOISE_GATE: rf_prob=0.5000 in [0.4, 0.6]"
2026-05-19T15:14:35.724616+00:00,London,RF_NOISE,25.00,0.2857,0.001000,0.473684,0.5500,0.500000,0.4500,0.500000,0.026316,0.000000,0.0000,0.0000,0.500000,0.500000,0.000000,0.0000,False,0.6000,0.4000,False,HOLD,NONE,SCORE_FLOOR,RF_NOISE_ZONE,LOW,False,"RF_NOISE_GATE: rf_prob=0.5000 in [0.4, 0.6]"
2026-05-19T15:14:35.726310+00:00,London,RF_NOISE,25.00,0.2857,0.001000,0.439716,0.5500,0.500000,0.4500,0.500000,0.060284,0.000000,0.0000,0.0000,0.500000,0.500000,0.000000,0.0000,False,0.6000,0.4000,False,HOLD,NONE,SCORE_FLOOR,RF_NOISE_ZONE,LOW,False,"RF_NOISE_GATE: rf_prob=0.5000 in [0.4, 0.6]"
2026-05-19T15:14:35.727308+00:00,London,TRANSITIONING,25.00,0.2857,0.001000,0.285714,0.5786,0.500000,0.4214,0.376020,0.214286,0.064286,-0.0100,-0.0098,0.420474,0.420474,0.059694,0.0100,False,0.5700,0.4300,False,SELL,SELL,EXECUTION_READY,VALID_SIGNAL,LOW,False,
2026-05-19T15:14:35.729302+00:00,London,RF_NOISE,25.00,0.2857,0.001000,0.439716,0.5500,0.500000,0.4500,0.500000,0.060284,0.000000,0.0000,0.0000,0.500000,0.500000,0.000000,0.0000,False,0.6000,0.4000,False,HOLD,NONE,SCORE_FLOOR,RF_NOISE_ZONE,LOW,False,"RF_NOISE_GATE: rf_prob=0.5000 in [0.4, 0.6]"
2026-05-19T15:14:35.730299+00:00,London,RF_NOISE,25.00,0.2857,0.001000,0.439716,0.5500,0.500000,0.4500,0.500000,0.060284,0.000000,0.0000,0.0000,0.500000,0.500000,0.000000,0.0000,False,0.6000,0.4000,False,HOLD,NONE,SCORE_FLOOR,RF_NOISE_ZONE,LOW,False,"RF_NOISE_GATE: rf_prob=0.5000 in [0.4, 0.6]"
2026-05-19T15:14:35.731297+00:00,London,RF_NOISE,25.00,0.2857,0.001000,0.439716,0.5500,0.500000,0.4500,0.500000,0.060284,0.000000,0.0000,0.0000,0.500000,0.500000,0.000000,0.0000,False,0.6000,0.4000,False,HOLD,NONE,SCORE_FLOOR,RF_NOISE_ZONE,LOW,False,"RF_NOISE_GATE: rf_prob=0.5000 in [0.4, 0.6]"
2026-05-19T15:14:35.732294+00:00,London,RF_NOISE,25.00,0.2857,0.001000,0.473684,0.5500,0.500000,0.4500,0.500000,0.026316,0.000000,0.0000,0.0000,0.500000,0.500000,0.000000,0.0000,False,0.6000,0.4000,False,HOLD,NONE,SCORE_FLOOR,RF_NOISE_ZONE,LOW,False,"RF_NOISE_GATE: rf_prob=0.5000 in [0.4, 0.6]"
2026-05-19T15:14:35.746073+00:00,London,TRANSITIONING,25.00,0.2857,0.001000,0.285714,0.5786,0.500000,0.4214,0.376020,0.214286,0.064286,-0.0100,-0.0098,0.420474,0.420474,0.059694,0.0100,False,0.5700,0.4300,False,SELL,SELL,EXECUTION_READY,VALID_SIGNAL,LOW,False,
2026-05-19T15:14:35.748069+00:00,London,RF_NOISE,25.00,0.2857,0.001000,0.439716,0.5500,0.500000,0.4500,0.500000,0.060284,0.000000,0.0000,0.0000,0.500000,0.500000,0.000000,0.0000,False,0.6000,0.4000,False,HOLD,NONE,SCORE_FLOOR,RF_NOISE_ZONE,LOW,False,"RF_NOISE_GATE: rf_prob=0.5000 in [0.4, 0.6]"
2026-05-19T15:14:35.749065+00:00,London,RF_NOISE,25.00,0.2857,0.001000,0.473684,0.5500,0.500000,0.4500,0.500000,0.026316,0.000000,0.0000,0.0000,0.500000,0.500000,0.000000,0.0000,False,0.6000,0.4000,False,HOLD,NONE,SCORE_FLOOR,RF_NOISE_ZONE,LOW,False,"RF_NOISE_GATE: rf_prob=0.5000 in [0.4, 0.6]"
2026-05-19T15:14:35.749065+00:00,London,RF_NOISE,25.00,0.2857,0.001000,0.439716,0.5500,0.500000,0.4500,0.500000,0.060284,0.000000,0.0000,0.0000,0.500000,0.500000,0.000000,0.0000,False,0.6000,0.4000,False,HOLD,NONE,SCORE_FLOOR,RF_NOISE_ZONE,LOW,False,"RF_NOISE_GATE: rf_prob=0.5000 in [0.4, 0.6]"
2026-05-19T15:14:35.750062+00:00,London,RF_NOISE,25.00,0.2857,0.001000,0.439716,0.5500,0.500000,0.4500,0.500000,0.060284,0.000000,0.0000,0.0000,0.500000,0.500000,0.000000,0.0000,False,0.6000,0.4000,False,HOLD,NONE,SCORE_FLOOR,RF_NOISE_ZONE,LOW,False,"RF_NOISE_GATE: rf_prob=0.5000 in [0.4, 0.6]"
2026-05-19T15:15:58.664872+00:00,London,TRANSITIONING,33.43,0.5266,0.000479,0.852713,0.6027,0.554336,0.3973,0.734155,0.298377,0.089513,0.0200,0.0021,0.646712,0.646712,0.144642,0.0100,False,0.5600,0.4400,False,BUY,BUY,EXECUTION_READY,VALID_SIGNAL,MEDIUM,False,
