DXY,BB_Pos,RSI,ATR,Volatility
100.03099822998047,-94.64960937500291,29.05858134389004,26.633402576903386,0
